problem-id,NLI Premise,NLI Hypothesis,Gold Label
1238621,They are coloured gray-green to bright green and measure up to 1 cm long.,They are coloured gray-green to bright green and measure up to 1 centimeters long.,entailment
1247702,The fruit body of the fungus has a circular to fan-shaped of semicircular cap measuring 1 cm in diameter.,The fruit body of the fungus has a circular to fan-shaped of semicircular cap measuring 1 centimeters in diameter.,entailment
1284296,Leodia sexiesperforata inhabits the seabed and buries itself in the soft sediment to a depth of 2 cm or so.,Leodia sexiesperforata inhabits the seabed and buries itself in the soft sediment to a depth of 2 centimeters or so.,entailment
1315687,"They are a typical size for kiilifish, the males are 3 cm while the females are slightly smaller.","They are a typical size for kiilifish, the males are 3 centimeters while the females are slightly smaller.",entailment
1219661,"Its subcoriaceous leaves are elliptic to obovate in shape, coloured dark brown and measure up to 3 cm long.","Its subcoriaceous leaves are elliptic to obovate in shape, coloured dark brown and measure up to 3 centimeters long.",entailment
1241342,This species can reach a length of 4 cm SL.,This species can reach a length of 4 centimeters SL.,entailment
1307878,"The leaves are silver-grey stellate tomentose, shaped oblong elliptic and measure up to 5 cm long.","The leaves are silver-grey stellate tomentose, shaped oblong elliptic and measure up to 5 centimeters long.",entailment
1278963,Nephasoma rimicola grows to a maximum length of about 6 cm .,Nephasoma rimicola grows to a maximum length of about 6 centimeters .,entailment
1250174,The simple or compound inflorescence has four to twelve primary branches up to a length of approximately 6 cm but usually shorter.,The simple or compound inflorescence has four to twelve primary branches up to a length of approximately 6 centimeters but usually shorter.,entailment
1296483,G. horsfieldii may attain a snout-to-vent length (SVL) of 8 cm .,G. horsfieldii may attain a snout-to-vent length (SVL) of 8 centimeters .,entailment
1324021,"This species is a mouthbrooder, and grows to a length of around 9 cm SL.","This species is a mouthbrooder, and grows to a length of around 9 centimeters SL.",entailment
1335833,"The thallus of the lichen is foliose, with a grey colour, and measures up to 10 cm across.","The thallus of the lichen is foliose, with a grey colour, and measures up to 10 centimeters across.",entailment
1252706,"It primarily feeds on benthic invertebrates such as crabs and molluscs, and can grow to lengths of 10 cm .","It primarily feeds on benthic invertebrates such as crabs and molluscs, and can grow to lengths of 10 centimeters .",entailment
1300805,"Its leaf rosettes usually develop several, up to about 10 cm long runners, at the end of which daughter rosettes appear.","Its leaf rosettes usually develop several, up to about 10 centimeters long runners, at the end of which daughter rosettes appear.",entailment
1227134,It can reach sizes of up to 12 cm TL.,It can reach sizes of up to 12 centimeters TL.,entailment
1258550,He was born without arms and a leg 12 cm shorter than the other.,He was born without arms and a leg 12 centimeters shorter than the other.,entailment
1231543,The largest species of Dichotomyctere reach up to 17 cm in length.,The largest species of Dichotomyctere reach up to 17 centimeters in length.,entailment
1229051,The inscribed runes are 17 cm tall and are inscribed on the widest side.,The inscribed runes are 17 centimeters tall and are inscribed on the widest side.,entailment
1294792,This annual plant grows roughly to a height of 20 cm before it releases seeds and dies.,This annual plant grows roughly to a height of 20 centimeters before it releases seeds and dies.,entailment
1308184,"The Guinean striped mojarra grows to a maximum length of 20 cm and has a compact, laterally compressed body.","The Guinean striped mojarra grows to a maximum length of 20 centimeters and has a compact, laterally compressed body.",entailment
1247163,It grows to a length of about 20 cm and lives in a burrow in soft sediment in the intertidal and subtidal zones.,It grows to a length of about 20 centimeters and lives in a burrow in soft sediment in the intertidal and subtidal zones.,entailment
1312890,It is endemic to Mongolia and has a maximum length of 23 cm .,It is endemic to Mongolia and has a maximum length of 23 centimeters .,entailment
1310968,"This time, six buildings sagged as much as 23 cm within a few hours.","This time, six buildings sagged as much as 23 centimeters within a few hours.",entailment
1306667,It inhabits inland wetlands in Asia and has a maximum length of 23 cm .,It inhabits inland wetlands in Asia and has a maximum length of 23 centimeters .,entailment
1261845,"Helianthemum canariense is a short, densely branched shrub up to 25 cm tall.","Helianthemum canariense is a short, densely branched shrub up to 25 centimeters tall.",entailment
1218832,"Many of the stalagmites are 25 cm long with long sections of superimposed, soda-straw, conical ring-type tubes with pitted pockets.","Many of the stalagmites are 25 centimeters long with long sections of superimposed, soda-straw, conical ring-type tubes with pitted pockets.",entailment
1300810,"Felicia bergeriana is a richly branching, hairy annual plant of up to 25 cm high that is assigned to the daisy family.","Felicia bergeriana is a richly branching, hairy annual plant of up to 25 centimeters high that is assigned to the daisy family.",entailment
1281197,"At certain areas in the northwestern parts of the island, the earthquake caused the ground to rise by as much as 25 cm .","At certain areas in the northwestern parts of the island, the earthquake caused the ground to rise by as much as 25 centimeters .",entailment
1252522,The trunk can reach 30 cm in diameter and the bark exudes an astringent gum.,The trunk can reach 30 centimeters in diameter and the bark exudes an astringent gum.,entailment
1277150,the ship was armed with a main battery of twelve  30 cm guns in four triple turrets.,the ship was armed with a main battery of twelve  30 centimeters guns in four triple turrets.,entailment
1253956,It grows to a maximum length of 33 cm .,It grows to a maximum length of 33 centimeters .,entailment
1285299,"It was 35 cm in length with a large red bill and long, rounded tail feathers.","It was 35 centimeters in length with a large red bill and long, rounded tail feathers.",entailment
1303288,"Boronia montimulliganensis is an erect, woody shrub that grows to a height of at least 35 cm tall.","Boronia montimulliganensis is an erect, woody shrub that grows to a height of at least 35 centimeters tall.",entailment
1325391,Pelargonium coronopifolium is a subshrub of up to 40 cm high.,Pelargonium coronopifolium is a subshrub of up to 40 centimeters high.,entailment
1310601,"tenella'' is a delicate, annual, often richly branched, herbaceous plant of up to 45 cm high.","tenella'' is a delicate, annual, often richly branched, herbaceous plant of up to 45 centimeters high.",entailment
1327376,Melhania substricta grows as a subshrub up to 50 cm tall.,Melhania substricta grows as a subshrub up to 50 centimeters tall.,entailment
1333993,Melhania volleseniana grows as a herb up to 50 cm tall.,Melhania volleseniana grows as a herb up to 50 centimeters tall.,entailment
1330675,"Cheiranthera alternifolia is a small understory, scrambling, perennial shrub to 50 cm with smooth stems.","Cheiranthera alternifolia is a small understory, scrambling, perennial shrub to 50 centimeters with smooth stems.",entailment
1300519,"Boronia coriacea is a small ericoid shrub that grows to a height of 50 cm with more or less glabrous stems, leaves and flowers.","Boronia coriacea is a small ericoid shrub that grows to a height of 50 centimeters with more or less glabrous stems, leaves and flowers.",entailment
1232324,"As with other members of the Atoposauridae, Knoetschkesuchus is very small, with K. guimarotae measuring only 55 cm long at maximum.","As with other members of the Atoposauridae, Knoetschkesuchus is very small, with K. guimarotae measuring only 55 centimeters long at maximum.",entailment
1306470,It inhabits Myanmar and Thailand and has a maximum length of 60 cm .,It inhabits Myanmar and Thailand and has a maximum length of 60 centimeters .,entailment
1243351,"They are up to about 60 cm long, and brownish above with a heavily mottled, blotched or barred dark pattern.","They are up to about 60 centimeters long, and brownish above with a heavily mottled, blotched or barred dark pattern.",entailment
1251740,"The fragments have been restored to reconstruct a single but incomplete vessel, 67 cm high, which is now displayed at the British Museum in London.","The fragments have been restored to reconstruct a single but incomplete vessel, 67 centimeters high, which is now displayed at the British Museum in London.",entailment
1247965,"The staff is 118 cm long, and has a knob at one end and three prongs at the other.","The staff is 118 centimeters long, and has a knob at one end and three prongs at the other.",entailment
1306539,"The trunk often has small buttresses and is straight and cylindrical, up to 200 cm in diameter.","The trunk often has small buttresses and is straight and cylindrical, up to 200 centimeters in diameter.",entailment
1308494,"The unbuttressed trunk is cylindrical, with a diameter of up to 200 cm or more, the lower half usually being devoid of branches.","The unbuttressed trunk is cylindrical, with a diameter of up to 200 centimeters or more, the lower half usually being devoid of branches.",entailment
1307544,"Echinochloa pyramidalis is a large, perennial, reed-like grass growing to a height of about 300 cm or even taller.","Echinochloa pyramidalis is a large, perennial, reed-like grass growing to a height of about 300 centimeters or even taller.",entailment
1296376,Leaves are borne at the end of a long petiole; the combined length of the leaf sheath and petiole averages 319 cm .,Leaves are borne at the end of a long petiole; the combined length of the leaf sheath and petiole averages 319 centimeters .,entailment
1297866,The coffee capsules consist of a plastic cylinder containing up to 7 grams of ground coffee that is vacuum-pressed and sealed by an aluminum cap.,The coffee capsules consist of a plastic cylinder containing up to 7 gr of ground coffee that is vacuum-pressed and sealed by an aluminum cap.,entailment
1223195,The punishment for small amounts (up to 9 grams ) for personal use is typically a fine.,The punishment for small amounts (up to 9 gr ) for personal use is typically a fine.,entailment
1280942,"It weighs 9 grams and supports features such as air commands, translation of on-screen text, screen-off memos, and live messages.","It weighs 9 gr and supports features such as air commands, translation of on-screen text, screen-off memos, and live messages.",entailment
1212192,"For beta counters, a sample weighing at least 10 grams is typically required.","For beta counters, a sample weighing at least 10 gr is typically required.",entailment
1273526,"Aerolite Meteorites currently holds the main mass, while a 22 grams mass is held at the University of New Mexico’s Institute of Meteoritics.","Aerolite Meteorites currently holds the main mass, while a 22 gr mass is held at the University of New Mexico’s Institute of Meteoritics.",entailment
1333801,"A fragment, weighing 39 grams is held by the National Museum of Natural History, France.","A fragment, weighing 39 gr is held by the National Museum of Natural History, France.",entailment
1273415,"Based on the mean of several extrapolations from the size of its teeth, Vulcanops jennyworthyae would have weighed slightly less than 40 grams .","Based on the mean of several extrapolations from the size of its teeth, Vulcanops jennyworthyae would have weighed slightly less than 40 gr .",entailment
1289884,"This collection, including the main fragment of Jodzie meteorite weighing 48 grams , was obtained by the Field Museum of Natural History.","This collection, including the main fragment of Jodzie meteorite weighing 48 gr , was obtained by the Field Museum of Natural History.",entailment
1297932,"Found in lowland palm savanna and thorn scrub habitats, it is a medium-sized rat, weighing about 50 grams .","Found in lowland palm savanna and thorn scrub habitats, it is a medium-sized rat, weighing about 50 gr .",entailment
1228381,"Incubation can be an energetically demanding process; adult albatrosses, for instance, lose as much as 83 grams of body weight per day of incubation.","Incubation can be an energetically demanding process; adult albatrosses, for instance, lose as much as 83 gr of body weight per day of incubation.",entailment
1223196,Larger quantities (more than 100 grams ) generally results in a prison sentence.,Larger quantities (more than 100 gr ) generally results in a prison sentence.,entailment
1248698,"Allan was still 100 grams above the weight limit, and so was disqualified from the event.","Allan was still 100 gr above the weight limit, and so was disqualified from the event.",entailment
1251732,"According to the law, anyone in possession of more than 100 grams of heroin or morphine was subject to the death sentence or life imprisonment.","According to the law, anyone in possession of more than 100 gr of heroin or morphine was subject to the death sentence or life imprisonment.",entailment
1249986,"In an experiment, one fruit body lifted 204 grams , giving an upward pressure of the stipe of two thirds of an atmosphere.","In an experiment, one fruit body lifted 204 gr , giving an upward pressure of the stipe of two thirds of an atmosphere.",entailment
1230913,The total weight of the hoard is 285 grams .,The total weight of the hoard is 285 gr .,entailment
1330615,"Giant mouse lemurs weigh approximately 300 grams and have a long, bushy tail.","Giant mouse lemurs weigh approximately 300 gr and have a long, bushy tail.",entailment
1249308,"Weighing around 350 grams or more, they are some of the largest members of the family of dwarf and mouse lemurs in the suborder Strepsirrhini.","Weighing around 350 gr or more, they are some of the largest members of the family of dwarf and mouse lemurs in the suborder Strepsirrhini.",entailment
1270838,A body mass of 400 grams has been estimated for Micodon.,A body mass of 400 gr has been estimated for Micodon.,entailment
1311315,"450 grams of steak per person insured daily to the people, sweet fruit and coffee.","450 gr of steak per person insured daily to the people, sweet fruit and coffee.",entailment
1311316,"When all have 450 grams of insured meat, nobody will need to steal and kill.","When all have 450 gr of insured meat, nobody will need to steal and kill.",entailment
1264598,IBU rules require that the trigger pull weight must be at least 500 grams .,IBU rules require that the trigger pull weight must be at least 500 gr .,entailment
1245017,"Once teams had 500 grams , the head chef would give them their next clue.","Once teams had 500 gr , the head chef would give them their next clue.",entailment
1226643,"The gegeol radish, smaller and firmer than regular Korean radishes, weighs about 500 grams , including the taproot and the greens.","The gegeol radish, smaller and firmer than regular Korean radishes, weighs about 500 gr , including the taproot and the greens.",entailment
1333256,One female was found to have weighed 1260 grams .,One female was found to have weighed 1260 gr .,entailment
1243717,"When teams acquired 2 kilograms of gems, they would receive their next clue.","When teams acquired 2 kg of gems, they would receive their next clue.",entailment
1268895,The elephant trunkfish grazes on the seabed and can weigh up to 4 kilograms,The elephant trunkfish grazes on the seabed and can weigh up to 4 kg,entailment
1288602,"The six black pieces of the meteorite fit together to form a larger meteorite, weighing 5 kilograms .","The six black pieces of the meteorite fit together to form a larger meteorite, weighing 5 kg .",entailment
1301638,"He eventually resolved to abandon the portable boat and five of the group's rifles, reducing each man's load by 7 kilograms .","He eventually resolved to abandon the portable boat and five of the group's rifles, reducing each man's load by 7 kg .",entailment
1307559,"The largest known Sommen charr weighed almost 9 kilograms , and was for a while the largest Arctic charr fished in Sweden.","The largest known Sommen charr weighed almost 9 kg , and was for a while the largest Arctic charr fished in Sweden.",entailment
1225155,The root of the wild sweet potato can weigh 10 kilograms or more,The root of the wild sweet potato can weigh 10 kg or more,entailment
1276951,In LMGTE Am Porsche had 10 kilograms of ballast added to their cars and the same amount removed from the Fords.,In LMGTE Am Porsche had 10 kg of ballast added to their cars and the same amount removed from the Fords.,entailment
1321590,"In their first conversation, they discussed a 15 kilograms cocaine shipment.","In their first conversation, they discussed a 15 kg cocaine shipment.",entailment
1217792,"They raided the home and found a nail bomb, 15 kilograms of acetone peroxide, hydrogen peroxide, and an ISIL flag.","They raided the home and found a nail bomb, 15 kg of acetone peroxide, hydrogen peroxide, and an ISIL flag.",entailment
1236782,"An 18 kilograms meteorite was discovered frozen in ice on the Nansen ice field by a Search for Antarctic Meteorites, Belgian Approach (SAMBA) mission.","An 18 kg meteorite was discovered frozen in ice on the Nansen ice field by a Search for Antarctic Meteorites, Belgian Approach (SAMBA) mission.",entailment
1281409,"The Raybolt system weight about 20 kilograms , which its manufacturer describes as lighter than peers.","The Raybolt system weight about 20 kg , which its manufacturer describes as lighter than peers.",entailment
1314219,"Sable, who was overweight, managed to lose 20 kilograms in three months, before joining the national camp where he was trained by Nikolai Snesarev.","Sable, who was overweight, managed to lose 20 kg in three months, before joining the national camp where he was trained by Nikolai Snesarev.",entailment
1294534,"The rover would carry a science payload of 23 kilograms , including a robotic arm.","The rover would carry a science payload of 23 kg , including a robotic arm.",entailment
1266258,"The aircraft, without the wing fitted, has an empty weight of 25 kilograms .","The aircraft, without the wing fitted, has an empty weight of 25 kg .",entailment
1232803,"There were plantations and ranches, but the schools largely depended on contributions by parents of about 25 kilograms of flour per pupil per year.","There were plantations and ranches, but the schools largely depended on contributions by parents of about 25 kg of flour per pupil per year.",entailment
1295720,Increased weight of the tail structure necessitated carrying 32 kilograms of ballast in the nose.,Increased weight of the tail structure necessitated carrying 32 kg of ballast in the nose.,entailment
1283743,"The chassis would become more rigid and lightweight, losing 36 kilograms .","The chassis would become more rigid and lightweight, losing 36 kg .",entailment
1244252,Around 50 kilograms of gold were used for the utensils in this room.,Around 50 kg of gold were used for the utensils in this room.,entailment
1218368,"Manoranjan Roy (born ) is a Bangladeshi male weightlifter, competing in the 77 kilograms category and representing Bangladesh at international competitions.","Manoranjan Roy (born ) is a Bangladeshi male weightlifter, competing in the 77 kg category and representing Bangladesh at international competitions.",entailment
1330046,"Nevertheless, the weight of the new basic structure was reduced by 100 kilograms .","Nevertheless, the weight of the new basic structure was reduced by 100 kg .",entailment
1235226,The bike weighs 182 kilograms and is classified as a tourer.,The bike weighs 182 kg and is classified as a tourer.,entailment
1286417,A two-seater aircraft which has a payload capacity of 200 kilograms is planned for development..,A two-seater aircraft which has a payload capacity of 200 kg is planned for development..,entailment
1317619,"The new wing was metal-skinned, with readily removed panels for internal inspection, though fabric-covering was an option, yielding an extra 200 kilograms of payload.","The new wing was metal-skinned, with readily removed panels for internal inspection, though fabric-covering was an option, yielding an extra 200 kg of payload.",entailment
1330314,Rob Kearney's lift of 214 kilograms is an American record.,Rob Kearney's lift of 214 kg is an American record.,entailment
1278151,"High-Explosive - Steel shell loaded with TNT, 218 kilograms .","High-Explosive - Steel shell loaded with TNT, 218 kg .",entailment
1228272,"In his third attempt, Sarychev raised it even further, pressing 335 kilograms .","In his third attempt, Sarychev raised it even further, pressing 335 kg .",entailment
1265482,The aircraft has a maximum gross weight of 400 kilograms .,The aircraft has a maximum gross weight of 400 kg .,entailment
1242182,The AFG weighed only 400 kilograms due to the use of Alpax to produce a unitary-style chassis and the use of aluminum for the bodywork.,The AFG weighed only 400 kg due to the use of Alpax to produce a unitary-style chassis and the use of aluminum for the bodywork.,entailment
1253214,The elevator lifts from the basement to the fourth floor not more than 450 kilograms .,The elevator lifts from the basement to the fourth floor not more than 450 kg .,entailment
1265314,"The Explorer was designed to comply with the Fédération Aéronautique Internationale microlight category, including the category's maximum gross weight of 450 kilograms .","The Explorer was designed to comply with the Fédération Aéronautique Internationale microlight category, including the category's maximum gross weight of 450 kg .",entailment
1330223,^ Eddie Hall's lift of 500 kilograms is the current equipped deadlift world record.,^ Eddie Hall's lift of 500 kg is the current equipped deadlift world record.,entailment
1253043,External provision was made for carrying a single 500 kilograms bomb beneath the fuselage.,External provision was made for carrying a single 500 kg bomb beneath the fuselage.,entailment
1286607,"... that weighing on average around 650 kilograms , the Madagascan fossil bird Vorombe (femur pictured) was the heaviest bird known?","... that weighing on average around 650 kg , the Madagascan fossil bird Vorombe (femur pictured) was the heaviest bird known?",entailment
1318572,"While the plate added an extra 680 kilograms in weight, this was considered acceptable given the improvement to crew protection.","While the plate added an extra 680 kg in weight, this was considered acceptable given the improvement to crew protection.",entailment
1241285,"The car's weight is slightly heavier, at 755 kilograms .,","The car's weight is slightly heavier, at 755 kg .,",entailment
1286177,"With a dry weight of 855 kilograms , the Stradale has performance comparable to high performance sports cars while being driver-focused.","With a dry weight of 855 kg , the Stradale has performance comparable to high performance sports cars while being driver-focused.",entailment
1259819,"Similarly, Félix da Costa's car was discovered to be under the minimum weight limit of 880 kilograms during scrutineering.","Similarly, Félix da Costa's car was discovered to be under the minimum weight limit of 880 kg during scrutineering.",entailment
1332151,"The body has been reduced in weight to 1300 kilograms , and the height has been lowered to lower the center of gravity.","The body has been reduced in weight to 1300 kg , and the height has been lowered to lower the center of gravity.",entailment
1302900,The car has a dry weight of 1460 kilograms .,The car has a dry weight of 1460 kg .,entailment
1302883,The curb weight of the car amounted to 1780 kilograms .,The curb weight of the car amounted to 1780 kg .,entailment
1298806,The telecommunication satellite had a liftoff mass of 2536 kilograms .,The telecommunication satellite had a liftoff mass of 2536 kg .,entailment
1213662,"Although there are wide variations, on average each family produced 3136 kilograms of latex per year.","Although there are wide variations, on average each family produced 3136 kg of latex per year.",entailment
1333194,The spacecraft is capable of carrying 5000 kilograms of pressurized and unpressurized cargo in total to the Gateway.,The spacecraft is capable of carrying 5000 kg of pressurized and unpressurized cargo in total to the Gateway.,entailment
1251341,"The howitzer's weight 7455 kilograms was beyond the horse teams' towing capability, so it was designed to be broken down and transported in two loads.","The howitzer's weight 7455 kg was beyond the horse teams' towing capability, so it was designed to be broken down and transported in two loads.",entailment
1277418,"Its combat weight was 12147 kilograms and for transport, it could be broken down into two wagon loads.","Its combat weight was 12147 kg and for transport, it could be broken down into two wagon loads.",entailment
1215160,"It makes Gancedo the third-largest worldwide, while Anighito, part of the massive Cape York meteorite fall found in Greenland, weighs 30875 kilograms .","It makes Gancedo the third-largest worldwide, while Anighito, part of the massive Cape York meteorite fall found in Greenland, weighs 30875 kg .",entailment
1279437,"Its nearest higher peak is Mount Deception, 1 miles to the north-northwest. ''","Its nearest higher peak is Mount Deception, 1 mi to the north-northwest. ''",entailment
1312821,The club then leased land from a local golf course about 2 miles south of Blackpool.,The club then leased land from a local golf course about 2 mi south of Blackpool.,entailment
1237034,"The nearest town to the bay is Rothesay, which is 2 miles to the south west.","The nearest town to the bay is Rothesay, which is 2 mi to the south west.",entailment
1229502,"Protesters marched 2 miles in London from Grosvenor Square in Mayfair, past the US embassy and onto Trafalgar Square.","Protesters marched 2 mi in London from Grosvenor Square in Mayfair, past the US embassy and onto Trafalgar Square.",entailment
1281456,Four men went down the pit wearing breathing apparatus and had to carry the injured over 2 miles to get them to safety.,Four men went down the pit wearing breathing apparatus and had to carry the injured over 2 mi to get them to safety.,entailment
1305347,"The nearest higher peak is Mount Pugh, 4 miles to the northeast.","The nearest higher peak is Mount Pugh, 4 mi to the northeast.",entailment
1311003,"Augustine Creek is a 4 miles long tributary to Delaware Bay in New Castle County, Delaware.","Augustine Creek is a 4 mi long tributary to Delaware Bay in New Castle County, Delaware.",entailment
1326870,Weather station is located 5 miles from the Portsmouth city centre.,Weather station is located 5 mi from the Portsmouth city centre.,entailment
1332105,"The closest large town is the market town of Leominster, 6 miles to the north-west.","The closest large town is the market town of Leominster, 6 mi to the north-west.",entailment
1216248,The length of the line between Castleford East Junction and Garforth was 6 miles .,The length of the line between Castleford East Junction and Garforth was 6 mi .,entailment
1252224,About 7 miles of track were in the Cleveland city limits.,About 7 mi of track were in the Cleveland city limits.,entailment
1291228,Altoona is located about 7 miles northwest of the Game Lands.,Altoona is located about 7 mi northwest of the Game Lands.,entailment
1309502,"From the western terminus, the first 8 miles is paved with partial design bituminous pavement and the remainder is paved with composite pavement.","From the western terminus, the first 8 mi is paved with partial design bituminous pavement and the remainder is paved with composite pavement.",entailment
1272086,Hébuterne is 9 miles north of Albert and Gommecourt lies further north.,Hébuterne is 9 mi north of Albert and Gommecourt lies further north.,entailment
1294201,A 9 miles borehole drilled by Soviet scientists uncovers the sounds of millions of damned souls.,A 9 mi borehole drilled by Soviet scientists uncovers the sounds of millions of damned souls.,entailment
1296703,"For most of its 9 miles length, it is a county road and forms a boundary between townships.","For most of its 9 mi length, it is a county road and forms a boundary between townships.",entailment
1247519,"It is located in the Wallowa–Whitman National Forest, about 10 miles northeast of Sumpter.","It is located in the Wallowa–Whitman National Forest, about 10 mi northeast of Sumpter.",entailment
1212114,The Cobre Mine is about 12 miles north west of Santiago Bay in the Sierra Maestra.,The Cobre Mine is about 12 mi north west of Santiago Bay in the Sierra Maestra.,entailment
1264809,Mary Jane Reoch rode 12 miles to the hospital on her racing bike to give birth to her daughter,Mary Jane Reoch rode 12 mi to the hospital on her racing bike to give birth to her daughter,entailment
1324732,"The Ashton to Tetonia Trail is a 29 miles trail from Ashton, Idaho to Tetonia, Idaho","The Ashton to Tetonia Trail is a 29 mi trail from Ashton, Idaho to Tetonia, Idaho",entailment
1222882,"Atwood is a former mining settlement located 35 miles northeast of Mina in Nye County, Nevada.","Atwood is a former mining settlement located 35 mi northeast of Mina in Nye County, Nevada.",entailment
1280520,"Cuchilla Grande Inferior stretches east-west approximately from Alejandro Gallinal to Cardona, in a distance of approximately 120 miles . [","Cuchilla Grande Inferior stretches east-west approximately from Alejandro Gallinal to Cardona, in a distance of approximately 120 mi . [",entailment
1219890,"The Great Sand Sea is a roughly lung-shaped area of sandy desert lying astride the border with Libya, 200 miles inland from the Mediterranean.","The Great Sand Sea is a roughly lung-shaped area of sandy desert lying astride the border with Libya, 200 mi inland from the Mediterranean.",entailment
1259402,Little Mehoopany Creek joins the Susquehanna River 231 miles upstream of its mouth.,Little Mehoopany Creek joins the Susquehanna River 231 mi upstream of its mouth.,entailment
1224672,"Despite the presence of a Spanish force shadowing him, Raleigh successfully navigated the river and inlets, penetrating some 400 miles into the Guiana highlands.","Despite the presence of a Spanish force shadowing him, Raleigh successfully navigated the river and inlets, penetrating some 400 mi into the Guiana highlands.",entailment
1301973,"The four sepals are triangular, 1 mm long with pimply glands.","The four sepals are triangular, 1 milimeters long with pimply glands.",entailment
1248023,in compact clusters on pedicels which are less than 2 mm long.,in compact clusters on pedicels which are less than 2 milimeters long.,entailment
1259426,Subtending the ovary are four awl-shaped scales of about 2 mm long.,Subtending the ovary are four awl-shaped scales of about 2 milimeters long.,entailment
1234668,"Small to 2 mm , dense and appressed, spiralling, dark green to olive","Small to 2 milimeters , dense and appressed, spiralling, dark green to olive",entailment
1277143,"The species is small and brown, with a cephalothorax typically measuring 2 mm long.","The species is small and brown, with a cephalothorax typically measuring 2 milimeters long.",entailment
1237385,"The four petals are about 2 mm long, overlap each other and are densely hairy.","The four petals are about 2 milimeters long, overlap each other and are densely hairy.",entailment
1305625,"The four sepals are dark red, narrow triangular to egg-shaped and about 2 mm long.","The four sepals are dark red, narrow triangular to egg-shaped and about 2 milimeters long.",entailment
1248712,"Its rectangular section fuselage was entirely wooden, with spruce longerons and 2 mm thick plywood covering.","Its rectangular section fuselage was entirely wooden, with spruce longerons and 2 milimeters thick plywood covering.",entailment
1232606,The sides of the labellum have many reddish teeth up to 2 mm long and the tip is curled under.,The sides of the labellum have many reddish teeth up to 2 milimeters long and the tip is curled under.,entailment
1254740,"The cowling blended smoothly into the rest of the fuselage which was a 2 mm thick ply-skinned semi-monocoque, tapering to the rear.","The cowling blended smoothly into the rest of the fuselage which was a 2 milimeters thick ply-skinned semi-monocoque, tapering to the rear.",entailment
1332644,"The floral cup is mostly glabrous, about 3 mm long.","The floral cup is mostly glabrous, about 3 milimeters long.",entailment
1252763,Myopites stylatus can reach a length of about 3 mm .,Myopites stylatus can reach a length of about 3 milimeters .,entailment
1272025,"The callus is about 3 mm long with its central part covered with short, bristly hair-like glands.","The callus is about 3 milimeters long with its central part covered with short, bristly hair-like glands.",entailment
1267125,There are two ridge-shaped calli 3 mm long at the base of the mid-line of the labellum.,There are two ridge-shaped calli 3 milimeters long at the base of the mid-line of the labellum.,entailment
1247524,"Fruit bodies of M. rubiginosa are distinguished by their reddish colour, and spines up to 3 mm long.","Fruit bodies of M. rubiginosa are distinguished by their reddish colour, and spines up to 3 milimeters long.",entailment
1254895,The floral cup is hairy and about 4 mm long.,The floral cup is hairy and about 4 milimeters long.,entailment
1300822,"These surround numerous bisexual disc florets with a yellow corolla of about 4 mm long, hairy in the middle.","These surround numerous bisexual disc florets with a yellow corolla of about 4 milimeters long, hairy in the middle.",entailment
1287836,"Individual flowers are slightly sweetly scented, with greenish white tepals up to 5 mm long.","Individual flowers are slightly sweetly scented, with greenish white tepals up to 5 milimeters long.",entailment
1302345,The flowers are borne singly in leaf axils on a pedicel up to 5 mm long.,The flowers are borne singly in leaf axils on a pedicel up to 5 milimeters long.,entailment
1262285,The flowers are about 5 mm long and wide and are inverted so that the labellum is above the column rather than below it.,The flowers are about 5 milimeters long and wide and are inverted so that the labellum is above the column rather than below it.,entailment
1292292,"Both sexes mouthbrood although up to 6 mm in length, the fry are mouthbrooded only by the female.","Both sexes mouthbrood although up to 6 milimeters in length, the fry are mouthbrooded only by the female.",entailment
1268834,"The islands in Great Egg Harbor Bay, a habitat for migratory birds, are eroding at a rate of 7 mm per year","The islands in Great Egg Harbor Bay, a habitat for migratory birds, are eroding at a rate of 7 milimeters per year",entailment
1251289,"Additionally, the eye socket is very large, measuring 10 mm long, although this may be due to the animal's immaturity.","Additionally, the eye socket is very large, measuring 10 milimeters long, although this may be due to the animal's imilimetersaturity.",entailment
1261829,Larvae are 12 mm and are white with brown heads.,Larvae are 12 milimeters and are white with brown heads.,entailment
1331140,Integrated 12 mm automatic machine gun despite self-protection and near air threats.,Integrated 12 milimeters automatic machine gun despite self-protection and near air threats.,entailment
1243723,It has a shining dark brown color and is about 12 mm long.,It has a shining dark brown color and is about 12 milimeters long.,entailment
1325188,The anti-aircraft armament consisted of two or four  13 mm  machine guns.,The anti-aircraft armament consisted of two or four  13 milimeters  machine guns.,entailment
1242024,The light anti-aircraft armament consisted of one or two pairs of  13 mm  machine guns.,The light anti-aircraft armament consisted of one or two pairs of  13 milimeters  machine guns.,entailment
1320592,An incision 18 mm long was made parallel to the inguinal ligament and sealed with resin.,An incision 18 milimeters long was made parallel to the inguinal ligament and sealed with resin.,entailment
1237875,"The larvae resemble caterpillars, and when fully grown are about 20 mm long.","The larvae resemble caterpillars, and when fully grown are about 20 milimeters long.",entailment
1299737,"The flower buds are arranged in groups of seven on a flattened peduncle up to 24 mm long, the individual buds on a short pedicel.","The flower buds are arranged in groups of seven on a flattened peduncle up to 24 milimeters long, the individual buds on a short pedicel.",entailment
1228483,Megabalanus californicus is a large acorn barnacle with a diameter of up to 30 mm .,Megabalanus californicus is a large acorn barnacle with a diameter of up to 30 milimeters .,entailment
1217506,"The Sainya Seva Medal is circular in shape, made of cupro-nickel, 35 mm in diameter.","The Sainya Seva Medal is circular in shape, made of cupro-nickel, 35 milimeters in diameter.",entailment
1319851,"The medal is round, silver in color and 36 mm in diameter.","The medal is round, silver in color and 36 milimeters in diameter.",entailment
1284703,The test of this sea urchin is up to 40 mm in diameter.,The test of this sea urchin is up to 40 milimeters in diameter.,entailment
1218357,The hatches above the engine room were 50 mm thick.,The hatches above the engine room were 50 milimeters thick.,entailment
1315388,Donegal town was partially flooded after 50 mm of rain fell as the River Eske approached high tide.,Donegal town was partially flooded after 50 milimeters of rain fell as the River Eske approached high tide.,entailment
1272523,"The lateral sepals are erect, thread-like and are up to 60 mm longer than the flower.","The lateral sepals are erect, thread-like and are up to 60 milimeters longer than the flower.",entailment
1254410,Between five and twenty strongly scented flowers are irregularly arranged along a drooping flowering stem up to 60 mm long.,Between five and twenty strongly scented flowers are irregularly arranged along a drooping flowering stem up to 60 milimeters long.,entailment
1312754,Rainfall extended north to Guadeloupe were accumulations reached 121 mm in Matouba.,Rainfall extended north to Guadeloupe were accumulations reached 121 milimeters in Matouba.,entailment
1298272,As a result of these changes the Szittya II was 160 mm longer.,As a result of these changes the Szittya II was 160 milimeters longer.,entailment
1232440,"Later, as the storm approached open water once again, it dropped over 200 mm of precipitation along the southern coast of Queensland.","Later, as the storm approached open water once again, it dropped over 200 milimeters of precipitation along the southern coast of Queensland.",entailment
1330189,"They carried their main battery of four 240 mm guns in open barbettes, two forward side-by-side and the other two aft on the centerline. ''","They carried their main battery of four 240 milimeters guns in open barbettes, two forward side-by-side and the other two aft on the centerline. ''",entailment
1242699,There is a single yellowish green flower with transparent white stripes borne on a flowering stem up to 330 mm high.,There is a single yellowish green flower with transparent white stripes borne on a flowering stem up to 330 milimeters high.,entailment
1239408,"A precipitation maximum occurred in Yakushima, where 342 mm of rain fell.","A precipitation maximum occurred in Yakushima, where 342 milimeters of rain fell.",entailment
1252499,Between fifteen and forty five flowers are arranged along a flowering spike up to 450 mm high.,Between fifteen and forty five flowers are arranged along a flowering spike up to 450 milimeters high.,entailment
1334303,She was also armed with two 457 mm torpedo tubes in her hull above the waterline.,She was also armed with two 457 milimeters torpedo tubes in her hull above the waterline.,entailment
1242417,"Most rainfall is in June, July, August and September, with average precipitation of 878 mm .","Most rainfall is in June, July, August and September, with average precipitation of 878 milimeters .",entailment
1266334,"Many elements of the meeting were expressly designed for symbolism, including an oval meeting table measuring 2018 mm to represent the year.","Many elements of the meeting were expressly designed for symbolism, including an oval meeting table measuring 2018 milimeters to represent the year.",entailment
1306517,"In the Serra do Mar, in São Paulo, it rains on the average more than 3600 mm .","In the Serra do Mar, in São Paulo, it rains on the average more than 3600 milimeters .",entailment
1274162,The plant can cover a total area as much as 20 sqft .,The plant can cover a total area as much as 20 square feets .,entailment
1276486,"Plans were drawn up for a new building which included a 30 sqft office, mail room, public space and telegraph room.","Plans were drawn up for a new building which included a 30 square feets office, mail room, public space and telegraph room.",entailment
1234272,"Base model with 98 sqft of sail area, plus a gennaker.","Base model with 98 square feets of sail area, plus a gennaker.",entailment
1290188,"Factory options included a 200 sqft asymmetrical spinnaker, portable toilet, motor mount and a highway trailer.","Factory options included a 200 square feets asymmetrical spinnaker, portable toilet, motor mount and a highway trailer.",entailment
1300117,"He lived in a three-storey, 6000 sqft downtown Toronto loft which doubled as a museum housing thousands of his acquired treasures.","He lived in a three-storey, 6000 square feets downtown Toronto loft which doubled as a museum housing thousands of his acquired treasures.",entailment
1246956,At least 8400 sqft of the building will be designated for retail use.,At least 8400 square feets of the building will be designated for retail use.,entailment
1220607,"The total interior footprint is 12800 sqft ; interiors are decorated in wood paneling, principally Douglas fir and Honduran mahogany.","The total interior footprint is 12800 square feets ; interiors are decorated in wood paneling, principally Douglas fir and Honduran mahogany.",entailment
1330182,"To supplement the steam engines, she was fitted with a brig sail rig with a total area of 23200 sqft .","To supplement the steam engines, she was fitted with a brig sail rig with a total area of 23200 square feets .",entailment
1260027,"Between all three locations, they brew and serve beer on over 70000 sqft .","Between all three locations, they brew and serve beer on over 70000 square feets .",entailment
1294560,This would use up 800000 sqft of the air rights.,This would use up 800000 square feets of the air rights.,entailment
1319478,The sanctuary's 2 sqkm lake and surrounding marshland provide habitat for waterfowl and freshwater fish.,The sanctuary's 2 square kms lake and surrounding marshland provide habitat for waterfowl and freshwater fish.,entailment
1317346,"According to the U.S. Census Bureau, the Norfolk CDP has a total area of 2 sqkm , all of it recorded as land.","According to the U.S. Census Bureau, the Norfolk CDP has a total area of 2 km2 , all of it recorded as land.",entailment
1228066,It is part of a 3 sqkm protected area (Reserva Natural da Lagoa Cimidor) which also includes the adjacent coast.,It is part of a 3 square kilometers protected area (Reserva Natural da Lagoa Cimidor) which also includes the adjacent coast.,entailment
1295218,The remainder drains into a number of smaller seasonal lakes and swamps further downstream with a total area of 3 sqkm .,The remainder drains into a number of smaller seasonal lakes and swamps further downstream with a total area of 3 km2 .,entailment
1319437,"The primary reserve, where the members live, is 33 sqkm .","The primary reserve, where the members live, is 33 square kms .",entailment
1239073,The present local government administers an area of 54 sqkm .,The present local government administers an area of 54 square kilometers .,entailment
1222021,The 107 sqkm municipality encompassed the southern half of the present-day municipality of Audnedal.,The 107 square kms municipality encompassed the southern half of the present-day municipality of Audnedal.,entailment
1234462,The region the biggest contiguous fruit orchard in Central Europe extends over 143 sqkm .,The region the biggest contiguous fruit orchard in Central Europe extends over 143 km2 .,entailment
1228047,These cones and associated lava flows cover a surface of about 200 sqkm .,These cones and associated lava flows cover a surface of about 200 square kilometers .,entailment
1254699,The species' range encompasses only about 290 sqkm in the Great Sand Dunes National Park in Colorado.,The species' range encompasses only about 290 km2 in the Great Sand Dunes National Park in Colorado.,entailment
1220930,"All of them were captured by the next day, resulting in the alliance gaining about 460 sqkm of land.","All of them were captured by the next day, resulting in the alliance gaining about 460 square kms of land.",entailment
1296642,"The game's playable area is 870 sqkm , which was done to place dangerous and challenging areas in between rewards that players might seek out.","The game's playable area is 870 square kilometers , which was done to place dangerous and challenging areas in between rewards that players might seek out.",entailment
1253711,"Pakan District is an administrative district in Sarikei Division, Sarawak, Malaysia, covering an area of 924 sqkm .","Pakan District is an administrative district in Sarikei Division, Sarawak, Malaysia, covering an area of 924 square kms .",entailment
1237111,The two parks together form a protected area of 1390 sqkm .,The two parks together form a protected area of 1390 km2 .,entailment
1233440,The last glacial maximum lake had a surface area of about 1600 sqkm .,The last glacial maximum lake had a surface area of about 1600 square kilometers .,entailment
1217770,The Hayes' run both Hereford and Droughtmaster cattle on the 2134 sqkm property.,The Hayes' run both Hereford and Droughtmaster cattle on the 2134 km2 property.,entailment
1294444,The Einasleigh River has a catchment area of 24366 sqkm .,The Einasleigh River has a catchment area of 24366 square kms .,entailment
1243488,"Pınargözü Cave is located within a karst region of the western Taurus Mountains, which encompasses nearly 40000 sqkm .","Pınargözü Cave is located within a karst region of the western Taurus Mountains, which encompasses nearly 40000 square kilometers .",entailment
1220167,"This brought its area up to 761576 sqkm , including parts of the states of Amazonas, Rondônia, Pará, Mato Grosso and Tocantins.","This brought its area up to 761576 square kms , including parts of the states of Amazonas, Rondônia, Pará, Mato Grosso and Tocantins.",entailment
1220694,"According to the United States Geological Survey, the CDP has a total area of 1 sqmi , all of it land.","According to the United States Geological Survey, the CDP has a total area of 1 square miles , all of it land.",entailment
1314362,Baskin Run drains 4 sqmi of Erie Drift Plain (glacial geology).,Baskin Run drains 4 square miles of Erie Drift Plain (glacial geology).,entailment
1314683,Townley Run drains 4 sqmi of Erie Drift Plain (glacial geology).,Townley Run drains 4 square miles of Erie Drift Plain (glacial geology).,entailment
1233086,The watershed of the stream has an area of approximately 6 sqmi .,The watershed of the stream has an area of approximately 6 square miles .,entailment
1235971,"It covers an area of 99 sqmi and was named after David James, a former member of the South Australian Parliament.","It covers an area of 99 square miles and was named after David James, a former member of the South Australian Parliament.",entailment
1224823,Thomes Creek is a highly seasonal stream and drains a mostly rural watershed of some 300 sqmi .,Thomes Creek is a highly seasonal stream and drains a mostly rural watershed of some 300 square miles .,entailment
1263785,They lay both east and north of the Great Dividing Range Norman Tindale set their lands at 2300 sqmi .,They lay both east and north of the Great Dividing Range Norman Tindale set their lands at 2300 square miles .,entailment
1320375,1 kilometers north to a creek (coming from the west);,1 km north to a creek (coming from the west);,entailment
1260922,"1 kilometers north, crossing Lakes Madeleine, Roger and Jean-George, to the Canadian National Railway;","1 km north, crossing Lakes Madeleine, Roger and Jean-George, to the Canadian National Railway;",entailment
1322196,"1 kilometers towards the northwest by forming a ball towards the northeast, until the mouth of the river.","1 km towards the northwest by forming a ball towards the northeast, until the mouth of the river.",entailment
1270359,"1 kilometers northeasterly across the boundary of the townships of Toussaint and Perrier, to the outlet (coming from the North) of Larouche Lake;","1 km northeasterly across the boundary of the townships of Toussaint and Perrier, to the outlet (coming from the North) of Larouche Lake;",entailment
1239089,"2 kilometers south of the village center of Boileau, Quebec;","2 km south of the village center of Boileau, Quebec;",entailment
1332009,2 kilometers south of the limit of the Laurentides Wildlife Reserve;,2 km south of the limit of the Laurentides Wildlife Reserve;,entailment
1322235,2 kilometers south-east of the center of the village of Hébertville;,2 km south-east of the center of the village of Hébertville;,entailment
1279046,It is also one of the longest avenues in NSW being 2 kilometers long.,It is also one of the longest avenues in NSW being 2 km long.,entailment
1267269,It was located in the Karaolos area 2 kilometers northwest of Famagusta's old town.,It was located in the Karaolos area 2 km northwest of Famagusta's old town.,entailment
1320783,The current from Pierre River crosses Brébeuf Lake for 2 kilometers to the east.,The current from Pierre River crosses Brébeuf Lake for 2 km to the east.,entailment
1332796,2 kilometers south-east of the confluence of the Rouge East River and the Rouge River (Montmorency River).,2 km south-east of the confluence of the Rouge East River and the Rouge River (Montmorency River).,entailment
1245046,The plant sources its water from the nearby Ardsley Reservoir which is 2 kilometers to the west.,The plant sources its water from the nearby Ardsley Reservoir which is 2 km to the west.,entailment
1320197,2 kilometers to the South winding to the outlet of the Lac aux Brochets (coming from the East);,2 km to the South winding to the outlet of the Lac aux Brochets (coming from the East);,entailment
1230112,"The race included five stages: the first was a 2 kilometers prologue individual time trial stage, with the remaining four stages being road stages.","The race included five stages: the first was a 2 km prologue individual time trial stage, with the remaining four stages being road stages.",entailment
1324220,"2 kilometers towards the south by forming a loop towards the south-east, then a hook towards the west, up to a bend in the river;","2 km towards the south by forming a loop towards the south-east, then a hook towards the west, up to a bend in the river;",entailment
1323012,"3 kilometers to the north, forming a large S and collecting Mater stream (coming from the northwest);","3 km to the north, forming a large S and collecting Mater stream (coming from the northwest);",entailment
1269728,the Southwest arm stretches over 3 kilometers as far as Poisson Township by collecting the waters of the Adolphe-Poisson Bay.,the Southwest arm stretches over 3 km as far as Poisson Township by collecting the waters of the Adolphe-Poisson Bay.,entailment
1238394,The engine driver managed to stop the train on Maunby Bridge (over the River Swale) some 3 kilometers after the initial derailment.,The engine driver managed to stop the train on Maunby Bridge (over the River Swale) some 3 km after the initial derailment.,entailment
1232517,The Pinang River meanders eastwards for about 3 kilometers from the confluence between Air Terjun and Air Itam Rivers towards the Penang Strait.,The Pinang River meanders eastwards for about 3 km from the confluence between Air Terjun and Air Itam Rivers towards the Penang Strait.,entailment
1336382,"4 kilometers towards the south-east, bypassing Archange-Godbout Island, up to the limit of Crabtree;","4 km towards the south-east, bypassing Archange-Godbout Island, up to the limit of Crabtree;",entailment
1250651,"4 kilometers at the north, to the outlet of Lake Breynat (coming from the West);","4 km at the north, to the outlet of Lake Breynat (coming from the West);",entailment
1277202,"Doonmore lies on a headland reaching into Dingle Bay, 4 kilometers southeast of Dingle town.","Doonmore lies on a headland reaching into Dingle Bay, 4 km southeast of Dingle town.",entailment
1213879,"Mortimer's Castle is located on the east bank of Lough Derravaragh, 4 kilometers southwest of Castlepollard.","Mortimer's Castle is located on the east bank of Lough Derravaragh, 4 km southwest of Castlepollard.",entailment
1315707,A peat bog that extends 4 kilometers northeast of the hamlet is called the Grande Plaine de la Chaloupe.,A peat bog that extends 4 km northeast of the hamlet is called the Grande Plaine de la Chaloupe.,entailment
1260891,5 kilometers northeasterly to the western limit of Lacroix township;,5 km northeasterly to the western limit of Lacroix township;,entailment
1323251,5 kilometers west of the mouth of the head lake of Launière River;,5 km west of the mouth of the head lake of Launière River;,entailment
1260324,5 kilometers northeasterly to the outlet (from the south) of André and Machault lakes;,5 km northeasterly to the outlet (from the south) of André and Machault lakes;,entailment
1257729,6 kilometers north-east to Villegagnan Creek (coming from the east);,6 km north-east to Villegagnan Creek (coming from the east);,entailment
1260569,6 kilometers northeasterly in the Nelligan Township in a swamp zone to its mouth.,6 km northeasterly in the Nelligan Township in a swamp zone to its mouth.,entailment
1223563,"Especially a tumulus named Oylum Höyük just 6 kilometers southeast of Kilis centrum, is an important source of archaeologic finds.","Especially a tumulus named Oylum Höyük just 6 km southeast of Kilis centrum, is an important source of archaeologic finds.",entailment
1262835,Vernes is about 8 kilometers west of the village of Vassbygda.,Vernes is about 8 km west of the village of Vassbygda.,entailment
1242446,"Rajdeher Fort ( ) is a fort located 10 kilometers from chandwad, Nashik district, of Maharashtra.","Rajdeher Fort ( ) is a fort located 10 km from chandwad, Nashik district, of Maharashtra.",entailment
1247210,The temple is located in the Gonagolla village on Ampara – Maha Oya road approximately 10 kilometers distance from Uhana town.,The temple is located in the Gonagolla village on Ampara – Maha Oya road approximately 10 km distance from Uhana town.,entailment
1302123,"House of the Sun, ancient ""On''"" ( ; 10 kilometers northeast of Cairo, the ancient worship center of sun-god Re, ), later called ""Heliopolis"".","House of the Sun, ancient ""On''"" ( ; 10 km northeast of Cairo, the ancient worship center of sun-god Re, ), later called ""Heliopolis"".",entailment
1255610,"11 kilometers to South, then south-east winding to a creek (coming from the Southwest);","11 km to South, then south-east winding to a creek (coming from the Southwest);",entailment
1292540,"This is approximately 11 kilometers , north-east of Kayabwe, the town to Buwama's immediate south, along the Masaka Highway.","This is approximately 11 km , north-east of Kayabwe, the town to Buwama's immediate south, along the Masaka Highway.",entailment
1243782,"Ilha Rasa Lighthouse ( ) is an active lighthouse on the namesake island located 11 kilometers from Guanabara Bay, Rio de Janeiro, Brazil.","Ilha Rasa Lighthouse ( ) is an active lighthouse on the namesake island located 11 km from Guanabara Bay, Rio de Janeiro, Brazil.",entailment
1335326,12 kilometers north-west of the confluence of the Gouffre river and the Saint-Laurent river.,12 km north-west of the confluence of the Gouffre river and the Saint-Laurent river.,entailment
1263836,"This is approximately 12 kilometers , by road, north-east of the central business district of Kampala, the capital and largest city of Uganda.","This is approximately 12 km , by road, north-east of the central business district of Kampala, the capital and largest city of Uganda.",entailment
1306819,"Purupuruni has formed on the rim of a depression, which is surrounded by eroded Quaternary volcanoes and appears to be a 13 kilometers wide caldera.","Purupuruni has formed on the rim of a depression, which is surrounded by eroded Quaternary volcanoes and appears to be a 13 km wide caldera.",entailment
1252131,"14 kilometers North-East of the village center of Villebois, Quebec;","14 km North-East of the village center of Villebois, Quebec;",entailment
1322182,16 kilometers south-east of the confluence of Lac Saint-Jean and the Saguenay River (ie at the entrance to La Petite Décharge) .,16 km south-east of the confluence of Lac Saint-Jean and the Saguenay River (ie at the entrance to La Petite Décharge) .,entailment
1313665,The lake's outlet is 17 kilometers from the mouth of the river.,The lake's outlet is 17 km from the mouth of the river.,entailment
1255690,19 kilometers East of the mouth of the Maicasagi River;,19 km East of the mouth of the Maicasagi River;,entailment
1213255,19 kilometers at the southwest of the confluence of the Big Black River (Saint John River).,19 km at the southwest of the confluence of the Big Black River (Saint John River).,entailment
1333698,24 kilometers west of the northwest shore of the St. Lawrence River;,24 km west of the northwest shore of the St. Lawrence River;,entailment
1327773,"26 kilometers generally south along the course of the Pins River, to the north shore of Lac Saint-Joseph;","26 km generally south along the course of the Pins River, to the north shore of Lac Saint-Joseph;",entailment
1239522,"It runs as a ring road within the city of Munich in Bavaria, is 28 kilometers long, and is the most traffic-prone road in Germany.","It runs as a ring road within the city of Munich in Bavaria, is 28 km long, and is the most traffic-prone road in Germany.",entailment
1221355,Lovely Professional University is 39 kilometers away from the village.,Lovely Professional University is 39 km away from the village.,entailment
1223970,"Senior Lieutenant Gürcan Ulucan Airfield or just Temelli Airfield is a small airfield located approximately 45 kilometers southwest of Ankara, Turkey.","Senior Lieutenant Gürcan Ulucan Airfield or just Temelli Airfield is a small airfield located approximately 45 km southwest of Ankara, Turkey.",entailment
1333589,It is located about 52 kilometers south-west of the town of Devonport.,It is located about 52 km south-west of the town of Devonport.,entailment
1260289,"Distance between Deulgaon Tad, and district headquarter Jalna is 53 kilometers .","Distance between Deulgaon Tad, and district headquarter Jalna is 53 km .",entailment
1322586,56 kilometers south-west of the confluence of the Chicoutimi River and the Saguenay River;,56 km south-west of the confluence of the Chicoutimi River and the Saguenay River;,entailment
1277183,"It was built in the steep precipices and cliffs in Beiquan Village, 65 kilometers to the northeast of Pingshun County.","It was built in the steep precipices and cliffs in Beiquan Village, 65 km to the northeast of Pingshun County.",entailment
1242534,The Pacific lowlands are largely a coastal plain extending approximately 75 kilometers inland from the Pacific Ocean.,The Pacific lowlands are largely a coastal plain extending approximately 75 km inland from the Pacific Ocean.,entailment
1303096,"The college, is expected to be based in the city of Jinja, approximately 78 kilometers , by road, east ofKampala, Uganda's capital and largest city.","The college, is expected to be based in the city of Jinja, approximately 78 km , by road, east ofKampala, Uganda's capital and largest city.",entailment
1239600,This segment is 100 kilometers long and extends between the volcanoes Isluga in the north and Irruputuncu in the south.,This segment is 100 km long and extends between the volcanoes Isluga in the north and Irruputuncu in the south.,entailment
1260410,"From the mouth of the head lake, the Aigle River flows over 111 kilometers according to the following segments:","From the mouth of the head lake, the Aigle River flows over 111 km according to the following segments:",entailment
1258622,118 kilometers south of the confluence of the Opawica River and the Chibougamau River;,118 km south of the confluence of the Opawica River and the Chibougamau River;,entailment
1301324,"Mark Vornhusen's web camera documented the fireball from Vechta, located about 160 kilometers from Braunschweig.","Mark Vornhusen's web camera documented the fireball from Vechta, located about 160 km from Braunschweig.",entailment
1217398,The race started in Roeselare and followed a 203 kilometers course to finish in Waregem.,The race started in Roeselare and followed a 203 km course to finish in Waregem.,entailment
1318866,It is approximately 250 kilometers from the capital city of Wellington.,It is approximately 250 km from the capital city of Wellington.,entailment
1243899,The race was initially scheduled to be contested over 280 kilometers including seven laps of the Harrogate finish circuit.,The race was initially scheduled to be contested over 280 km including seven laps of the Harrogate finish circuit.,entailment
1298282,"It takes a general northerly direction through nine Kenyan counties, skirting Mount Kenya to end at Isiolo, approximately 305 kilometers , to the north.","It takes a general northerly direction through nine Kenyan counties, skirting Mount Kenya to end at Isiolo, approximately 305 km , to the north.",entailment
1257929,The event was based in Marmaris in Muğla and consists of seventeen special stages totalling 312 kilometers in competitive kilometres.,The event was based in Marmaris in Muğla and consists of seventeen special stages totalling 312 km in competitive kilometres.,entailment
1288151,The rally covered a total competitive distance of 316 kilometers .,The rally covered a total competitive distance of 316 km .,entailment
1287117,"This is approximately 350 kilometers , by road, north of Mpika, the largest city in the province.","This is approximately 350 km , by road, north of Mpika, the largest city in the province.",entailment
1235709,The erect shrub typically grows to a height of 3 meters .,The erect shrub typically grows to a height of 3 m .,entailment
1249613,"Only the north east angle Clackriach Castle remains, about 7 meters high.","Only the north east angle Clackriach Castle remains, about 7 m high.",entailment
1222129,Eucalyptus tardecidens is a mallee or a tree that typically grows to a height of 7 meters and forms a lignotuber.,Eucalyptus tardecidens is a mallee or a tree that typically grows to a height of 7 m and forms a lignotuber.,entailment
1253748,The floor slopes at a depth of just less than 8 meters .,The floor slopes at a depth of just less than 8 m .,entailment
1256006,"A team may choose to take a ""quick"" free kick, that is, take the kick while opponents are within the 9 meters minimum required distance.","A team may choose to take a ""quick"" free kick, that is, take the kick while opponents are within the 9 m minimum required distance.",entailment
1273332,The Mahavira Hall in it has single-eave gable and hip roof and is 10 meters high.,The Mahavira Hall in it has single-eave gable and hip roof and is 10 m high.,entailment
1310419,"The iron-cemented upper part of the formation forms however steep cliffs, which can be more than 10 meters high.","The iron-cemented upper part of the formation forms however steep cliffs, which can be more than 10 m high.",entailment
1252147,The two rooms were dug to a depth of 11 meters .,The two rooms were dug to a depth of 11 m .,entailment
1307367,The tunnel made by the larva of a small fly inside a birch tree may reach 17 meters,The tunnel made by the larva of a small fly inside a birch tree may reach 17 m,entailment
1228898,"Quercus hartwissiana is a large deciduous tree, reaching heights of 35 meters , with umbrella-shaped crown and ascending branches.","Quercus hartwissiana is a large deciduous tree, reaching heights of 35 m , with umbrella-shaped crown and ascending branches.",entailment
1286298,"This section extends for a total length of about 40 meters , although not all of the kerb is fully exposed. (","This section extends for a total length of about 40 m , although not all of the kerb is fully exposed. (",entailment
1309448,The westernmost of these springs was about 67 meters higher than the drilling rigs.,The westernmost of these springs was about 67 m higher than the drilling rigs.,entailment
1281290,Depressions up to 75 meters deep cover the flat top.,Depressions up to 75 m deep cover the flat top.,entailment
1225794,The distance between the coast and the islet is less than 100 meters .,The distance between the coast and the islet is less than 100 m .,entailment
1250156,It grows in sunny areas with disturbed soil from sea level to an altitude of 200 meters .,It grows in sunny areas with disturbed soil from sea level to an altitude of 200 m .,entailment
1249741,A bell-shaped cavity was then discovered 230 meters from the entrance.,A bell-shaped cavity was then discovered 230 m from the entrance.,entailment
1219566,These flows reached a thickness of approximately 250 meters .,These flows reached a thickness of approximately 250 m .,entailment
1254636,The Kauskatitineu River originates from a forest stream (elevation: 264 meters ) located at:,The Kauskatitineu River originates from a forest stream (elevation: 264 m ) located at:,entailment
1229951,"The park has rugged terrain with valleys and ridges, rising to an elevation of almost 309 meters .","The park has rugged terrain with valleys and ridges, rising to an elevation of almost 309 m .",entailment
1251803,"The source of the ""Lavergne River"" is a forest stream (altitude: 310 meters ) located at:","The source of the ""Lavergne River"" is a forest stream (altitude: 310 m ) located at:",entailment
1333901,Kai Kung Shan (Sai Kung District) ( 399 meters ) in Sai Kung District,Kai Kung Shan (Sai Kung District) ( 399 m ) in Sai Kung District,entailment
1220892,The fish is bathypelagic and has been found at depths of around 610 meters .,The fish is bathypelagic and has been found at depths of around 610 m .,entailment
1335502,"The nearest of these is Monthey Ville, is 700 meters to the west.","The nearest of these is Monthey Ville, is 700 m to the west.",entailment
1299527,"The preferred natural habitat of G. ceciliae is forest, at altitudes from sea level to 900 meters .","The preferred natural habitat of G. ceciliae is forest, at altitudes from sea level to 900 m .",entailment
1324367,The highest point is a 962 meters high unnamed summit in the southern half of the northern part.,The highest point is a 962 m high unnamed summit in the southern half of the northern part.,entailment
1278157,"Kijabijo is located at an average elevation of 1153 meters , above sea level.","Kijabijo is located at an average elevation of 1153 m , above sea level.",entailment
1273649,"The western part of the locality lies on the Tinderry Range, which includes Tinderry Peak ( 1619 meters ) and Tinderry Twin Peak.","The western part of the locality lies on the Tinderry Range, which includes Tinderry Peak ( 1619 m ) and Tinderry Twin Peak.",entailment
1238621_c,They are coloured gray-green to bright green and measure up to 1 cm long.,They are coloured gray-green to bright green and measure up to 1 km long.,contradiction
1247702_c,The fruit body of the fungus has a circular to fan-shaped of semicircular cap measuring 1 cm in diameter.,The fruit body of the fungus has a circular to fan-shaped of semicircular cap measuring 1 mm in diameter.,contradiction
1284296_c,Leodia sexiesperforata inhabits the seabed and buries itself in the soft sediment to a depth of 2 cm or so.,Leodia sexiesperforata inhabits the seabed and buries itself in the soft sediment to a depth of 2 m or so.,contradiction
1315687_c,"They are a typical size for kiilifish, the males are 3 cm while the females are slightly smaller.","They are a typical size for kiilifish, the males are 3 milimeters while the females are slightly smaller.",contradiction
1219661_c,"Its subcoriaceous leaves are elliptic to obovate in shape, coloured dark brown and measure up to 3 cm long.","Its subcoriaceous leaves are elliptic to obovate in shape, coloured dark brown and measure up to 3 km long.",contradiction
1241342_c,This species can reach a length of 4 cm SL.,This species can reach a length of 4 mm SL.,contradiction
1307878_c,"The leaves are silver-grey stellate tomentose, shaped oblong elliptic and measure up to 5 cm long.","The leaves are silver-grey stellate tomentose, shaped oblong elliptic and measure up to 5 meters long.",contradiction
1278963_c,Nephasoma rimicola grows to a maximum length of about 6 cm .,Nephasoma rimicola grows to a maximum length of about 6 km .,contradiction
1250174_c,The simple or compound inflorescence has four to twelve primary branches up to a length of approximately 6 cm but usually shorter.,The simple or compound inflorescence has four to twelve primary branches up to a length of approximately 6 kilometers but usually shorter.,contradiction
1296483_c,G. horsfieldii may attain a snout-to-vent length (SVL) of 8 cm .,G. horsfieldii may attain a snout-to-vent length (SVL) of 8 km .,contradiction
1324021_c,"This species is a mouthbrooder, and grows to a length of around 9 cm SL.","This species is a mouthbrooder, and grows to a length of around 9 milimeters SL.",contradiction
1335833_c,"The thallus of the lichen is foliose, with a grey colour, and measures up to 10 cm across.","The thallus of the lichen is foliose, with a grey colour, and measures up to 10 m across.",contradiction
1252706_c,"It primarily feeds on benthic invertebrates such as crabs and molluscs, and can grow to lengths of 10 cm .","It primarily feeds on benthic invertebrates such as crabs and molluscs, and can grow to lengths of 10 m .",contradiction
1300805_c,"Its leaf rosettes usually develop several, up to about 10 cm long runners, at the end of which daughter rosettes appear.","Its leaf rosettes usually develop several, up to about 10 km long runners, at the end of which daughter rosettes appear.",contradiction
1227134_c,It can reach sizes of up to 12 cm TL.,It can reach sizes of up to 12 mm TL.,contradiction
1258550_c,He was born without arms and a leg 12 cm shorter than the other.,He was born without arms and a leg 12 m shorter than the other.,contradiction
1231543_c,The largest species of Dichotomyctere reach up to 17 cm in length.,The largest species of Dichotomyctere reach up to 17 milimeters in length.,contradiction
1229051_c,The inscribed runes are 17 cm tall and are inscribed on the widest side.,The inscribed runes are 17 mm tall and are inscribed on the widest side.,contradiction
1294792_c,This annual plant grows roughly to a height of 20 cm before it releases seeds and dies.,This annual plant grows roughly to a height of 20 km before it releases seeds and dies.,contradiction
1308184_c,"The Guinean striped mojarra grows to a maximum length of 20 cm and has a compact, laterally compressed body.","The Guinean striped mojarra grows to a maximum length of 20 mm and has a compact, laterally compressed body.",contradiction
1247163_c,It grows to a length of about 20 cm and lives in a burrow in soft sediment in the intertidal and subtidal zones.,It grows to a length of about 20 meters and lives in a burrow in soft sediment in the intertidal and subtidal zones.,contradiction
1312890_c,It is endemic to Mongolia and has a maximum length of 23 cm .,It is endemic to Mongolia and has a maximum length of 23 m .,contradiction
1310968_c,"This time, six buildings sagged as much as 23 cm within a few hours.","This time, six buildings sagged as much as 23 km within a few hours.",contradiction
1306667_c,It inhabits inland wetlands in Asia and has a maximum length of 23 cm .,It inhabits inland wetlands in Asia and has a maximum length of 23 mm .,contradiction
1261845_c,"Helianthemum canariense is a short, densely branched shrub up to 25 cm tall.","Helianthemum canariense is a short, densely branched shrub up to 25 m tall.",contradiction
1218832_c,"Many of the stalagmites are 25 cm long with long sections of superimposed, soda-straw, conical ring-type tubes with pitted pockets.","Many of the stalagmites are 25 milimeters long with long sections of superimposed, soda-straw, conical ring-type tubes with pitted pockets.",contradiction
1300810_c,"Felicia bergeriana is a richly branching, hairy annual plant of up to 25 cm high that is assigned to the daisy family.","Felicia bergeriana is a richly branching, hairy annual plant of up to 25 mm high that is assigned to the daisy family.",contradiction
1281197_c,"At certain areas in the northwestern parts of the island, the earthquake caused the ground to rise by as much as 25 cm .","At certain areas in the northwestern parts of the island, the earthquake caused the ground to rise by as much as 25 km .",contradiction
1252522_c,The trunk can reach 30 cm in diameter and the bark exudes an astringent gum.,The trunk can reach 30 mm in diameter and the bark exudes an astringent gum.,contradiction
1277150_c,the ship was armed with a main battery of twelve  30 cm guns in four triple turrets.,the ship was armed with a main battery of twelve  30 meters guns in four triple turrets.,contradiction
1253956_c,It grows to a maximum length of 33 cm .,It grows to a maximum length of 33 m .,contradiction
1285299_c,"It was 35 cm in length with a large red bill and long, rounded tail feathers.","It was 35 km in length with a large red bill and long, rounded tail feathers.",contradiction
1303288_c,"Boronia montimulliganensis is an erect, woody shrub that grows to a height of at least 35 cm tall.","Boronia montimulliganensis is an erect, woody shrub that grows to a height of at least 35 mm tall.",contradiction
1325391_c,Pelargonium coronopifolium is a subshrub of up to 40 cm high.,Pelargonium coronopifolium is a subshrub of up to 40 milimeters high.,contradiction
1310601_c,"tenella'' is a delicate, annual, often richly branched, herbaceous plant of up to 45 cm high.","tenella'' is a delicate, annual, often richly branched, herbaceous plant of up to 45 km high.",contradiction
1327376_c,Melhania substricta grows as a subshrub up to 50 cm tall.,Melhania substricta grows as a subshrub up to 50 mm tall.,contradiction
1333993_c,Melhania volleseniana grows as a herb up to 50 cm tall.,Melhania volleseniana grows as a herb up to 50 km tall.,contradiction
1330675_c,"Cheiranthera alternifolia is a small understory, scrambling, perennial shrub to 50 cm with smooth stems.","Cheiranthera alternifolia is a small understory, scrambling, perennial shrub to 50 kilometers with smooth stems.",contradiction
1300519_c,"Boronia coriacea is a small ericoid shrub that grows to a height of 50 cm with more or less glabrous stems, leaves and flowers.","Boronia coriacea is a small ericoid shrub that grows to a height of 50 m with more or less glabrous stems, leaves and flowers.",contradiction
1232324_c,"As with other members of the Atoposauridae, Knoetschkesuchus is very small, with K. guimarotae measuring only 55 cm long at maximum.","As with other members of the Atoposauridae, Knoetschkesuchus is very small, with K. guimarotae measuring only 55 m long at maximum.",contradiction
1306470_c,It inhabits Myanmar and Thailand and has a maximum length of 60 cm .,It inhabits Myanmar and Thailand and has a maximum length of 60 km .,contradiction
1243351_c,"They are up to about 60 cm long, and brownish above with a heavily mottled, blotched or barred dark pattern.","They are up to about 60 meters long, and brownish above with a heavily mottled, blotched or barred dark pattern.",contradiction
1251740_c,"The fragments have been restored to reconstruct a single but incomplete vessel, 67 cm high, which is now displayed at the British Museum in London.","The fragments have been restored to reconstruct a single but incomplete vessel, 67 m high, which is now displayed at the British Museum in London.",contradiction
1247965_c,"The staff is 118 cm long, and has a knob at one end and three prongs at the other.","The staff is 118 kilometers long, and has a knob at one end and three prongs at the other.",contradiction
1306539_c,"The trunk often has small buttresses and is straight and cylindrical, up to 200 cm in diameter.","The trunk often has small buttresses and is straight and cylindrical, up to 200 mm in diameter.",contradiction
1308494_c,"The unbuttressed trunk is cylindrical, with a diameter of up to 200 cm or more, the lower half usually being devoid of branches.","The unbuttressed trunk is cylindrical, with a diameter of up to 200 milimeters or more, the lower half usually being devoid of branches.",contradiction
1307544_c,"Echinochloa pyramidalis is a large, perennial, reed-like grass growing to a height of about 300 cm or even taller.","Echinochloa pyramidalis is a large, perennial, reed-like grass growing to a height of about 300 mm or even taller.",contradiction
1296376_c,Leaves are borne at the end of a long petiole; the combined length of the leaf sheath and petiole averages 319 cm .,Leaves are borne at the end of a long petiole; the combined length of the leaf sheath and petiole averages 319 m .,contradiction
1297866_c,The coffee capsules consist of a plastic cylinder containing up to 7 grams of ground coffee that is vacuum-pressed and sealed by an aluminum cap.,The coffee capsules consist of a plastic cylinder containing up to 7 kilograms of ground coffee that is vacuum-pressed and sealed by an aluminum cap.,contradiction
1223195_c,The punishment for small amounts (up to 9 grams ) for personal use is typically a fine.,The punishment for small amounts (up to 9 kg ) for personal use is typically a fine.,contradiction
1280942_c,"It weighs 9 grams and supports features such as air commands, translation of on-screen text, screen-off memos, and live messages.","It weighs 9 kilograms and supports features such as air commands, translation of on-screen text, screen-off memos, and live messages.",contradiction
1212192_c,"For beta counters, a sample weighing at least 10 grams is typically required.","For beta counters, a sample weighing at least 10 kg is typically required.",contradiction
1273526_c,"Aerolite Meteorites currently holds the main mass, while a 22 grams mass is held at the University of New Mexico’s Institute of Meteoritics.","Aerolite Meteorites currently holds the main mass, while a 22 kilograms mass is held at the University of New Mexico’s Institute of Meteoritics.",contradiction
1333801_c,"A fragment, weighing 39 grams is held by the National Museum of Natural History, France.","A fragment, weighing 39 kg is held by the National Museum of Natural History, France.",contradiction
1273415_c,"Based on the mean of several extrapolations from the size of its teeth, Vulcanops jennyworthyae would have weighed slightly less than 40 grams .","Based on the mean of several extrapolations from the size of its teeth, Vulcanops jennyworthyae would have weighed slightly less than 40 kilograms .",contradiction
1289884_c,"This collection, including the main fragment of Jodzie meteorite weighing 48 grams , was obtained by the Field Museum of Natural History.","This collection, including the main fragment of Jodzie meteorite weighing 48 kg , was obtained by the Field Museum of Natural History.",contradiction
1297932_c,"Found in lowland palm savanna and thorn scrub habitats, it is a medium-sized rat, weighing about 50 grams .","Found in lowland palm savanna and thorn scrub habitats, it is a medium-sized rat, weighing about 50 kilograms .",contradiction
1228381_c,"Incubation can be an energetically demanding process; adult albatrosses, for instance, lose as much as 83 grams of body weight per day of incubation.","Incubation can be an energetically demanding process; adult albatrosses, for instance, lose as much as 83 kg of body weight per day of incubation.",contradiction
1223196_c,Larger quantities (more than 100 grams ) generally results in a prison sentence.,Larger quantities (more than 100 kilograms ) generally results in a prison sentence.,contradiction
1248698_c,"Allan was still 100 grams above the weight limit, and so was disqualified from the event.","Allan was still 100 kg above the weight limit, and so was disqualified from the event.",contradiction
1251732_c,"According to the law, anyone in possession of more than 100 grams of heroin or morphine was subject to the death sentence or life imprisonment.","According to the law, anyone in possession of more than 100 kilograms of heroin or morphine was subject to the death sentence or life imprisonment.",contradiction
1249986_c,"In an experiment, one fruit body lifted 204 grams , giving an upward pressure of the stipe of two thirds of an atmosphere.","In an experiment, one fruit body lifted 204 kg , giving an upward pressure of the stipe of two thirds of an atmosphere.",contradiction
1230913_c,The total weight of the hoard is 285 grams .,The total weight of the hoard is 285 kilograms .,contradiction
1330615_c,"Giant mouse lemurs weigh approximately 300 grams and have a long, bushy tail.","Giant mouse lemurs weigh approximately 300 kg and have a long, bushy tail.",contradiction
1249308_c,"Weighing around 350 grams or more, they are some of the largest members of the family of dwarf and mouse lemurs in the suborder Strepsirrhini.","Weighing around 350 kilograms or more, they are some of the largest members of the family of dwarf and mouse lemurs in the suborder Strepsirrhini.",contradiction
1270838_c,A body mass of 400 grams has been estimated for Micodon.,A body mass of 400 kg has been estimated for Micodon.,contradiction
1311315_c,"450 grams of steak per person insured daily to the people, sweet fruit and coffee.","450 kilograms of steak per person insured daily to the people, sweet fruit and coffee.",contradiction
1311316_c,"When all have 450 grams of insured meat, nobody will need to steal and kill.","When all have 450 kg of insured meat, nobody will need to steal and kill.",contradiction
1264598_c,IBU rules require that the trigger pull weight must be at least 500 grams .,IBU rules require that the trigger pull weight must be at least 500 kilograms .,contradiction
1245017_c,"Once teams had 500 grams , the head chef would give them their next clue.","Once teams had 500 kg , the head chef would give them their next clue.",contradiction
1226643_c,"The gegeol radish, smaller and firmer than regular Korean radishes, weighs about 500 grams , including the taproot and the greens.","The gegeol radish, smaller and firmer than regular Korean radishes, weighs about 500 kilograms , including the taproot and the greens.",contradiction
1333256_c,One female was found to have weighed 1260 grams .,One female was found to have weighed 1260 kg .,contradiction
1243717_c,"When teams acquired 2 kilograms of gems, they would receive their next clue.","When teams acquired 2 kilograms of gems, they would receive their next clue.",contradiction
1268895_c,The elephant trunkfish grazes on the seabed and can weigh up to 4 kilograms,The elephant trunkfish grazes on the seabed and can weigh up to 4 kg,contradiction
1288602_c,"The six black pieces of the meteorite fit together to form a larger meteorite, weighing 5 kilograms .","The six black pieces of the meteorite fit together to form a larger meteorite, weighing 5 kilograms .",contradiction
1301638_c,"He eventually resolved to abandon the portable boat and five of the group's rifles, reducing each man's load by 7 kilograms .","He eventually resolved to abandon the portable boat and five of the group's rifles, reducing each man's load by 7 kg .",contradiction
1307559_c,"The largest known Sommen charr weighed almost 9 kilograms , and was for a while the largest Arctic charr fished in Sweden.","The largest known Sommen charr weighed almost 9 kilograms , and was for a while the largest Arctic charr fished in Sweden.",contradiction
1225155_c,The root of the wild sweet potato can weigh 10 kilograms or more,The root of the wild sweet potato can weigh 10 kg or more,contradiction
1276951_c,In LMGTE Am Porsche had 10 kilograms of ballast added to their cars and the same amount removed from the Fords.,In LMGTE Am Porsche had 10 kilograms of ballast added to their cars and the same amount removed from the Fords.,contradiction
1321590_c,"In their first conversation, they discussed a 15 kilograms cocaine shipment.","In their first conversation, they discussed a 15 kg cocaine shipment.",contradiction
1217792_c,"They raided the home and found a nail bomb, 15 kilograms of acetone peroxide, hydrogen peroxide, and an ISIL flag.","They raided the home and found a nail bomb, 15 kilograms of acetone peroxide, hydrogen peroxide, and an ISIL flag.",contradiction
1236782_c,"An 18 kilograms meteorite was discovered frozen in ice on the Nansen ice field by a Search for Antarctic Meteorites, Belgian Approach (SAMBA) mission.","An 18 kg meteorite was discovered frozen in ice on the Nansen ice field by a Search for Antarctic Meteorites, Belgian Approach (SAMBA) mission.",contradiction
1281409_c,"The Raybolt system weight about 20 kilograms , which its manufacturer describes as lighter than peers.","The Raybolt system weight about 20 kilograms , which its manufacturer describes as lighter than peers.",contradiction
1314219_c,"Sable, who was overweight, managed to lose 20 kilograms in three months, before joining the national camp where he was trained by Nikolai Snesarev.","Sable, who was overweight, managed to lose 20 kg in three months, before joining the national camp where he was trained by Nikolai Snesarev.",contradiction
1294534_c,"The rover would carry a science payload of 23 kilograms , including a robotic arm.","The rover would carry a science payload of 23 kilograms , including a robotic arm.",contradiction
1266258_c,"The aircraft, without the wing fitted, has an empty weight of 25 kilograms .","The aircraft, without the wing fitted, has an empty weight of 25 kg .",contradiction
1232803_c,"There were plantations and ranches, but the schools largely depended on contributions by parents of about 25 kilograms of flour per pupil per year.","There were plantations and ranches, but the schools largely depended on contributions by parents of about 25 kilograms of flour per pupil per year.",contradiction
1295720_c,Increased weight of the tail structure necessitated carrying 32 kilograms of ballast in the nose.,Increased weight of the tail structure necessitated carrying 32 kg of ballast in the nose.,contradiction
1283743_c,"The chassis would become more rigid and lightweight, losing 36 kilograms .","The chassis would become more rigid and lightweight, losing 36 kilograms .",contradiction
1244252_c,Around 50 kilograms of gold were used for the utensils in this room.,Around 50 kg of gold were used for the utensils in this room.,contradiction
1218368_c,"Manoranjan Roy (born ) is a Bangladeshi male weightlifter, competing in the 77 kilograms category and representing Bangladesh at international competitions.","Manoranjan Roy (born ) is a Bangladeshi male weightlifter, competing in the 77 kilograms category and representing Bangladesh at international competitions.",contradiction
1330046_c,"Nevertheless, the weight of the new basic structure was reduced by 100 kilograms .","Nevertheless, the weight of the new basic structure was reduced by 100 kg .",contradiction
1235226_c,The bike weighs 182 kilograms and is classified as a tourer.,The bike weighs 182 kilograms and is classified as a tourer.,contradiction
1286417_c,A two-seater aircraft which has a payload capacity of 200 kilograms is planned for development..,A two-seater aircraft which has a payload capacity of 200 kg is planned for development..,contradiction
1317619_c,"The new wing was metal-skinned, with readily removed panels for internal inspection, though fabric-covering was an option, yielding an extra 200 kilograms of payload.","The new wing was metal-skinned, with readily removed panels for internal inspection, though fabric-covering was an option, yielding an extra 200 kilograms of payload.",contradiction
1330314_c,Rob Kearney's lift of 214 kilograms is an American record.,Rob Kearney's lift of 214 kg is an American record.,contradiction
1278151_c,"High-Explosive - Steel shell loaded with TNT, 218 kilograms .","High-Explosive - Steel shell loaded with TNT, 218 kilograms .",contradiction
1228272_c,"In his third attempt, Sarychev raised it even further, pressing 335 kilograms .","In his third attempt, Sarychev raised it even further, pressing 335 kg .",contradiction
1265482_c,The aircraft has a maximum gross weight of 400 kilograms .,The aircraft has a maximum gross weight of 400 kilograms .,contradiction
1242182_c,The AFG weighed only 400 kilograms due to the use of Alpax to produce a unitary-style chassis and the use of aluminum for the bodywork.,The AFG weighed only 400 kg due to the use of Alpax to produce a unitary-style chassis and the use of aluminum for the bodywork.,contradiction
1253214_c,The elevator lifts from the basement to the fourth floor not more than 450 kilograms .,The elevator lifts from the basement to the fourth floor not more than 450 kilograms .,contradiction
1265314_c,"The Explorer was designed to comply with the Fédération Aéronautique Internationale microlight category, including the category's maximum gross weight of 450 kilograms .","The Explorer was designed to comply with the Fédération Aéronautique Internationale microlight category, including the category's maximum gross weight of 450 kg .",contradiction
1330223_c,^ Eddie Hall's lift of 500 kilograms is the current equipped deadlift world record.,^ Eddie Hall's lift of 500 kilograms is the current equipped deadlift world record.,contradiction
1253043_c,External provision was made for carrying a single 500 kilograms bomb beneath the fuselage.,External provision was made for carrying a single 500 kg bomb beneath the fuselage.,contradiction
1286607_c,"... that weighing on average around 650 kilograms , the Madagascan fossil bird Vorombe (femur pictured) was the heaviest bird known?","... that weighing on average around 650 kilograms , the Madagascan fossil bird Vorombe (femur pictured) was the heaviest bird known?",contradiction
1318572_c,"While the plate added an extra 680 kilograms in weight, this was considered acceptable given the improvement to crew protection.","While the plate added an extra 680 kg in weight, this was considered acceptable given the improvement to crew protection.",contradiction
1241285_c,"The car's weight is slightly heavier, at 755 kilograms .,","The car's weight is slightly heavier, at 755 kilograms .,",contradiction
1286177_c,"With a dry weight of 855 kilograms , the Stradale has performance comparable to high performance sports cars while being driver-focused.","With a dry weight of 855 kg , the Stradale has performance comparable to high performance sports cars while being driver-focused.",contradiction
1259819_c,"Similarly, Félix da Costa's car was discovered to be under the minimum weight limit of 880 kilograms during scrutineering.","Similarly, Félix da Costa's car was discovered to be under the minimum weight limit of 880 kilograms during scrutineering.",contradiction
1332151_c,"The body has been reduced in weight to 1300 kilograms , and the height has been lowered to lower the center of gravity.","The body has been reduced in weight to 1300 kg , and the height has been lowered to lower the center of gravity.",contradiction
1302900_c,The car has a dry weight of 1460 kilograms .,The car has a dry weight of 1460 kg .,contradiction
1302883_c,The curb weight of the car amounted to 1780 kilograms .,The curb weight of the car amounted to 1780 kilograms .,contradiction
1298806_c,The telecommunication satellite had a liftoff mass of 2536 kilograms .,The telecommunication satellite had a liftoff mass of 2536 kg .,contradiction
1213662_c,"Although there are wide variations, on average each family produced 3136 kilograms of latex per year.","Although there are wide variations, on average each family produced 3136 kilograms of latex per year.",contradiction
1333194_c,The spacecraft is capable of carrying 5000 kilograms of pressurized and unpressurized cargo in total to the Gateway.,The spacecraft is capable of carrying 5000 kg of pressurized and unpressurized cargo in total to the Gateway.,contradiction
1251341_c,"The howitzer's weight 7455 kilograms was beyond the horse teams' towing capability, so it was designed to be broken down and transported in two loads.","The howitzer's weight 7455 kg was beyond the horse teams' towing capability, so it was designed to be broken down and transported in two loads.",contradiction
1277418_c,"Its combat weight was 12147 kilograms and for transport, it could be broken down into two wagon loads.","Its combat weight was 12147 kilograms and for transport, it could be broken down into two wagon loads.",contradiction
1215160_c,"It makes Gancedo the third-largest worldwide, while Anighito, part of the massive Cape York meteorite fall found in Greenland, weighs 30875 kilograms .","It makes Gancedo the third-largest worldwide, while Anighito, part of the massive Cape York meteorite fall found in Greenland, weighs 30875 kg .",contradiction
1279437_c,"Its nearest higher peak is Mount Deception, 1 miles to the north-northwest. ''","Its nearest higher peak is Mount Deception, 1 milimeters to the north-northwest. ''",contradiction
1312821_c,The club then leased land from a local golf course about 2 miles south of Blackpool.,The club then leased land from a local golf course about 2 m south of Blackpool.,contradiction
1237034_c,"The nearest town to the bay is Rothesay, which is 2 miles to the south west.","The nearest town to the bay is Rothesay, which is 2 meters to the south west.",contradiction
1229502_c,"Protesters marched 2 miles in London from Grosvenor Square in Mayfair, past the US embassy and onto Trafalgar Square.","Protesters marched 2 milimeters in London from Grosvenor Square in Mayfair, past the US embassy and onto Trafalgar Square.",contradiction
1281456_c,Four men went down the pit wearing breathing apparatus and had to carry the injured over 2 miles to get them to safety.,Four men went down the pit wearing breathing apparatus and had to carry the injured over 2 m to get them to safety.,contradiction
1305347_c,"The nearest higher peak is Mount Pugh, 4 miles to the northeast.","The nearest higher peak is Mount Pugh, 4 meters to the northeast.",contradiction
1311003_c,"Augustine Creek is a 4 miles long tributary to Delaware Bay in New Castle County, Delaware.","Augustine Creek is a 4 milimeters long tributary to Delaware Bay in New Castle County, Delaware.",contradiction
1326870_c,Weather station is located 5 miles from the Portsmouth city centre.,Weather station is located 5 m from the Portsmouth city centre.,contradiction
1332105_c,"The closest large town is the market town of Leominster, 6 miles to the north-west.","The closest large town is the market town of Leominster, 6 meters to the north-west.",contradiction
1216248_c,The length of the line between Castleford East Junction and Garforth was 6 miles .,The length of the line between Castleford East Junction and Garforth was 6 milimeters .,contradiction
1252224_c,About 7 miles of track were in the Cleveland city limits.,About 7 m of track were in the Cleveland city limits.,contradiction
1291228_c,Altoona is located about 7 miles northwest of the Game Lands.,Altoona is located about 7 meters northwest of the Game Lands.,contradiction
1309502_c,"From the western terminus, the first 8 miles is paved with partial design bituminous pavement and the remainder is paved with composite pavement.","From the western terminus, the first 8 milimeters is paved with partial design bituminous pavement and the remainder is paved with composite pavement.",contradiction
1272086_c,Hébuterne is 9 miles north of Albert and Gommecourt lies further north.,Hébuterne is 9 m north of Albert and Gommecourt lies further north.,contradiction
1294201_c,A 9 miles borehole drilled by Soviet scientists uncovers the sounds of millions of damned souls.,A 9 meters borehole drilled by Soviet scientists uncovers the sounds of millions of damned souls.,contradiction
1296703_c,"For most of its 9 miles length, it is a county road and forms a boundary between townships.","For most of its 9 milimeters length, it is a county road and forms a boundary between townships.",contradiction
1247519_c,"It is located in the Wallowa–Whitman National Forest, about 10 miles northeast of Sumpter.","It is located in the Wallowa–Whitman National Forest, about 10 m northeast of Sumpter.",contradiction
1212114_c,The Cobre Mine is about 12 miles north west of Santiago Bay in the Sierra Maestra.,The Cobre Mine is about 12 meters north west of Santiago Bay in the Sierra Maestra.,contradiction
1264809_c,Mary Jane Reoch rode 12 miles to the hospital on her racing bike to give birth to her daughter,Mary Jane Reoch rode 12 milimeters to the hospital on her racing bike to give birth to her daughter,contradiction
1324732_c,"The Ashton to Tetonia Trail is a 29 miles trail from Ashton, Idaho to Tetonia, Idaho","The Ashton to Tetonia Trail is a 29 m trail from Ashton, Idaho to Tetonia, Idaho",contradiction
1222882_c,"Atwood is a former mining settlement located 35 miles northeast of Mina in Nye County, Nevada.","Atwood is a former mining settlement located 35 meters northeast of Mina in Nye County, Nevada.",contradiction
1280520_c,"Cuchilla Grande Inferior stretches east-west approximately from Alejandro Gallinal to Cardona, in a distance of approximately 120 miles . [","Cuchilla Grande Inferior stretches east-west approximately from Alejandro Gallinal to Cardona, in a distance of approximately 120 milimeters . [",contradiction
1219890_c,"The Great Sand Sea is a roughly lung-shaped area of sandy desert lying astride the border with Libya, 200 miles inland from the Mediterranean.","The Great Sand Sea is a roughly lung-shaped area of sandy desert lying astride the border with Libya, 200 m inland from the Mediterranean.",contradiction
1259402_c,Little Mehoopany Creek joins the Susquehanna River 231 miles upstream of its mouth.,Little Mehoopany Creek joins the Susquehanna River 231 meters upstream of its mouth.,contradiction
1224672_c,"Despite the presence of a Spanish force shadowing him, Raleigh successfully navigated the river and inlets, penetrating some 400 miles into the Guiana highlands.","Despite the presence of a Spanish force shadowing him, Raleigh successfully navigated the river and inlets, penetrating some 400 milimeters into the Guiana highlands.",contradiction
1301973_c,"The four sepals are triangular, 1 mm long with pimply glands.","The four sepals are triangular, 1 meters long with pimply glands.",contradiction
1248023_c,in compact clusters on pedicels which are less than 2 mm long.,in compact clusters on pedicels which are less than 2 miles long.,contradiction
1259426_c,Subtending the ovary are four awl-shaped scales of about 2 mm long.,Subtending the ovary are four awl-shaped scales of about 2 km long.,contradiction
1234668_c,"Small to 2 mm , dense and appressed, spiralling, dark green to olive","Small to 2 meters , dense and appressed, spiralling, dark green to olive",contradiction
1277143_c,"The species is small and brown, with a cephalothorax typically measuring 2 mm long.","The species is small and brown, with a cephalothorax typically measuring 2 miles long.",contradiction
1237385_c,"The four petals are about 2 mm long, overlap each other and are densely hairy.","The four petals are about 2 cm long, overlap each other and are densely hairy.",contradiction
1305625_c,"The four sepals are dark red, narrow triangular to egg-shaped and about 2 mm long.","The four sepals are dark red, narrow triangular to egg-shaped and about 2 meters long.",contradiction
1248712_c,"Its rectangular section fuselage was entirely wooden, with spruce longerons and 2 mm thick plywood covering.","Its rectangular section fuselage was entirely wooden, with spruce longerons and 2 miles thick plywood covering.",contradiction
1232606_c,The sides of the labellum have many reddish teeth up to 2 mm long and the tip is curled under.,The sides of the labellum have many reddish teeth up to 2 m long and the tip is curled under.,contradiction
1254740_c,"The cowling blended smoothly into the rest of the fuselage which was a 2 mm thick ply-skinned semi-monocoque, tapering to the rear.","The cowling blended smoothly into the rest of the fuselage which was a 2 meters thick ply-skinned semi-monocoque, tapering to the rear.",contradiction
1332644_c,"The floral cup is mostly glabrous, about 3 mm long.","The floral cup is mostly glabrous, about 3 miles long.",contradiction
1252763_c,Myopites stylatus can reach a length of about 3 mm .,Myopites stylatus can reach a length of about 3 km .,contradiction
1272025_c,"The callus is about 3 mm long with its central part covered with short, bristly hair-like glands.","The callus is about 3 meters long with its central part covered with short, bristly hair-like glands.",contradiction
1267125_c,There are two ridge-shaped calli 3 mm long at the base of the mid-line of the labellum.,There are two ridge-shaped calli 3 mi long at the base of the mid-line of the labellum.,contradiction
1247524_c,"Fruit bodies of M. rubiginosa are distinguished by their reddish colour, and spines up to 3 mm long.","Fruit bodies of M. rubiginosa are distinguished by their reddish colour, and spines up to 3 centimeters long.",contradiction
1254895_c,The floral cup is hairy and about 4 mm long.,The floral cup is hairy and about 4 meters long.,contradiction
1300822_c,"These surround numerous bisexual disc florets with a yellow corolla of about 4 mm long, hairy in the middle.","These surround numerous bisexual disc florets with a yellow corolla of about 4 miles long, hairy in the middle.",contradiction
1287836_c,"Individual flowers are slightly sweetly scented, with greenish white tepals up to 5 mm long.","Individual flowers are slightly sweetly scented, with greenish white tepals up to 5 centimeters long.",contradiction
1302345_c,The flowers are borne singly in leaf axils on a pedicel up to 5 mm long.,The flowers are borne singly in leaf axils on a pedicel up to 5 meters long.,contradiction
1262285_c,The flowers are about 5 mm long and wide and are inverted so that the labellum is above the column rather than below it.,The flowers are about 5 km long and wide and are inverted so that the labellum is above the column rather than below it.,contradiction
1292292_c,"Both sexes mouthbrood although up to 6 mm in length, the fry are mouthbrooded only by the female.","Both sexes mouthbrood although up to 6 centimeters in length, the fry are mouthbrooded only by the female.",contradiction
1268834_c,"The islands in Great Egg Harbor Bay, a habitat for migratory birds, are eroding at a rate of 7 mm per year","The islands in Great Egg Harbor Bay, a habitat for migratory birds, are eroding at a rate of 7 mi per year",contradiction
1251289_c,"Additionally, the eye socket is very large, measuring 10 mm long, although this may be due to the animal's immaturity.","Additionally, the eye socket is very large, measuring 10 miles long, although this may be due to the animal's imilesaturity.",contradiction
1261829_c,Larvae are 12 mm and are white with brown heads.,Larvae are 12 centimeters and are white with brown heads.,contradiction
1331140_c,Integrated 12 mm automatic machine gun despite self-protection and near air threats.,Integrated 12 mi automatic machine gun despite self-protection and near air threats.,contradiction
1243723_c,It has a shining dark brown color and is about 12 mm long.,It has a shining dark brown color and is about 12 miles long.,contradiction
1325188_c,The anti-aircraft armament consisted of two or four  13 mm  machine guns.,The anti-aircraft armament consisted of two or four  13 centimeters  machine guns.,contradiction
1242024_c,The light anti-aircraft armament consisted of one or two pairs of  13 mm  machine guns.,The light anti-aircraft armament consisted of one or two pairs of  13 meters  machine guns.,contradiction
1320592_c,An incision 18 mm long was made parallel to the inguinal ligament and sealed with resin.,An incision 18 miles long was made parallel to the inguinal ligament and sealed with resin.,contradiction
1237875_c,"The larvae resemble caterpillars, and when fully grown are about 20 mm long.","The larvae resemble caterpillars, and when fully grown are about 20 centimeters long.",contradiction
1299737_c,"The flower buds are arranged in groups of seven on a flattened peduncle up to 24 mm long, the individual buds on a short pedicel.","The flower buds are arranged in groups of seven on a flattened peduncle up to 24 meters long, the individual buds on a short pedicel.",contradiction
1228483_c,Megabalanus californicus is a large acorn barnacle with a diameter of up to 30 mm .,Megabalanus californicus is a large acorn barnacle with a diameter of up to 30 miles .,contradiction
1217506_c,"The Sainya Seva Medal is circular in shape, made of cupro-nickel, 35 mm in diameter.","The Sainya Seva Medal is circular in shape, made of cupro-nickel, 35 cm in diameter.",contradiction
1319851_c,"The medal is round, silver in color and 36 mm in diameter.","The medal is round, silver in color and 36 meters in diameter.",contradiction
1284703_c,The test of this sea urchin is up to 40 mm in diameter.,The test of this sea urchin is up to 40 miles in diameter.,contradiction
1218357_c,The hatches above the engine room were 50 mm thick.,The hatches above the engine room were 50 cm thick.,contradiction
1315388_c,Donegal town was partially flooded after 50 mm of rain fell as the River Eske approached high tide.,Donegal town was partially flooded after 50 m of rain fell as the River Eske approached high tide.,contradiction
1272523_c,"The lateral sepals are erect, thread-like and are up to 60 mm longer than the flower.","The lateral sepals are erect, thread-like and are up to 60 mi longer than the flower.",contradiction
1254410_c,Between five and twenty strongly scented flowers are irregularly arranged along a drooping flowering stem up to 60 mm long.,Between five and twenty strongly scented flowers are irregularly arranged along a drooping flowering stem up to 60 km long.,contradiction
1312754_c,Rainfall extended north to Guadeloupe were accumulations reached 121 mm in Matouba.,Rainfall extended north to Guadeloupe were accumulations reached 121 meters in Matouba.,contradiction
1298272_c,As a result of these changes the Szittya II was 160 mm longer.,As a result of these changes the Szittya II was 160 miles longer.,contradiction
1232440_c,"Later, as the storm approached open water once again, it dropped over 200 mm of precipitation along the southern coast of Queensland.","Later, as the storm approached open water once again, it dropped over 200 centimeters of precipitation along the southern coast of Queensland.",contradiction
1330189_c,"They carried their main battery of four 240 mm guns in open barbettes, two forward side-by-side and the other two aft on the centerline. ''","They carried their main battery of four 240 meters guns in open barbettes, two forward side-by-side and the other two aft on the centerline. ''",contradiction
1242699_c,There is a single yellowish green flower with transparent white stripes borne on a flowering stem up to 330 mm high.,There is a single yellowish green flower with transparent white stripes borne on a flowering stem up to 330 miles high.,contradiction
1239408_c,"A precipitation maximum occurred in Yakushima, where 342 mm of rain fell.","A precipitation maximum occurred in Yakushima, where 342 centimeters of rain fell.",contradiction
1252499_c,Between fifteen and forty five flowers are arranged along a flowering spike up to 450 mm high.,Between fifteen and forty five flowers are arranged along a flowering spike up to 450 mi high.,contradiction
1334303_c,She was also armed with two 457 mm torpedo tubes in her hull above the waterline.,She was also armed with two 457 miles torpedo tubes in her hull above the waterline.,contradiction
1242417_c,"Most rainfall is in June, July, August and September, with average precipitation of 878 mm .","Most rainfall is in June, July, August and September, with average precipitation of 878 km .",contradiction
1266334_c,"Many elements of the meeting were expressly designed for symbolism, including an oval meeting table measuring 2018 mm to represent the year.","Many elements of the meeting were expressly designed for symbolism, including an oval meeting table measuring 2018 meters to represent the year.",contradiction
1306517_c,"In the Serra do Mar, in São Paulo, it rains on the average more than 3600 mm .","In the Serra do Mar, in São Paulo, it rains on the average more than 3600 miles .",contradiction
1274162_c,The plant can cover a total area as much as 20 sqft .,The plant can cover a total area as much as 20 sqkm .,contradiction
1276486_c,"Plans were drawn up for a new building which included a 30 sqft office, mail room, public space and telegraph room.","Plans were drawn up for a new building which included a 30 sqmi office, mail room, public space and telegraph room.",contradiction
1234272_c,"Base model with 98 sqft of sail area, plus a gennaker.","Base model with 98 sqmi of sail area, plus a gennaker.",contradiction
1290188_c,"Factory options included a 200 sqft asymmetrical spinnaker, portable toilet, motor mount and a highway trailer.","Factory options included a 200 sqm asymmetrical spinnaker, portable toilet, motor mount and a highway trailer.",contradiction
1300117_c,"He lived in a three-storey, 6000 sqft downtown Toronto loft which doubled as a museum housing thousands of his acquired treasures.","He lived in a three-storey, 6000 sqkm downtown Toronto loft which doubled as a museum housing thousands of his acquired treasures.",contradiction
1246956_c,At least 8400 sqft of the building will be designated for retail use.,At least 8400 square miles of the building will be designated for retail use.,contradiction
1220607_c,"The total interior footprint is 12800 sqft ; interiors are decorated in wood paneling, principally Douglas fir and Honduran mahogany.","The total interior footprint is 12800 sqm ; interiors are decorated in wood paneling, principally Douglas fir and Honduran mahogany.",contradiction
1330182_c,"To supplement the steam engines, she was fitted with a brig sail rig with a total area of 23200 sqft .","To supplement the steam engines, she was fitted with a brig sail rig with a total area of 23200 sqmi .",contradiction
1260027_c,"Between all three locations, they brew and serve beer on over 70000 sqft .","Between all three locations, they brew and serve beer on over 70000 sqm .",contradiction
1294560_c,This would use up 800000 sqft of the air rights.,This would use up 800000 square meters of the air rights.,contradiction
1319478_c,The sanctuary's 2 sqkm lake and surrounding marshland provide habitat for waterfowl and freshwater fish.,The sanctuary's 2 square meters lake and surrounding marshland provide habitat for waterfowl and freshwater fish.,contradiction
1317346_c,"According to the U.S. Census Bureau, the Norfolk CDP has a total area of 2 sqkm , all of it recorded as land.","According to the U.S. Census Bureau, the Norfolk CDP has a total area of 2 m2 , all of it recorded as land.",contradiction
1228066_c,It is part of a 3 sqkm protected area (Reserva Natural da Lagoa Cimidor) which also includes the adjacent coast.,It is part of a 3 m2 protected area (Reserva Natural da Lagoa Cimidor) which also includes the adjacent coast.,contradiction
1295218_c,The remainder drains into a number of smaller seasonal lakes and swamps further downstream with a total area of 3 sqkm .,The remainder drains into a number of smaller seasonal lakes and swamps further downstream with a total area of 3 square meters .,contradiction
1319437_c,"The primary reserve, where the members live, is 33 sqkm .","The primary reserve, where the members live, is 33 square miles .",contradiction
1239073_c,The present local government administers an area of 54 sqkm .,The present local government administers an area of 54 sqm .,contradiction
1222021_c,The 107 sqkm municipality encompassed the southern half of the present-day municipality of Audnedal.,The 107 sqmi municipality encompassed the southern half of the present-day municipality of Audnedal.,contradiction
1234462_c,The region the biggest contiguous fruit orchard in Central Europe extends over 143 sqkm .,The region the biggest contiguous fruit orchard in Central Europe extends over 143 sqm .,contradiction
1228047_c,These cones and associated lava flows cover a surface of about 200 sqkm .,These cones and associated lava flows cover a surface of about 200 sqmi .,contradiction
1254699_c,The species' range encompasses only about 290 sqkm in the Great Sand Dunes National Park in Colorado.,The species' range encompasses only about 290 square meters in the Great Sand Dunes National Park in Colorado.,contradiction
1220930_c,"All of them were captured by the next day, resulting in the alliance gaining about 460 sqkm of land.","All of them were captured by the next day, resulting in the alliance gaining about 460 m2 of land.",contradiction
1296642_c,"The game's playable area is 870 sqkm , which was done to place dangerous and challenging areas in between rewards that players might seek out.","The game's playable area is 870 m2 , which was done to place dangerous and challenging areas in between rewards that players might seek out.",contradiction
1253711_c,"Pakan District is an administrative district in Sarikei Division, Sarawak, Malaysia, covering an area of 924 sqkm .","Pakan District is an administrative district in Sarikei Division, Sarawak, Malaysia, covering an area of 924 square meters .",contradiction
1237111_c,The two parks together form a protected area of 1390 sqkm .,The two parks together form a protected area of 1390 square miles .,contradiction
1233440_c,The last glacial maximum lake had a surface area of about 1600 sqkm .,The last glacial maximum lake had a surface area of about 1600 sqm .,contradiction
1217770_c,The Hayes' run both Hereford and Droughtmaster cattle on the 2134 sqkm property.,The Hayes' run both Hereford and Droughtmaster cattle on the 2134 sqmi property.,contradiction
1294444_c,The Einasleigh River has a catchment area of 24366 sqkm .,The Einasleigh River has a catchment area of 24366 sqm .,contradiction
1243488_c,"Pınargözü Cave is located within a karst region of the western Taurus Mountains, which encompasses nearly 40000 sqkm .","Pınargözü Cave is located within a karst region of the western Taurus Mountains, which encompasses nearly 40000 sqmi .",contradiction
1220167_c,"This brought its area up to 761576 sqkm , including parts of the states of Amazonas, Rondônia, Pará, Mato Grosso and Tocantins.","This brought its area up to 761576 m2 , including parts of the states of Amazonas, Rondônia, Pará, Mato Grosso and Tocantins.",contradiction
1220694_c,"According to the United States Geological Survey, the CDP has a total area of 1 sqmi , all of it land.","According to the United States Geological Survey, the CDP has a total area of 1 sqm , all of it land.",contradiction
1314362_c,Baskin Run drains 4 sqmi of Erie Drift Plain (glacial geology).,Baskin Run drains 4 sqkm of Erie Drift Plain (glacial geology).,contradiction
1314683_c,Townley Run drains 4 sqmi of Erie Drift Plain (glacial geology).,Townley Run drains 4 sqft of Erie Drift Plain (glacial geology).,contradiction
1233086_c,The watershed of the stream has an area of approximately 6 sqmi .,The watershed of the stream has an area of approximately 6 square meters .,contradiction
1235971_c,"It covers an area of 99 sqmi and was named after David James, a former member of the South Australian Parliament.","It covers an area of 99 sqm and was named after David James, a former member of the South Australian Parliament.",contradiction
1224823_c,Thomes Creek is a highly seasonal stream and drains a mostly rural watershed of some 300 sqmi .,Thomes Creek is a highly seasonal stream and drains a mostly rural watershed of some 300 square meters .,contradiction
1263785_c,They lay both east and north of the Great Dividing Range Norman Tindale set their lands at 2300 sqmi .,They lay both east and north of the Great Dividing Range Norman Tindale set their lands at 2300 sqkm .,contradiction
1320375_c,1 kilometers north to a creek (coming from the west);,1 meters north to a creek (coming from the west);,contradiction
1260922_c,"1 kilometers north, crossing Lakes Madeleine, Roger and Jean-George, to the Canadian National Railway;","1 centimeters north, crossing Lakes Madeleine, Roger and Jean-George, to the Canadian National Railway;",contradiction
1322196_c,"1 kilometers towards the northwest by forming a ball towards the northeast, until the mouth of the river.","1 meters towards the northwest by forming a ball towards the northeast, until the mouth of the river.",contradiction
1270359_c,"1 kilometers northeasterly across the boundary of the townships of Toussaint and Perrier, to the outlet (coming from the North) of Larouche Lake;","1 m northeasterly across the boundary of the townships of Toussaint and Perrier, to the outlet (coming from the North) of Larouche Lake;",contradiction
1239089_c,"2 kilometers south of the village center of Boileau, Quebec;","2 cm south of the village center of Boileau, Quebec;",contradiction
1332009_c,2 kilometers south of the limit of the Laurentides Wildlife Reserve;,2 meters south of the limit of the Laurentides Wildlife Reserve;,contradiction
1322235_c,2 kilometers south-east of the center of the village of Hébertville;,2 centimeters south-east of the center of the village of Hébertville;,contradiction
1279046_c,It is also one of the longest avenues in NSW being 2 kilometers long.,It is also one of the longest avenues in NSW being 2 meters long.,contradiction
1267269_c,It was located in the Karaolos area 2 kilometers northwest of Famagusta's old town.,It was located in the Karaolos area 2 m northwest of Famagusta's old town.,contradiction
1320783_c,The current from Pierre River crosses Brébeuf Lake for 2 kilometers to the east.,The current from Pierre River crosses Brébeuf Lake for 2 cm to the east.,contradiction
1332796_c,2 kilometers south-east of the confluence of the Rouge East River and the Rouge River (Montmorency River).,2 meters south-east of the confluence of the Rouge East River and the Rouge River (Montmorency River).,contradiction
1245046_c,The plant sources its water from the nearby Ardsley Reservoir which is 2 kilometers to the west.,The plant sources its water from the nearby Ardsley Reservoir which is 2 centimeters to the west.,contradiction
1320197_c,2 kilometers to the South winding to the outlet of the Lac aux Brochets (coming from the East);,2 meters to the South winding to the outlet of the Lac aux Brochets (coming from the East);,contradiction
1230112_c,"The race included five stages: the first was a 2 kilometers prologue individual time trial stage, with the remaining four stages being road stages.","The race included five stages: the first was a 2 m prologue individual time trial stage, with the remaining four stages being road stages.",contradiction
1324220_c,"2 kilometers towards the south by forming a loop towards the south-east, then a hook towards the west, up to a bend in the river;","2 cm towards the south by forming a loop towards the south-east, then a hook towards the west, up to a bend in the river;",contradiction
1323012_c,"3 kilometers to the north, forming a large S and collecting Mater stream (coming from the northwest);","3 meters to the north, forming a large S and collecting Mater stream (coming from the northwest);",contradiction
1269728_c,the Southwest arm stretches over 3 kilometers as far as Poisson Township by collecting the waters of the Adolphe-Poisson Bay.,the Southwest arm stretches over 3 centimeters as far as Poisson Township by collecting the waters of the Adolphe-Poisson Bay.,contradiction
1238394_c,The engine driver managed to stop the train on Maunby Bridge (over the River Swale) some 3 kilometers after the initial derailment.,The engine driver managed to stop the train on Maunby Bridge (over the River Swale) some 3 meters after the initial derailment.,contradiction
1232517_c,The Pinang River meanders eastwards for about 3 kilometers from the confluence between Air Terjun and Air Itam Rivers towards the Penang Strait.,The Pinang River meanders eastwards for about 3 m from the confluence between Air Terjun and Air Itam Rivers towards the Penang Strait.,contradiction
1336382_c,"4 kilometers towards the south-east, bypassing Archange-Godbout Island, up to the limit of Crabtree;","4 cm towards the south-east, bypassing Archange-Godbout Island, up to the limit of Crabtree;",contradiction
1250651_c,"4 kilometers at the north, to the outlet of Lake Breynat (coming from the West);","4 meters at the north, to the outlet of Lake Breynat (coming from the West);",contradiction
1277202_c,"Doonmore lies on a headland reaching into Dingle Bay, 4 kilometers southeast of Dingle town.","Doonmore lies on a headland reaching into Dingle Bay, 4 centimeters southeast of Dingle town.",contradiction
1213879_c,"Mortimer's Castle is located on the east bank of Lough Derravaragh, 4 kilometers southwest of Castlepollard.","Mortimer's Castle is located on the east bank of Lough Derravaragh, 4 meters southwest of Castlepollard.",contradiction
1315707_c,A peat bog that extends 4 kilometers northeast of the hamlet is called the Grande Plaine de la Chaloupe.,A peat bog that extends 4 m northeast of the hamlet is called the Grande Plaine de la Chaloupe.,contradiction
1260891_c,5 kilometers northeasterly to the western limit of Lacroix township;,5 cm northeasterly to the western limit of Lacroix township;,contradiction
1323251_c,5 kilometers west of the mouth of the head lake of Launière River;,5 meters west of the mouth of the head lake of Launière River;,contradiction
1260324_c,5 kilometers northeasterly to the outlet (from the south) of André and Machault lakes;,5 centimeters northeasterly to the outlet (from the south) of André and Machault lakes;,contradiction
1257729_c,6 kilometers north-east to Villegagnan Creek (coming from the east);,6 meters north-east to Villegagnan Creek (coming from the east);,contradiction
1260569_c,6 kilometers northeasterly in the Nelligan Township in a swamp zone to its mouth.,6 m northeasterly in the Nelligan Township in a swamp zone to its mouth.,contradiction
1223563_c,"Especially a tumulus named Oylum Höyük just 6 kilometers southeast of Kilis centrum, is an important source of archaeologic finds.","Especially a tumulus named Oylum Höyük just 6 cm southeast of Kilis centrum, is an important source of archaeologic finds.",contradiction
1262835_c,Vernes is about 8 kilometers west of the village of Vassbygda.,Vernes is about 8 meters west of the village of Vassbygda.,contradiction
1242446_c,"Rajdeher Fort ( ) is a fort located 10 kilometers from chandwad, Nashik district, of Maharashtra.","Rajdeher Fort ( ) is a fort located 10 centimeters from chandwad, Nashik district, of Maharashtra.",contradiction
1247210_c,The temple is located in the Gonagolla village on Ampara – Maha Oya road approximately 10 kilometers distance from Uhana town.,The temple is located in the Gonagolla village on Ampara – Maha Oya road approximately 10 meters distance from Uhana town.,contradiction
1302123_c,"House of the Sun, ancient ""On''"" ( ; 10 kilometers northeast of Cairo, the ancient worship center of sun-god Re, ), later called ""Heliopolis"".","House of the Sun, ancient ""On''"" ( ; 10 m northeast of Cairo, the ancient worship center of sun-god Re, ), later called ""Heliopolis"".",contradiction
1255610_c,"11 kilometers to South, then south-east winding to a creek (coming from the Southwest);","11 cm to South, then south-east winding to a creek (coming from the Southwest);",contradiction
1292540_c,"This is approximately 11 kilometers , north-east of Kayabwe, the town to Buwama's immediate south, along the Masaka Highway.","This is approximately 11 meters , north-east of Kayabwe, the town to Buwama's immediate south, along the Masaka Highway.",contradiction
1243782_c,"Ilha Rasa Lighthouse ( ) is an active lighthouse on the namesake island located 11 kilometers from Guanabara Bay, Rio de Janeiro, Brazil.","Ilha Rasa Lighthouse ( ) is an active lighthouse on the namesake island located 11 centimeters from Guanabara Bay, Rio de Janeiro, Brazil.",contradiction
1335326_c,12 kilometers north-west of the confluence of the Gouffre river and the Saint-Laurent river.,12 meters north-west of the confluence of the Gouffre river and the Saint-Laurent river.,contradiction
1263836_c,"This is approximately 12 kilometers , by road, north-east of the central business district of Kampala, the capital and largest city of Uganda.","This is approximately 12 m , by road, north-east of the central business district of Kampala, the capital and largest city of Uganda.",contradiction
1306819_c,"Purupuruni has formed on the rim of a depression, which is surrounded by eroded Quaternary volcanoes and appears to be a 13 kilometers wide caldera.","Purupuruni has formed on the rim of a depression, which is surrounded by eroded Quaternary volcanoes and appears to be a 13 cm wide caldera.",contradiction
1252131_c,"14 kilometers North-East of the village center of Villebois, Quebec;","14 meters North-East of the village center of Villebois, Quebec;",contradiction
1322182_c,16 kilometers south-east of the confluence of Lac Saint-Jean and the Saguenay River (ie at the entrance to La Petite Décharge) .,16 centimeters south-east of the confluence of Lac Saint-Jean and the Saguenay River (ie at the entrance to La Petite Décharge) .,contradiction
1313665_c,The lake's outlet is 17 kilometers from the mouth of the river.,The lake's outlet is 17 meters from the mouth of the river.,contradiction
1255690_c,19 kilometers East of the mouth of the Maicasagi River;,19 m East of the mouth of the Maicasagi River;,contradiction
1213255_c,19 kilometers at the southwest of the confluence of the Big Black River (Saint John River).,19 cm at the southwest of the confluence of the Big Black River (Saint John River).,contradiction
1333698_c,24 kilometers west of the northwest shore of the St. Lawrence River;,24 meters west of the northwest shore of the St. Lawrence River;,contradiction
1327773_c,"26 kilometers generally south along the course of the Pins River, to the north shore of Lac Saint-Joseph;","26 centimeters generally south along the course of the Pins River, to the north shore of Lac Saint-Joseph;",contradiction
1239522_c,"It runs as a ring road within the city of Munich in Bavaria, is 28 kilometers long, and is the most traffic-prone road in Germany.","It runs as a ring road within the city of Munich in Bavaria, is 28 meters long, and is the most traffic-prone road in Germany.",contradiction
1221355_c,Lovely Professional University is 39 kilometers away from the village.,Lovely Professional University is 39 m away from the village.,contradiction
1223970_c,"Senior Lieutenant Gürcan Ulucan Airfield or just Temelli Airfield is a small airfield located approximately 45 kilometers southwest of Ankara, Turkey.","Senior Lieutenant Gürcan Ulucan Airfield or just Temelli Airfield is a small airfield located approximately 45 cm southwest of Ankara, Turkey.",contradiction
1333589_c,It is located about 52 kilometers south-west of the town of Devonport.,It is located about 52 meters south-west of the town of Devonport.,contradiction
1260289_c,"Distance between Deulgaon Tad, and district headquarter Jalna is 53 kilometers .","Distance between Deulgaon Tad, and district headquarter Jalna is 53 centimeters .",contradiction
1322586_c,56 kilometers south-west of the confluence of the Chicoutimi River and the Saguenay River;,56 meters south-west of the confluence of the Chicoutimi River and the Saguenay River;,contradiction
1277183_c,"It was built in the steep precipices and cliffs in Beiquan Village, 65 kilometers to the northeast of Pingshun County.","It was built in the steep precipices and cliffs in Beiquan Village, 65 m to the northeast of Pingshun County.",contradiction
1242534_c,The Pacific lowlands are largely a coastal plain extending approximately 75 kilometers inland from the Pacific Ocean.,The Pacific lowlands are largely a coastal plain extending approximately 75 cm inland from the Pacific Ocean.,contradiction
1303096_c,"The college, is expected to be based in the city of Jinja, approximately 78 kilometers , by road, east ofKampala, Uganda's capital and largest city.","The college, is expected to be based in the city of Jinja, approximately 78 meters , by road, east ofKampala, Uganda's capital and largest city.",contradiction
1239600_c,This segment is 100 kilometers long and extends between the volcanoes Isluga in the north and Irruputuncu in the south.,This segment is 100 centimeters long and extends between the volcanoes Isluga in the north and Irruputuncu in the south.,contradiction
1260410_c,"From the mouth of the head lake, the Aigle River flows over 111 kilometers according to the following segments:","From the mouth of the head lake, the Aigle River flows over 111 meters according to the following segments:",contradiction
1258622_c,118 kilometers south of the confluence of the Opawica River and the Chibougamau River;,118 m south of the confluence of the Opawica River and the Chibougamau River;,contradiction
1301324_c,"Mark Vornhusen's web camera documented the fireball from Vechta, located about 160 kilometers from Braunschweig.","Mark Vornhusen's web camera documented the fireball from Vechta, located about 160 cm from Braunschweig.",contradiction
1217398_c,The race started in Roeselare and followed a 203 kilometers course to finish in Waregem.,The race started in Roeselare and followed a 203 meters course to finish in Waregem.,contradiction
1318866_c,It is approximately 250 kilometers from the capital city of Wellington.,It is approximately 250 centimeters from the capital city of Wellington.,contradiction
1243899_c,The race was initially scheduled to be contested over 280 kilometers including seven laps of the Harrogate finish circuit.,The race was initially scheduled to be contested over 280 meters including seven laps of the Harrogate finish circuit.,contradiction
1298282_c,"It takes a general northerly direction through nine Kenyan counties, skirting Mount Kenya to end at Isiolo, approximately 305 kilometers , to the north.","It takes a general northerly direction through nine Kenyan counties, skirting Mount Kenya to end at Isiolo, approximately 305 m , to the north.",contradiction
1257929_c,The event was based in Marmaris in Muğla and consists of seventeen special stages totalling 312 kilometers in competitive kilometres.,The event was based in Marmaris in Muğla and consists of seventeen special stages totalling 312 cm in competitive kilometres.,contradiction
1288151_c,The rally covered a total competitive distance of 316 kilometers .,The rally covered a total competitive distance of 316 meters .,contradiction
1287117_c,"This is approximately 350 kilometers , by road, north of Mpika, the largest city in the province.","This is approximately 350 centimeters , by road, north of Mpika, the largest city in the province.",contradiction
1235709_c,The erect shrub typically grows to a height of 3 meters .,The erect shrub typically grows to a height of 3 centimeters .,contradiction
1249613_c,"Only the north east angle Clackriach Castle remains, about 7 meters high.","Only the north east angle Clackriach Castle remains, about 7 milimeters high.",contradiction
1222129_c,Eucalyptus tardecidens is a mallee or a tree that typically grows to a height of 7 meters and forms a lignotuber.,Eucalyptus tardecidens is a mallee or a tree that typically grows to a height of 7 kilometers and forms a lignotuber.,contradiction
1253748_c,The floor slopes at a depth of just less than 8 meters .,The floor slopes at a depth of just less than 8 km .,contradiction
1256006_c,"A team may choose to take a ""quick"" free kick, that is, take the kick while opponents are within the 9 meters minimum required distance.","A team may choose to take a ""quick"" free kick, that is, take the kick while opponents are within the 9 mm minimum required distance.",contradiction
1273332_c,The Mahavira Hall in it has single-eave gable and hip roof and is 10 meters high.,The Mahavira Hall in it has single-eave gable and hip roof and is 10 cm high.,contradiction
1310419_c,"The iron-cemented upper part of the formation forms however steep cliffs, which can be more than 10 meters high.","The iron-cemented upper part of the formation forms however steep cliffs, which can be more than 10 centimeters high.",contradiction
1252147_c,The two rooms were dug to a depth of 11 meters .,The two rooms were dug to a depth of 11 milimeters .,contradiction
1307367_c,The tunnel made by the larva of a small fly inside a birch tree may reach 17 meters,The tunnel made by the larva of a small fly inside a birch tree may reach 17 kilometers,contradiction
1228898_c,"Quercus hartwissiana is a large deciduous tree, reaching heights of 35 meters , with umbrella-shaped crown and ascending branches.","Quercus hartwissiana is a large deciduous tree, reaching heights of 35 km , with umbrella-shaped crown and ascending branches.",contradiction
1286298_c,"This section extends for a total length of about 40 meters , although not all of the kerb is fully exposed. (","This section extends for a total length of about 40 mm , although not all of the kerb is fully exposed. (",contradiction
1309448_c,The westernmost of these springs was about 67 meters higher than the drilling rigs.,The westernmost of these springs was about 67 cm higher than the drilling rigs.,contradiction
1281290_c,Depressions up to 75 meters deep cover the flat top.,Depressions up to 75 centimeters deep cover the flat top.,contradiction
1225794_c,The distance between the coast and the islet is less than 100 meters .,The distance between the coast and the islet is less than 100 milimeters .,contradiction
1250156_c,It grows in sunny areas with disturbed soil from sea level to an altitude of 200 meters .,It grows in sunny areas with disturbed soil from sea level to an altitude of 200 kilometers .,contradiction
1249741_c,A bell-shaped cavity was then discovered 230 meters from the entrance.,A bell-shaped cavity was then discovered 230 km from the entrance.,contradiction
1219566_c,These flows reached a thickness of approximately 250 meters .,These flows reached a thickness of approximately 250 mm .,contradiction
1254636_c,The Kauskatitineu River originates from a forest stream (elevation: 264 meters ) located at:,The Kauskatitineu River originates from a forest stream (elevation: 264 cm ) located at:,contradiction
1229951_c,"The park has rugged terrain with valleys and ridges, rising to an elevation of almost 309 meters .","The park has rugged terrain with valleys and ridges, rising to an elevation of almost 309 centimeters .",contradiction
1251803_c,"The source of the ""Lavergne River"" is a forest stream (altitude: 310 meters ) located at:","The source of the ""Lavergne River"" is a forest stream (altitude: 310 milimeters ) located at:",contradiction
1333901_c,Kai Kung Shan (Sai Kung District) ( 399 meters ) in Sai Kung District,Kai Kung Shan (Sai Kung District) ( 399 kilometers ) in Sai Kung District,contradiction
1220892_c,The fish is bathypelagic and has been found at depths of around 610 meters .,The fish is bathypelagic and has been found at depths of around 610 km .,contradiction
1335502_c,"The nearest of these is Monthey Ville, is 700 meters to the west.","The nearest of these is Monthey Ville, is 700 mm to the west.",contradiction
1299527_c,"The preferred natural habitat of G. ceciliae is forest, at altitudes from sea level to 900 meters .","The preferred natural habitat of G. ceciliae is forest, at altitudes from sea level to 900 cm .",contradiction
1324367_c,The highest point is a 962 meters high unnamed summit in the southern half of the northern part.,The highest point is a 962 centimeters high unnamed summit in the southern half of the northern part.,contradiction
1278157_c,"Kijabijo is located at an average elevation of 1153 meters , above sea level.","Kijabijo is located at an average elevation of 1153 milimeters , above sea level.",contradiction
1273649_c,"The western part of the locality lies on the Tinderry Range, which includes Tinderry Peak ( 1619 meters ) and Tinderry Twin Peak.","The western part of the locality lies on the Tinderry Range, which includes Tinderry Peak ( 1619 kilometers ) and Tinderry Twin Peak.",contradiction
1238621_swap,They are coloured gray-green to bright green and measure up to 1 centimeters long.,They are coloured gray-green to bright green and measure up to 1 cm long.,entailment
1247702_swap,The fruit body of the fungus has a circular to fan-shaped of semicircular cap measuring 1 centimeters in diameter.,The fruit body of the fungus has a circular to fan-shaped of semicircular cap measuring 1 cm in diameter.,entailment
1284296_swap,Leodia sexiesperforata inhabits the seabed and buries itself in the soft sediment to a depth of 2 centimeters or so.,Leodia sexiesperforata inhabits the seabed and buries itself in the soft sediment to a depth of 2 cm or so.,entailment
1315687_swap,"They are a typical size for kiilifish, the males are 3 centimeters while the females are slightly smaller.","They are a typical size for kiilifish, the males are 3 cm while the females are slightly smaller.",entailment
1219661_swap,"Its subcoriaceous leaves are elliptic to obovate in shape, coloured dark brown and measure up to 3 centimeters long.","Its subcoriaceous leaves are elliptic to obovate in shape, coloured dark brown and measure up to 3 cm long.",entailment
1241342_swap,This species can reach a length of 4 centimeters SL.,This species can reach a length of 4 cm SL.,entailment
1307878_swap,"The leaves are silver-grey stellate tomentose, shaped oblong elliptic and measure up to 5 centimeters long.","The leaves are silver-grey stellate tomentose, shaped oblong elliptic and measure up to 5 cm long.",entailment
1278963_swap,Nephasoma rimicola grows to a maximum length of about 6 centimeters .,Nephasoma rimicola grows to a maximum length of about 6 cm .,entailment
1250174_swap,The simple or compound inflorescence has four to twelve primary branches up to a length of approximately 6 centimeters but usually shorter.,The simple or compound inflorescence has four to twelve primary branches up to a length of approximately 6 cm but usually shorter.,entailment
1296483_swap,G. horsfieldii may attain a snout-to-vent length (SVL) of 8 centimeters .,G. horsfieldii may attain a snout-to-vent length (SVL) of 8 cm .,entailment
1324021_swap,"This species is a mouthbrooder, and grows to a length of around 9 centimeters SL.","This species is a mouthbrooder, and grows to a length of around 9 cm SL.",entailment
1335833_swap,"The thallus of the lichen is foliose, with a grey colour, and measures up to 10 centimeters across.","The thallus of the lichen is foliose, with a grey colour, and measures up to 10 cm across.",entailment
1252706_swap,"It primarily feeds on benthic invertebrates such as crabs and molluscs, and can grow to lengths of 10 centimeters .","It primarily feeds on benthic invertebrates such as crabs and molluscs, and can grow to lengths of 10 cm .",entailment
1300805_swap,"Its leaf rosettes usually develop several, up to about 10 centimeters long runners, at the end of which daughter rosettes appear.","Its leaf rosettes usually develop several, up to about 10 cm long runners, at the end of which daughter rosettes appear.",entailment
1227134_swap,It can reach sizes of up to 12 centimeters TL.,It can reach sizes of up to 12 cm TL.,entailment
1258550_swap,He was born without arms and a leg 12 centimeters shorter than the other.,He was born without arms and a leg 12 cm shorter than the other.,entailment
1231543_swap,The largest species of Dichotomyctere reach up to 17 centimeters in length.,The largest species of Dichotomyctere reach up to 17 cm in length.,entailment
1229051_swap,The inscribed runes are 17 centimeters tall and are inscribed on the widest side.,The inscribed runes are 17 cm tall and are inscribed on the widest side.,entailment
1294792_swap,This annual plant grows roughly to a height of 20 centimeters before it releases seeds and dies.,This annual plant grows roughly to a height of 20 cm before it releases seeds and dies.,entailment
1308184_swap,"The Guinean striped mojarra grows to a maximum length of 20 centimeters and has a compact, laterally compressed body.","The Guinean striped mojarra grows to a maximum length of 20 cm and has a compact, laterally compressed body.",entailment
1247163_swap,It grows to a length of about 20 centimeters and lives in a burrow in soft sediment in the intertidal and subtidal zones.,It grows to a length of about 20 cm and lives in a burrow in soft sediment in the intertidal and subtidal zones.,entailment
1312890_swap,It is endemic to Mongolia and has a maximum length of 23 centimeters .,It is endemic to Mongolia and has a maximum length of 23 cm .,entailment
1310968_swap,"This time, six buildings sagged as much as 23 centimeters within a few hours.","This time, six buildings sagged as much as 23 cm within a few hours.",entailment
1306667_swap,It inhabits inland wetlands in Asia and has a maximum length of 23 centimeters .,It inhabits inland wetlands in Asia and has a maximum length of 23 cm .,entailment
1261845_swap,"Helianthemum canariense is a short, densely branched shrub up to 25 centimeters tall.","Helianthemum canariense is a short, densely branched shrub up to 25 cm tall.",entailment
1218832_swap,"Many of the stalagmites are 25 centimeters long with long sections of superimposed, soda-straw, conical ring-type tubes with pitted pockets.","Many of the stalagmites are 25 cm long with long sections of superimposed, soda-straw, conical ring-type tubes with pitted pockets.",entailment
1300810_swap,"Felicia bergeriana is a richly branching, hairy annual plant of up to 25 centimeters high that is assigned to the daisy family.","Felicia bergeriana is a richly branching, hairy annual plant of up to 25 cm high that is assigned to the daisy family.",entailment
1281197_swap,"At certain areas in the northwestern parts of the island, the earthquake caused the ground to rise by as much as 25 centimeters .","At certain areas in the northwestern parts of the island, the earthquake caused the ground to rise by as much as 25 cm .",entailment
1252522_swap,The trunk can reach 30 centimeters in diameter and the bark exudes an astringent gum.,The trunk can reach 30 cm in diameter and the bark exudes an astringent gum.,entailment
1277150_swap,the ship was armed with a main battery of twelve  30 centimeters guns in four triple turrets.,the ship was armed with a main battery of twelve  30 cm guns in four triple turrets.,entailment
1253956_swap,It grows to a maximum length of 33 centimeters .,It grows to a maximum length of 33 cm .,entailment
1285299_swap,"It was 35 centimeters in length with a large red bill and long, rounded tail feathers.","It was 35 cm in length with a large red bill and long, rounded tail feathers.",entailment
1303288_swap,"Boronia montimulliganensis is an erect, woody shrub that grows to a height of at least 35 centimeters tall.","Boronia montimulliganensis is an erect, woody shrub that grows to a height of at least 35 cm tall.",entailment
1325391_swap,Pelargonium coronopifolium is a subshrub of up to 40 centimeters high.,Pelargonium coronopifolium is a subshrub of up to 40 cm high.,entailment
1310601_swap,"tenella'' is a delicate, annual, often richly branched, herbaceous plant of up to 45 centimeters high.","tenella'' is a delicate, annual, often richly branched, herbaceous plant of up to 45 cm high.",entailment
1327376_swap,Melhania substricta grows as a subshrub up to 50 centimeters tall.,Melhania substricta grows as a subshrub up to 50 cm tall.,entailment
1333993_swap,Melhania volleseniana grows as a herb up to 50 centimeters tall.,Melhania volleseniana grows as a herb up to 50 cm tall.,entailment
1330675_swap,"Cheiranthera alternifolia is a small understory, scrambling, perennial shrub to 50 centimeters with smooth stems.","Cheiranthera alternifolia is a small understory, scrambling, perennial shrub to 50 cm with smooth stems.",entailment
1300519_swap,"Boronia coriacea is a small ericoid shrub that grows to a height of 50 centimeters with more or less glabrous stems, leaves and flowers.","Boronia coriacea is a small ericoid shrub that grows to a height of 50 cm with more or less glabrous stems, leaves and flowers.",entailment
1232324_swap,"As with other members of the Atoposauridae, Knoetschkesuchus is very small, with K. guimarotae measuring only 55 centimeters long at maximum.","As with other members of the Atoposauridae, Knoetschkesuchus is very small, with K. guimarotae measuring only 55 cm long at maximum.",entailment
1306470_swap,It inhabits Myanmar and Thailand and has a maximum length of 60 centimeters .,It inhabits Myanmar and Thailand and has a maximum length of 60 cm .,entailment
1243351_swap,"They are up to about 60 centimeters long, and brownish above with a heavily mottled, blotched or barred dark pattern.","They are up to about 60 cm long, and brownish above with a heavily mottled, blotched or barred dark pattern.",entailment
1251740_swap,"The fragments have been restored to reconstruct a single but incomplete vessel, 67 centimeters high, which is now displayed at the British Museum in London.","The fragments have been restored to reconstruct a single but incomplete vessel, 67 cm high, which is now displayed at the British Museum in London.",entailment
1247965_swap,"The staff is 118 centimeters long, and has a knob at one end and three prongs at the other.","The staff is 118 cm long, and has a knob at one end and three prongs at the other.",entailment
1306539_swap,"The trunk often has small buttresses and is straight and cylindrical, up to 200 centimeters in diameter.","The trunk often has small buttresses and is straight and cylindrical, up to 200 cm in diameter.",entailment
1308494_swap,"The unbuttressed trunk is cylindrical, with a diameter of up to 200 centimeters or more, the lower half usually being devoid of branches.","The unbuttressed trunk is cylindrical, with a diameter of up to 200 cm or more, the lower half usually being devoid of branches.",entailment
1307544_swap,"Echinochloa pyramidalis is a large, perennial, reed-like grass growing to a height of about 300 centimeters or even taller.","Echinochloa pyramidalis is a large, perennial, reed-like grass growing to a height of about 300 cm or even taller.",entailment
1296376_swap,Leaves are borne at the end of a long petiole; the combined length of the leaf sheath and petiole averages 319 centimeters .,Leaves are borne at the end of a long petiole; the combined length of the leaf sheath and petiole averages 319 cm .,entailment
1297866_swap,The coffee capsules consist of a plastic cylinder containing up to 7 gr of ground coffee that is vacuum-pressed and sealed by an aluminum cap.,The coffee capsules consist of a plastic cylinder containing up to 7 grams of ground coffee that is vacuum-pressed and sealed by an aluminum cap.,entailment
1223195_swap,The punishment for small amounts (up to 9 gr ) for personal use is typically a fine.,The punishment for small amounts (up to 9 grams ) for personal use is typically a fine.,entailment
1280942_swap,"It weighs 9 gr and supports features such as air commands, translation of on-screen text, screen-off memos, and live messages.","It weighs 9 grams and supports features such as air commands, translation of on-screen text, screen-off memos, and live messages.",entailment
1212192_swap,"For beta counters, a sample weighing at least 10 gr is typically required.","For beta counters, a sample weighing at least 10 grams is typically required.",entailment
1273526_swap,"Aerolite Meteorites currently holds the main mass, while a 22 gr mass is held at the University of New Mexico’s Institute of Meteoritics.","Aerolite Meteorites currently holds the main mass, while a 22 grams mass is held at the University of New Mexico’s Institute of Meteoritics.",entailment
1333801_swap,"A fragment, weighing 39 gr is held by the National Museum of Natural History, France.","A fragment, weighing 39 grams is held by the National Museum of Natural History, France.",entailment
1273415_swap,"Based on the mean of several extrapolations from the size of its teeth, Vulcanops jennyworthyae would have weighed slightly less than 40 gr .","Based on the mean of several extrapolations from the size of its teeth, Vulcanops jennyworthyae would have weighed slightly less than 40 grams .",entailment
1289884_swap,"This collection, including the main fragment of Jodzie meteorite weighing 48 gr , was obtained by the Field Museum of Natural History.","This collection, including the main fragment of Jodzie meteorite weighing 48 grams , was obtained by the Field Museum of Natural History.",entailment
1297932_swap,"Found in lowland palm savanna and thorn scrub habitats, it is a medium-sized rat, weighing about 50 gr .","Found in lowland palm savanna and thorn scrub habitats, it is a medium-sized rat, weighing about 50 grams .",entailment
1228381_swap,"Incubation can be an energetically demanding process; adult albatrosses, for instance, lose as much as 83 gr of body weight per day of incubation.","Incubation can be an energetically demanding process; adult albatrosses, for instance, lose as much as 83 grams of body weight per day of incubation.",entailment
1223196_swap,Larger quantities (more than 100 gr ) generally results in a prison sentence.,Larger quantities (more than 100 grams ) generally results in a prison sentence.,entailment
1248698_swap,"Allan was still 100 gr above the weight limit, and so was disqualified from the event.","Allan was still 100 grams above the weight limit, and so was disqualified from the event.",entailment
1251732_swap,"According to the law, anyone in possession of more than 100 gr of heroin or morphine was subject to the death sentence or life imprisonment.","According to the law, anyone in possession of more than 100 grams of heroin or morphine was subject to the death sentence or life imprisonment.",entailment
1249986_swap,"In an experiment, one fruit body lifted 204 gr , giving an upward pressure of the stipe of two thirds of an atmosphere.","In an experiment, one fruit body lifted 204 grams , giving an upward pressure of the stipe of two thirds of an atmosphere.",entailment
1230913_swap,The total weight of the hoard is 285 gr .,The total weight of the hoard is 285 grams .,entailment
1330615_swap,"Giant mouse lemurs weigh approximately 300 gr and have a long, bushy tail.","Giant mouse lemurs weigh approximately 300 grams and have a long, bushy tail.",entailment
1249308_swap,"Weighing around 350 gr or more, they are some of the largest members of the family of dwarf and mouse lemurs in the suborder Strepsirrhini.","Weighing around 350 grams or more, they are some of the largest members of the family of dwarf and mouse lemurs in the suborder Strepsirrhini.",entailment
1270838_swap,A body mass of 400 gr has been estimated for Micodon.,A body mass of 400 grams has been estimated for Micodon.,entailment
1311315_swap,"450 gr of steak per person insured daily to the people, sweet fruit and coffee.","450 grams of steak per person insured daily to the people, sweet fruit and coffee.",entailment
1311316_swap,"When all have 450 gr of insured meat, nobody will need to steal and kill.","When all have 450 grams of insured meat, nobody will need to steal and kill.",entailment
1264598_swap,IBU rules require that the trigger pull weight must be at least 500 gr .,IBU rules require that the trigger pull weight must be at least 500 grams .,entailment
1245017_swap,"Once teams had 500 gr , the head chef would give them their next clue.","Once teams had 500 grams , the head chef would give them their next clue.",entailment
1226643_swap,"The gegeol radish, smaller and firmer than regular Korean radishes, weighs about 500 gr , including the taproot and the greens.","The gegeol radish, smaller and firmer than regular Korean radishes, weighs about 500 grams , including the taproot and the greens.",entailment
1333256_swap,One female was found to have weighed 1260 gr .,One female was found to have weighed 1260 grams .,entailment
1243717_swap,"When teams acquired 2 kg of gems, they would receive their next clue.","When teams acquired 2 kilograms of gems, they would receive their next clue.",entailment
1268895_swap,The elephant trunkfish grazes on the seabed and can weigh up to 4 kg,The elephant trunkfish grazes on the seabed and can weigh up to 4 kilograms,entailment
1288602_swap,"The six black pieces of the meteorite fit together to form a larger meteorite, weighing 5 kg .","The six black pieces of the meteorite fit together to form a larger meteorite, weighing 5 kilograms .",entailment
1301638_swap,"He eventually resolved to abandon the portable boat and five of the group's rifles, reducing each man's load by 7 kg .","He eventually resolved to abandon the portable boat and five of the group's rifles, reducing each man's load by 7 kilograms .",entailment
1307559_swap,"The largest known Sommen charr weighed almost 9 kg , and was for a while the largest Arctic charr fished in Sweden.","The largest known Sommen charr weighed almost 9 kilograms , and was for a while the largest Arctic charr fished in Sweden.",entailment
1225155_swap,The root of the wild sweet potato can weigh 10 kg or more,The root of the wild sweet potato can weigh 10 kilograms or more,entailment
1276951_swap,In LMGTE Am Porsche had 10 kg of ballast added to their cars and the same amount removed from the Fords.,In LMGTE Am Porsche had 10 kilograms of ballast added to their cars and the same amount removed from the Fords.,entailment
1321590_swap,"In their first conversation, they discussed a 15 kg cocaine shipment.","In their first conversation, they discussed a 15 kilograms cocaine shipment.",entailment
1217792_swap,"They raided the home and found a nail bomb, 15 kg of acetone peroxide, hydrogen peroxide, and an ISIL flag.","They raided the home and found a nail bomb, 15 kilograms of acetone peroxide, hydrogen peroxide, and an ISIL flag.",entailment
1236782_swap,"An 18 kg meteorite was discovered frozen in ice on the Nansen ice field by a Search for Antarctic Meteorites, Belgian Approach (SAMBA) mission.","An 18 kilograms meteorite was discovered frozen in ice on the Nansen ice field by a Search for Antarctic Meteorites, Belgian Approach (SAMBA) mission.",entailment
1281409_swap,"The Raybolt system weight about 20 kg , which its manufacturer describes as lighter than peers.","The Raybolt system weight about 20 kilograms , which its manufacturer describes as lighter than peers.",entailment
1314219_swap,"Sable, who was overweight, managed to lose 20 kg in three months, before joining the national camp where he was trained by Nikolai Snesarev.","Sable, who was overweight, managed to lose 20 kilograms in three months, before joining the national camp where he was trained by Nikolai Snesarev.",entailment
1294534_swap,"The rover would carry a science payload of 23 kg , including a robotic arm.","The rover would carry a science payload of 23 kilograms , including a robotic arm.",entailment
1266258_swap,"The aircraft, without the wing fitted, has an empty weight of 25 kg .","The aircraft, without the wing fitted, has an empty weight of 25 kilograms .",entailment
1232803_swap,"There were plantations and ranches, but the schools largely depended on contributions by parents of about 25 kg of flour per pupil per year.","There were plantations and ranches, but the schools largely depended on contributions by parents of about 25 kilograms of flour per pupil per year.",entailment
1295720_swap,Increased weight of the tail structure necessitated carrying 32 kg of ballast in the nose.,Increased weight of the tail structure necessitated carrying 32 kilograms of ballast in the nose.,entailment
1283743_swap,"The chassis would become more rigid and lightweight, losing 36 kg .","The chassis would become more rigid and lightweight, losing 36 kilograms .",entailment
1244252_swap,Around 50 kg of gold were used for the utensils in this room.,Around 50 kilograms of gold were used for the utensils in this room.,entailment
1218368_swap,"Manoranjan Roy (born ) is a Bangladeshi male weightlifter, competing in the 77 kg category and representing Bangladesh at international competitions.","Manoranjan Roy (born ) is a Bangladeshi male weightlifter, competing in the 77 kilograms category and representing Bangladesh at international competitions.",entailment
1330046_swap,"Nevertheless, the weight of the new basic structure was reduced by 100 kg .","Nevertheless, the weight of the new basic structure was reduced by 100 kilograms .",entailment
1235226_swap,The bike weighs 182 kg and is classified as a tourer.,The bike weighs 182 kilograms and is classified as a tourer.,entailment
1286417_swap,A two-seater aircraft which has a payload capacity of 200 kg is planned for development..,A two-seater aircraft which has a payload capacity of 200 kilograms is planned for development..,entailment
1317619_swap,"The new wing was metal-skinned, with readily removed panels for internal inspection, though fabric-covering was an option, yielding an extra 200 kg of payload.","The new wing was metal-skinned, with readily removed panels for internal inspection, though fabric-covering was an option, yielding an extra 200 kilograms of payload.",entailment
1330314_swap,Rob Kearney's lift of 214 kg is an American record.,Rob Kearney's lift of 214 kilograms is an American record.,entailment
1278151_swap,"High-Explosive - Steel shell loaded with TNT, 218 kg .","High-Explosive - Steel shell loaded with TNT, 218 kilograms .",entailment
1228272_swap,"In his third attempt, Sarychev raised it even further, pressing 335 kg .","In his third attempt, Sarychev raised it even further, pressing 335 kilograms .",entailment
1265482_swap,The aircraft has a maximum gross weight of 400 kg .,The aircraft has a maximum gross weight of 400 kilograms .,entailment
1242182_swap,The AFG weighed only 400 kg due to the use of Alpax to produce a unitary-style chassis and the use of aluminum for the bodywork.,The AFG weighed only 400 kilograms due to the use of Alpax to produce a unitary-style chassis and the use of aluminum for the bodywork.,entailment
1253214_swap,The elevator lifts from the basement to the fourth floor not more than 450 kg .,The elevator lifts from the basement to the fourth floor not more than 450 kilograms .,entailment
1265314_swap,"The Explorer was designed to comply with the Fédération Aéronautique Internationale microlight category, including the category's maximum gross weight of 450 kg .","The Explorer was designed to comply with the Fédération Aéronautique Internationale microlight category, including the category's maximum gross weight of 450 kilograms .",entailment
1330223_swap,^ Eddie Hall's lift of 500 kg is the current equipped deadlift world record.,^ Eddie Hall's lift of 500 kilograms is the current equipped deadlift world record.,entailment
1253043_swap,External provision was made for carrying a single 500 kg bomb beneath the fuselage.,External provision was made for carrying a single 500 kilograms bomb beneath the fuselage.,entailment
1286607_swap,"... that weighing on average around 650 kg , the Madagascan fossil bird Vorombe (femur pictured) was the heaviest bird known?","... that weighing on average around 650 kilograms , the Madagascan fossil bird Vorombe (femur pictured) was the heaviest bird known?",entailment
1318572_swap,"While the plate added an extra 680 kg in weight, this was considered acceptable given the improvement to crew protection.","While the plate added an extra 680 kilograms in weight, this was considered acceptable given the improvement to crew protection.",entailment
1241285_swap,"The car's weight is slightly heavier, at 755 kg .,","The car's weight is slightly heavier, at 755 kilograms .,",entailment
1286177_swap,"With a dry weight of 855 kg , the Stradale has performance comparable to high performance sports cars while being driver-focused.","With a dry weight of 855 kilograms , the Stradale has performance comparable to high performance sports cars while being driver-focused.",entailment
1259819_swap,"Similarly, Félix da Costa's car was discovered to be under the minimum weight limit of 880 kg during scrutineering.","Similarly, Félix da Costa's car was discovered to be under the minimum weight limit of 880 kilograms during scrutineering.",entailment
1332151_swap,"The body has been reduced in weight to 1300 kg , and the height has been lowered to lower the center of gravity.","The body has been reduced in weight to 1300 kilograms , and the height has been lowered to lower the center of gravity.",entailment
1302900_swap,The car has a dry weight of 1460 kg .,The car has a dry weight of 1460 kilograms .,entailment
1302883_swap,The curb weight of the car amounted to 1780 kg .,The curb weight of the car amounted to 1780 kilograms .,entailment
1298806_swap,The telecommunication satellite had a liftoff mass of 2536 kg .,The telecommunication satellite had a liftoff mass of 2536 kilograms .,entailment
1213662_swap,"Although there are wide variations, on average each family produced 3136 kg of latex per year.","Although there are wide variations, on average each family produced 3136 kilograms of latex per year.",entailment
1333194_swap,The spacecraft is capable of carrying 5000 kg of pressurized and unpressurized cargo in total to the Gateway.,The spacecraft is capable of carrying 5000 kilograms of pressurized and unpressurized cargo in total to the Gateway.,entailment
1251341_swap,"The howitzer's weight 7455 kg was beyond the horse teams' towing capability, so it was designed to be broken down and transported in two loads.","The howitzer's weight 7455 kilograms was beyond the horse teams' towing capability, so it was designed to be broken down and transported in two loads.",entailment
1277418_swap,"Its combat weight was 12147 kg and for transport, it could be broken down into two wagon loads.","Its combat weight was 12147 kilograms and for transport, it could be broken down into two wagon loads.",entailment
1215160_swap,"It makes Gancedo the third-largest worldwide, while Anighito, part of the massive Cape York meteorite fall found in Greenland, weighs 30875 kg .","It makes Gancedo the third-largest worldwide, while Anighito, part of the massive Cape York meteorite fall found in Greenland, weighs 30875 kilograms .",entailment
1279437_swap,"Its nearest higher peak is Mount Deception, 1 mi to the north-northwest. ''","Its nearest higher peak is Mount Deception, 1 miles to the north-northwest. ''",entailment
1312821_swap,The club then leased land from a local golf course about 2 mi south of Blackpool.,The club then leased land from a local golf course about 2 miles south of Blackpool.,entailment
1237034_swap,"The nearest town to the bay is Rothesay, which is 2 mi to the south west.","The nearest town to the bay is Rothesay, which is 2 miles to the south west.",entailment
1229502_swap,"Protesters marched 2 mi in London from Grosvenor Square in Mayfair, past the US embassy and onto Trafalgar Square.","Protesters marched 2 miles in London from Grosvenor Square in Mayfair, past the US embassy and onto Trafalgar Square.",entailment
1281456_swap,Four men went down the pit wearing breathing apparatus and had to carry the injured over 2 mi to get them to safety.,Four men went down the pit wearing breathing apparatus and had to carry the injured over 2 miles to get them to safety.,entailment
1305347_swap,"The nearest higher peak is Mount Pugh, 4 mi to the northeast.","The nearest higher peak is Mount Pugh, 4 miles to the northeast.",entailment
1311003_swap,"Augustine Creek is a 4 mi long tributary to Delaware Bay in New Castle County, Delaware.","Augustine Creek is a 4 miles long tributary to Delaware Bay in New Castle County, Delaware.",entailment
1326870_swap,Weather station is located 5 mi from the Portsmouth city centre.,Weather station is located 5 miles from the Portsmouth city centre.,entailment
1332105_swap,"The closest large town is the market town of Leominster, 6 mi to the north-west.","The closest large town is the market town of Leominster, 6 miles to the north-west.",entailment
1216248_swap,The length of the line between Castleford East Junction and Garforth was 6 mi .,The length of the line between Castleford East Junction and Garforth was 6 miles .,entailment
1252224_swap,About 7 mi of track were in the Cleveland city limits.,About 7 miles of track were in the Cleveland city limits.,entailment
1291228_swap,Altoona is located about 7 mi northwest of the Game Lands.,Altoona is located about 7 miles northwest of the Game Lands.,entailment
1309502_swap,"From the western terminus, the first 8 mi is paved with partial design bituminous pavement and the remainder is paved with composite pavement.","From the western terminus, the first 8 miles is paved with partial design bituminous pavement and the remainder is paved with composite pavement.",entailment
1272086_swap,Hébuterne is 9 mi north of Albert and Gommecourt lies further north.,Hébuterne is 9 miles north of Albert and Gommecourt lies further north.,entailment
1294201_swap,A 9 mi borehole drilled by Soviet scientists uncovers the sounds of millions of damned souls.,A 9 miles borehole drilled by Soviet scientists uncovers the sounds of millions of damned souls.,entailment
1296703_swap,"For most of its 9 mi length, it is a county road and forms a boundary between townships.","For most of its 9 miles length, it is a county road and forms a boundary between townships.",entailment
1247519_swap,"It is located in the Wallowa–Whitman National Forest, about 10 mi northeast of Sumpter.","It is located in the Wallowa–Whitman National Forest, about 10 miles northeast of Sumpter.",entailment
1212114_swap,The Cobre Mine is about 12 mi north west of Santiago Bay in the Sierra Maestra.,The Cobre Mine is about 12 miles north west of Santiago Bay in the Sierra Maestra.,entailment
1264809_swap,Mary Jane Reoch rode 12 mi to the hospital on her racing bike to give birth to her daughter,Mary Jane Reoch rode 12 miles to the hospital on her racing bike to give birth to her daughter,entailment
1324732_swap,"The Ashton to Tetonia Trail is a 29 mi trail from Ashton, Idaho to Tetonia, Idaho","The Ashton to Tetonia Trail is a 29 miles trail from Ashton, Idaho to Tetonia, Idaho",entailment
1222882_swap,"Atwood is a former mining settlement located 35 mi northeast of Mina in Nye County, Nevada.","Atwood is a former mining settlement located 35 miles northeast of Mina in Nye County, Nevada.",entailment
1280520_swap,"Cuchilla Grande Inferior stretches east-west approximately from Alejandro Gallinal to Cardona, in a distance of approximately 120 mi . [","Cuchilla Grande Inferior stretches east-west approximately from Alejandro Gallinal to Cardona, in a distance of approximately 120 miles . [",entailment
1219890_swap,"The Great Sand Sea is a roughly lung-shaped area of sandy desert lying astride the border with Libya, 200 mi inland from the Mediterranean.","The Great Sand Sea is a roughly lung-shaped area of sandy desert lying astride the border with Libya, 200 miles inland from the Mediterranean.",entailment
1259402_swap,Little Mehoopany Creek joins the Susquehanna River 231 mi upstream of its mouth.,Little Mehoopany Creek joins the Susquehanna River 231 miles upstream of its mouth.,entailment
1224672_swap,"Despite the presence of a Spanish force shadowing him, Raleigh successfully navigated the river and inlets, penetrating some 400 mi into the Guiana highlands.","Despite the presence of a Spanish force shadowing him, Raleigh successfully navigated the river and inlets, penetrating some 400 miles into the Guiana highlands.",entailment
1301973_swap,"The four sepals are triangular, 1 milimeters long with pimply glands.","The four sepals are triangular, 1 mm long with pimply glands.",entailment
1248023_swap,in compact clusters on pedicels which are less than 2 milimeters long.,in compact clusters on pedicels which are less than 2 mm long.,entailment
1259426_swap,Subtending the ovary are four awl-shaped scales of about 2 milimeters long.,Subtending the ovary are four awl-shaped scales of about 2 mm long.,entailment
1234668_swap,"Small to 2 milimeters , dense and appressed, spiralling, dark green to olive","Small to 2 mm , dense and appressed, spiralling, dark green to olive",entailment
1277143_swap,"The species is small and brown, with a cephalothorax typically measuring 2 milimeters long.","The species is small and brown, with a cephalothorax typically measuring 2 mm long.",entailment
1237385_swap,"The four petals are about 2 milimeters long, overlap each other and are densely hairy.","The four petals are about 2 mm long, overlap each other and are densely hairy.",entailment
1305625_swap,"The four sepals are dark red, narrow triangular to egg-shaped and about 2 milimeters long.","The four sepals are dark red, narrow triangular to egg-shaped and about 2 mm long.",entailment
1248712_swap,"Its rectangular section fuselage was entirely wooden, with spruce longerons and 2 milimeters thick plywood covering.","Its rectangular section fuselage was entirely wooden, with spruce longerons and 2 mm thick plywood covering.",entailment
1232606_swap,The sides of the labellum have many reddish teeth up to 2 milimeters long and the tip is curled under.,The sides of the labellum have many reddish teeth up to 2 mm long and the tip is curled under.,entailment
1254740_swap,"The cowling blended smoothly into the rest of the fuselage which was a 2 milimeters thick ply-skinned semi-monocoque, tapering to the rear.","The cowling blended smoothly into the rest of the fuselage which was a 2 mm thick ply-skinned semi-monocoque, tapering to the rear.",entailment
1332644_swap,"The floral cup is mostly glabrous, about 3 milimeters long.","The floral cup is mostly glabrous, about 3 mm long.",entailment
1252763_swap,Myopites stylatus can reach a length of about 3 milimeters .,Myopites stylatus can reach a length of about 3 mm .,entailment
1272025_swap,"The callus is about 3 milimeters long with its central part covered with short, bristly hair-like glands.","The callus is about 3 mm long with its central part covered with short, bristly hair-like glands.",entailment
1267125_swap,There are two ridge-shaped calli 3 milimeters long at the base of the mid-line of the labellum.,There are two ridge-shaped calli 3 mm long at the base of the mid-line of the labellum.,entailment
1247524_swap,"Fruit bodies of M. rubiginosa are distinguished by their reddish colour, and spines up to 3 milimeters long.","Fruit bodies of M. rubiginosa are distinguished by their reddish colour, and spines up to 3 mm long.",entailment
1254895_swap,The floral cup is hairy and about 4 milimeters long.,The floral cup is hairy and about 4 mm long.,entailment
1300822_swap,"These surround numerous bisexual disc florets with a yellow corolla of about 4 milimeters long, hairy in the middle.","These surround numerous bisexual disc florets with a yellow corolla of about 4 mm long, hairy in the middle.",entailment
1287836_swap,"Individual flowers are slightly sweetly scented, with greenish white tepals up to 5 milimeters long.","Individual flowers are slightly sweetly scented, with greenish white tepals up to 5 mm long.",entailment
1302345_swap,The flowers are borne singly in leaf axils on a pedicel up to 5 milimeters long.,The flowers are borne singly in leaf axils on a pedicel up to 5 mm long.,entailment
1262285_swap,The flowers are about 5 milimeters long and wide and are inverted so that the labellum is above the column rather than below it.,The flowers are about 5 mm long and wide and are inverted so that the labellum is above the column rather than below it.,entailment
1292292_swap,"Both sexes mouthbrood although up to 6 milimeters in length, the fry are mouthbrooded only by the female.","Both sexes mouthbrood although up to 6 mm in length, the fry are mouthbrooded only by the female.",entailment
1268834_swap,"The islands in Great Egg Harbor Bay, a habitat for migratory birds, are eroding at a rate of 7 milimeters per year","The islands in Great Egg Harbor Bay, a habitat for migratory birds, are eroding at a rate of 7 mm per year",entailment
1251289_swap,"Additionally, the eye socket is very large, measuring 10 milimeters long, although this may be due to the animal's imilimetersaturity.","Additionally, the eye socket is very large, measuring 10 mm long, although this may be due to the animal's immaturity.",entailment
1261829_swap,Larvae are 12 milimeters and are white with brown heads.,Larvae are 12 mm and are white with brown heads.,entailment
1331140_swap,Integrated 12 milimeters automatic machine gun despite self-protection and near air threats.,Integrated 12 mm automatic machine gun despite self-protection and near air threats.,entailment
1243723_swap,It has a shining dark brown color and is about 12 milimeters long.,It has a shining dark brown color and is about 12 mm long.,entailment
1325188_swap,The anti-aircraft armament consisted of two or four  13 milimeters  machine guns.,The anti-aircraft armament consisted of two or four  13 mm  machine guns.,entailment
1242024_swap,The light anti-aircraft armament consisted of one or two pairs of  13 milimeters  machine guns.,The light anti-aircraft armament consisted of one or two pairs of  13 mm  machine guns.,entailment
1320592_swap,An incision 18 milimeters long was made parallel to the inguinal ligament and sealed with resin.,An incision 18 mm long was made parallel to the inguinal ligament and sealed with resin.,entailment
1237875_swap,"The larvae resemble caterpillars, and when fully grown are about 20 milimeters long.","The larvae resemble caterpillars, and when fully grown are about 20 mm long.",entailment
1299737_swap,"The flower buds are arranged in groups of seven on a flattened peduncle up to 24 milimeters long, the individual buds on a short pedicel.","The flower buds are arranged in groups of seven on a flattened peduncle up to 24 mm long, the individual buds on a short pedicel.",entailment
1228483_swap,Megabalanus californicus is a large acorn barnacle with a diameter of up to 30 milimeters .,Megabalanus californicus is a large acorn barnacle with a diameter of up to 30 mm .,entailment
1217506_swap,"The Sainya Seva Medal is circular in shape, made of cupro-nickel, 35 milimeters in diameter.","The Sainya Seva Medal is circular in shape, made of cupro-nickel, 35 mm in diameter.",entailment
1319851_swap,"The medal is round, silver in color and 36 milimeters in diameter.","The medal is round, silver in color and 36 mm in diameter.",entailment
1284703_swap,The test of this sea urchin is up to 40 milimeters in diameter.,The test of this sea urchin is up to 40 mm in diameter.,entailment
1218357_swap,The hatches above the engine room were 50 milimeters thick.,The hatches above the engine room were 50 mm thick.,entailment
1315388_swap,Donegal town was partially flooded after 50 milimeters of rain fell as the River Eske approached high tide.,Donegal town was partially flooded after 50 mm of rain fell as the River Eske approached high tide.,entailment
1272523_swap,"The lateral sepals are erect, thread-like and are up to 60 milimeters longer than the flower.","The lateral sepals are erect, thread-like and are up to 60 mm longer than the flower.",entailment
1254410_swap,Between five and twenty strongly scented flowers are irregularly arranged along a drooping flowering stem up to 60 milimeters long.,Between five and twenty strongly scented flowers are irregularly arranged along a drooping flowering stem up to 60 mm long.,entailment
1312754_swap,Rainfall extended north to Guadeloupe were accumulations reached 121 milimeters in Matouba.,Rainfall extended north to Guadeloupe were accumulations reached 121 mm in Matouba.,entailment
1298272_swap,As a result of these changes the Szittya II was 160 milimeters longer.,As a result of these changes the Szittya II was 160 mm longer.,entailment
1232440_swap,"Later, as the storm approached open water once again, it dropped over 200 milimeters of precipitation along the southern coast of Queensland.","Later, as the storm approached open water once again, it dropped over 200 mm of precipitation along the southern coast of Queensland.",entailment
1330189_swap,"They carried their main battery of four 240 milimeters guns in open barbettes, two forward side-by-side and the other two aft on the centerline. ''","They carried their main battery of four 240 mm guns in open barbettes, two forward side-by-side and the other two aft on the centerline. ''",entailment
1242699_swap,There is a single yellowish green flower with transparent white stripes borne on a flowering stem up to 330 milimeters high.,There is a single yellowish green flower with transparent white stripes borne on a flowering stem up to 330 mm high.,entailment
1239408_swap,"A precipitation maximum occurred in Yakushima, where 342 milimeters of rain fell.","A precipitation maximum occurred in Yakushima, where 342 mm of rain fell.",entailment
1252499_swap,Between fifteen and forty five flowers are arranged along a flowering spike up to 450 milimeters high.,Between fifteen and forty five flowers are arranged along a flowering spike up to 450 mm high.,entailment
1334303_swap,She was also armed with two 457 milimeters torpedo tubes in her hull above the waterline.,She was also armed with two 457 mm torpedo tubes in her hull above the waterline.,entailment
1242417_swap,"Most rainfall is in June, July, August and September, with average precipitation of 878 milimeters .","Most rainfall is in June, July, August and September, with average precipitation of 878 mm .",entailment
1266334_swap,"Many elements of the meeting were expressly designed for symbolism, including an oval meeting table measuring 2018 milimeters to represent the year.","Many elements of the meeting were expressly designed for symbolism, including an oval meeting table measuring 2018 mm to represent the year.",entailment
1306517_swap,"In the Serra do Mar, in São Paulo, it rains on the average more than 3600 milimeters .","In the Serra do Mar, in São Paulo, it rains on the average more than 3600 mm .",entailment
1274162_swap,The plant can cover a total area as much as 20 square feets .,The plant can cover a total area as much as 20 sqft .,entailment
1276486_swap,"Plans were drawn up for a new building which included a 30 square feets office, mail room, public space and telegraph room.","Plans were drawn up for a new building which included a 30 sqft office, mail room, public space and telegraph room.",entailment
1234272_swap,"Base model with 98 square feets of sail area, plus a gennaker.","Base model with 98 sqft of sail area, plus a gennaker.",entailment
1290188_swap,"Factory options included a 200 square feets asymmetrical spinnaker, portable toilet, motor mount and a highway trailer.","Factory options included a 200 sqft asymmetrical spinnaker, portable toilet, motor mount and a highway trailer.",entailment
1300117_swap,"He lived in a three-storey, 6000 square feets downtown Toronto loft which doubled as a museum housing thousands of his acquired treasures.","He lived in a three-storey, 6000 sqft downtown Toronto loft which doubled as a museum housing thousands of his acquired treasures.",entailment
1246956_swap,At least 8400 square feets of the building will be designated for retail use.,At least 8400 sqft of the building will be designated for retail use.,entailment
1220607_swap,"The total interior footprint is 12800 square feets ; interiors are decorated in wood paneling, principally Douglas fir and Honduran mahogany.","The total interior footprint is 12800 sqft ; interiors are decorated in wood paneling, principally Douglas fir and Honduran mahogany.",entailment
1330182_swap,"To supplement the steam engines, she was fitted with a brig sail rig with a total area of 23200 square feets .","To supplement the steam engines, she was fitted with a brig sail rig with a total area of 23200 sqft .",entailment
1260027_swap,"Between all three locations, they brew and serve beer on over 70000 square feets .","Between all three locations, they brew and serve beer on over 70000 sqft .",entailment
1294560_swap,This would use up 800000 square feets of the air rights.,This would use up 800000 sqft of the air rights.,entailment
1319478_swap,The sanctuary's 2 square kms lake and surrounding marshland provide habitat for waterfowl and freshwater fish.,The sanctuary's 2 sqkm lake and surrounding marshland provide habitat for waterfowl and freshwater fish.,entailment
1317346_swap,"According to the U.S. Census Bureau, the Norfolk CDP has a total area of 2 km2 , all of it recorded as land.","According to the U.S. Census Bureau, the Norfolk CDP has a total area of 2 sqkm , all of it recorded as land.",entailment
1228066_swap,It is part of a 3 square kilometers protected area (Reserva Natural da Lagoa Cimidor) which also includes the adjacent coast.,It is part of a 3 sqkm protected area (Reserva Natural da Lagoa Cimidor) which also includes the adjacent coast.,entailment
1295218_swap,The remainder drains into a number of smaller seasonal lakes and swamps further downstream with a total area of 3 km2 .,The remainder drains into a number of smaller seasonal lakes and swamps further downstream with a total area of 3 sqkm .,entailment
1319437_swap,"The primary reserve, where the members live, is 33 square kms .","The primary reserve, where the members live, is 33 sqkm .",entailment
1239073_swap,The present local government administers an area of 54 square kilometers .,The present local government administers an area of 54 sqkm .,entailment
1222021_swap,The 107 square kms municipality encompassed the southern half of the present-day municipality of Audnedal.,The 107 sqkm municipality encompassed the southern half of the present-day municipality of Audnedal.,entailment
1234462_swap,The region the biggest contiguous fruit orchard in Central Europe extends over 143 km2 .,The region the biggest contiguous fruit orchard in Central Europe extends over 143 sqkm .,entailment
1228047_swap,These cones and associated lava flows cover a surface of about 200 square kilometers .,These cones and associated lava flows cover a surface of about 200 sqkm .,entailment
1254699_swap,The species' range encompasses only about 290 km2 in the Great Sand Dunes National Park in Colorado.,The species' range encompasses only about 290 sqkm in the Great Sand Dunes National Park in Colorado.,entailment
1220930_swap,"All of them were captured by the next day, resulting in the alliance gaining about 460 square kms of land.","All of them were captured by the next day, resulting in the alliance gaining about 460 sqkm of land.",entailment
1296642_swap,"The game's playable area is 870 square kilometers , which was done to place dangerous and challenging areas in between rewards that players might seek out.","The game's playable area is 870 sqkm , which was done to place dangerous and challenging areas in between rewards that players might seek out.",entailment
1253711_swap,"Pakan District is an administrative district in Sarikei Division, Sarawak, Malaysia, covering an area of 924 square kms .","Pakan District is an administrative district in Sarikei Division, Sarawak, Malaysia, covering an area of 924 sqkm .",entailment
1237111_swap,The two parks together form a protected area of 1390 km2 .,The two parks together form a protected area of 1390 sqkm .,entailment
1233440_swap,The last glacial maximum lake had a surface area of about 1600 square kilometers .,The last glacial maximum lake had a surface area of about 1600 sqkm .,entailment
1217770_swap,The Hayes' run both Hereford and Droughtmaster cattle on the 2134 km2 property.,The Hayes' run both Hereford and Droughtmaster cattle on the 2134 sqkm property.,entailment
1294444_swap,The Einasleigh River has a catchment area of 24366 square kms .,The Einasleigh River has a catchment area of 24366 sqkm .,entailment
1243488_swap,"Pınargözü Cave is located within a karst region of the western Taurus Mountains, which encompasses nearly 40000 square kilometers .","Pınargözü Cave is located within a karst region of the western Taurus Mountains, which encompasses nearly 40000 sqkm .",entailment
1220167_swap,"This brought its area up to 761576 square kms , including parts of the states of Amazonas, Rondônia, Pará, Mato Grosso and Tocantins.","This brought its area up to 761576 sqkm , including parts of the states of Amazonas, Rondônia, Pará, Mato Grosso and Tocantins.",entailment
1220694_swap,"According to the United States Geological Survey, the CDP has a total area of 1 square miles , all of it land.","According to the United States Geological Survey, the CDP has a total area of 1 sqmi , all of it land.",entailment
1314362_swap,Baskin Run drains 4 square miles of Erie Drift Plain (glacial geology).,Baskin Run drains 4 sqmi of Erie Drift Plain (glacial geology).,entailment
1314683_swap,Townley Run drains 4 square miles of Erie Drift Plain (glacial geology).,Townley Run drains 4 sqmi of Erie Drift Plain (glacial geology).,entailment
1233086_swap,The watershed of the stream has an area of approximately 6 square miles .,The watershed of the stream has an area of approximately 6 sqmi .,entailment
1235971_swap,"It covers an area of 99 square miles and was named after David James, a former member of the South Australian Parliament.","It covers an area of 99 sqmi and was named after David James, a former member of the South Australian Parliament.",entailment
1224823_swap,Thomes Creek is a highly seasonal stream and drains a mostly rural watershed of some 300 square miles .,Thomes Creek is a highly seasonal stream and drains a mostly rural watershed of some 300 sqmi .,entailment
1263785_swap,They lay both east and north of the Great Dividing Range Norman Tindale set their lands at 2300 square miles .,They lay both east and north of the Great Dividing Range Norman Tindale set their lands at 2300 sqmi .,entailment
1320375_swap,1 km north to a creek (coming from the west);,1 kilometers north to a creek (coming from the west);,entailment
1260922_swap,"1 km north, crossing Lakes Madeleine, Roger and Jean-George, to the Canadian National Railway;","1 kilometers north, crossing Lakes Madeleine, Roger and Jean-George, to the Canadian National Railway;",entailment
1322196_swap,"1 km towards the northwest by forming a ball towards the northeast, until the mouth of the river.","1 kilometers towards the northwest by forming a ball towards the northeast, until the mouth of the river.",entailment
1270359_swap,"1 km northeasterly across the boundary of the townships of Toussaint and Perrier, to the outlet (coming from the North) of Larouche Lake;","1 kilometers northeasterly across the boundary of the townships of Toussaint and Perrier, to the outlet (coming from the North) of Larouche Lake;",entailment
1239089_swap,"2 km south of the village center of Boileau, Quebec;","2 kilometers south of the village center of Boileau, Quebec;",entailment
1332009_swap,2 km south of the limit of the Laurentides Wildlife Reserve;,2 kilometers south of the limit of the Laurentides Wildlife Reserve;,entailment
1322235_swap,2 km south-east of the center of the village of Hébertville;,2 kilometers south-east of the center of the village of Hébertville;,entailment
1279046_swap,It is also one of the longest avenues in NSW being 2 km long.,It is also one of the longest avenues in NSW being 2 kilometers long.,entailment
1267269_swap,It was located in the Karaolos area 2 km northwest of Famagusta's old town.,It was located in the Karaolos area 2 kilometers northwest of Famagusta's old town.,entailment
1320783_swap,The current from Pierre River crosses Brébeuf Lake for 2 km to the east.,The current from Pierre River crosses Brébeuf Lake for 2 kilometers to the east.,entailment
1332796_swap,2 km south-east of the confluence of the Rouge East River and the Rouge River (Montmorency River).,2 kilometers south-east of the confluence of the Rouge East River and the Rouge River (Montmorency River).,entailment
1245046_swap,The plant sources its water from the nearby Ardsley Reservoir which is 2 km to the west.,The plant sources its water from the nearby Ardsley Reservoir which is 2 kilometers to the west.,entailment
1320197_swap,2 km to the South winding to the outlet of the Lac aux Brochets (coming from the East);,2 kilometers to the South winding to the outlet of the Lac aux Brochets (coming from the East);,entailment
1230112_swap,"The race included five stages: the first was a 2 km prologue individual time trial stage, with the remaining four stages being road stages.","The race included five stages: the first was a 2 kilometers prologue individual time trial stage, with the remaining four stages being road stages.",entailment
1324220_swap,"2 km towards the south by forming a loop towards the south-east, then a hook towards the west, up to a bend in the river;","2 kilometers towards the south by forming a loop towards the south-east, then a hook towards the west, up to a bend in the river;",entailment
1323012_swap,"3 km to the north, forming a large S and collecting Mater stream (coming from the northwest);","3 kilometers to the north, forming a large S and collecting Mater stream (coming from the northwest);",entailment
1269728_swap,the Southwest arm stretches over 3 km as far as Poisson Township by collecting the waters of the Adolphe-Poisson Bay.,the Southwest arm stretches over 3 kilometers as far as Poisson Township by collecting the waters of the Adolphe-Poisson Bay.,entailment
1238394_swap,The engine driver managed to stop the train on Maunby Bridge (over the River Swale) some 3 km after the initial derailment.,The engine driver managed to stop the train on Maunby Bridge (over the River Swale) some 3 kilometers after the initial derailment.,entailment
1232517_swap,The Pinang River meanders eastwards for about 3 km from the confluence between Air Terjun and Air Itam Rivers towards the Penang Strait.,The Pinang River meanders eastwards for about 3 kilometers from the confluence between Air Terjun and Air Itam Rivers towards the Penang Strait.,entailment
1336382_swap,"4 km towards the south-east, bypassing Archange-Godbout Island, up to the limit of Crabtree;","4 kilometers towards the south-east, bypassing Archange-Godbout Island, up to the limit of Crabtree;",entailment
1250651_swap,"4 km at the north, to the outlet of Lake Breynat (coming from the West);","4 kilometers at the north, to the outlet of Lake Breynat (coming from the West);",entailment
1277202_swap,"Doonmore lies on a headland reaching into Dingle Bay, 4 km southeast of Dingle town.","Doonmore lies on a headland reaching into Dingle Bay, 4 kilometers southeast of Dingle town.",entailment
1213879_swap,"Mortimer's Castle is located on the east bank of Lough Derravaragh, 4 km southwest of Castlepollard.","Mortimer's Castle is located on the east bank of Lough Derravaragh, 4 kilometers southwest of Castlepollard.",entailment
1315707_swap,A peat bog that extends 4 km northeast of the hamlet is called the Grande Plaine de la Chaloupe.,A peat bog that extends 4 kilometers northeast of the hamlet is called the Grande Plaine de la Chaloupe.,entailment
1260891_swap,5 km northeasterly to the western limit of Lacroix township;,5 kilometers northeasterly to the western limit of Lacroix township;,entailment
1323251_swap,5 km west of the mouth of the head lake of Launière River;,5 kilometers west of the mouth of the head lake of Launière River;,entailment
1260324_swap,5 km northeasterly to the outlet (from the south) of André and Machault lakes;,5 kilometers northeasterly to the outlet (from the south) of André and Machault lakes;,entailment
1257729_swap,6 km north-east to Villegagnan Creek (coming from the east);,6 kilometers north-east to Villegagnan Creek (coming from the east);,entailment
1260569_swap,6 km northeasterly in the Nelligan Township in a swamp zone to its mouth.,6 kilometers northeasterly in the Nelligan Township in a swamp zone to its mouth.,entailment
1223563_swap,"Especially a tumulus named Oylum Höyük just 6 km southeast of Kilis centrum, is an important source of archaeologic finds.","Especially a tumulus named Oylum Höyük just 6 kilometers southeast of Kilis centrum, is an important source of archaeologic finds.",entailment
1262835_swap,Vernes is about 8 km west of the village of Vassbygda.,Vernes is about 8 kilometers west of the village of Vassbygda.,entailment
1242446_swap,"Rajdeher Fort ( ) is a fort located 10 km from chandwad, Nashik district, of Maharashtra.","Rajdeher Fort ( ) is a fort located 10 kilometers from chandwad, Nashik district, of Maharashtra.",entailment
1247210_swap,The temple is located in the Gonagolla village on Ampara – Maha Oya road approximately 10 km distance from Uhana town.,The temple is located in the Gonagolla village on Ampara – Maha Oya road approximately 10 kilometers distance from Uhana town.,entailment
1302123_swap,"House of the Sun, ancient ""On''"" ( ; 10 km northeast of Cairo, the ancient worship center of sun-god Re, ), later called ""Heliopolis"".","House of the Sun, ancient ""On''"" ( ; 10 kilometers northeast of Cairo, the ancient worship center of sun-god Re, ), later called ""Heliopolis"".",entailment
1255610_swap,"11 km to South, then south-east winding to a creek (coming from the Southwest);","11 kilometers to South, then south-east winding to a creek (coming from the Southwest);",entailment
1292540_swap,"This is approximately 11 km , north-east of Kayabwe, the town to Buwama's immediate south, along the Masaka Highway.","This is approximately 11 kilometers , north-east of Kayabwe, the town to Buwama's immediate south, along the Masaka Highway.",entailment
1243782_swap,"Ilha Rasa Lighthouse ( ) is an active lighthouse on the namesake island located 11 km from Guanabara Bay, Rio de Janeiro, Brazil.","Ilha Rasa Lighthouse ( ) is an active lighthouse on the namesake island located 11 kilometers from Guanabara Bay, Rio de Janeiro, Brazil.",entailment
1335326_swap,12 km north-west of the confluence of the Gouffre river and the Saint-Laurent river.,12 kilometers north-west of the confluence of the Gouffre river and the Saint-Laurent river.,entailment
1263836_swap,"This is approximately 12 km , by road, north-east of the central business district of Kampala, the capital and largest city of Uganda.","This is approximately 12 kilometers , by road, north-east of the central business district of Kampala, the capital and largest city of Uganda.",entailment
1306819_swap,"Purupuruni has formed on the rim of a depression, which is surrounded by eroded Quaternary volcanoes and appears to be a 13 km wide caldera.","Purupuruni has formed on the rim of a depression, which is surrounded by eroded Quaternary volcanoes and appears to be a 13 kilometers wide caldera.",entailment
1252131_swap,"14 km North-East of the village center of Villebois, Quebec;","14 kilometers North-East of the village center of Villebois, Quebec;",entailment
1322182_swap,16 km south-east of the confluence of Lac Saint-Jean and the Saguenay River (ie at the entrance to La Petite Décharge) .,16 kilometers south-east of the confluence of Lac Saint-Jean and the Saguenay River (ie at the entrance to La Petite Décharge) .,entailment
1313665_swap,The lake's outlet is 17 km from the mouth of the river.,The lake's outlet is 17 kilometers from the mouth of the river.,entailment
1255690_swap,19 km East of the mouth of the Maicasagi River;,19 kilometers East of the mouth of the Maicasagi River;,entailment
1213255_swap,19 km at the southwest of the confluence of the Big Black River (Saint John River).,19 kilometers at the southwest of the confluence of the Big Black River (Saint John River).,entailment
1333698_swap,24 km west of the northwest shore of the St. Lawrence River;,24 kilometers west of the northwest shore of the St. Lawrence River;,entailment
1327773_swap,"26 km generally south along the course of the Pins River, to the north shore of Lac Saint-Joseph;","26 kilometers generally south along the course of the Pins River, to the north shore of Lac Saint-Joseph;",entailment
1239522_swap,"It runs as a ring road within the city of Munich in Bavaria, is 28 km long, and is the most traffic-prone road in Germany.","It runs as a ring road within the city of Munich in Bavaria, is 28 kilometers long, and is the most traffic-prone road in Germany.",entailment
1221355_swap,Lovely Professional University is 39 km away from the village.,Lovely Professional University is 39 kilometers away from the village.,entailment
1223970_swap,"Senior Lieutenant Gürcan Ulucan Airfield or just Temelli Airfield is a small airfield located approximately 45 km southwest of Ankara, Turkey.","Senior Lieutenant Gürcan Ulucan Airfield or just Temelli Airfield is a small airfield located approximately 45 kilometers southwest of Ankara, Turkey.",entailment
1333589_swap,It is located about 52 km south-west of the town of Devonport.,It is located about 52 kilometers south-west of the town of Devonport.,entailment
1260289_swap,"Distance between Deulgaon Tad, and district headquarter Jalna is 53 km .","Distance between Deulgaon Tad, and district headquarter Jalna is 53 kilometers .",entailment
1322586_swap,56 km south-west of the confluence of the Chicoutimi River and the Saguenay River;,56 kilometers south-west of the confluence of the Chicoutimi River and the Saguenay River;,entailment
1277183_swap,"It was built in the steep precipices and cliffs in Beiquan Village, 65 km to the northeast of Pingshun County.","It was built in the steep precipices and cliffs in Beiquan Village, 65 kilometers to the northeast of Pingshun County.",entailment
1242534_swap,The Pacific lowlands are largely a coastal plain extending approximately 75 km inland from the Pacific Ocean.,The Pacific lowlands are largely a coastal plain extending approximately 75 kilometers inland from the Pacific Ocean.,entailment
1303096_swap,"The college, is expected to be based in the city of Jinja, approximately 78 km , by road, east ofKampala, Uganda's capital and largest city.","The college, is expected to be based in the city of Jinja, approximately 78 kilometers , by road, east ofKampala, Uganda's capital and largest city.",entailment
1239600_swap,This segment is 100 km long and extends between the volcanoes Isluga in the north and Irruputuncu in the south.,This segment is 100 kilometers long and extends between the volcanoes Isluga in the north and Irruputuncu in the south.,entailment
1260410_swap,"From the mouth of the head lake, the Aigle River flows over 111 km according to the following segments:","From the mouth of the head lake, the Aigle River flows over 111 kilometers according to the following segments:",entailment
1258622_swap,118 km south of the confluence of the Opawica River and the Chibougamau River;,118 kilometers south of the confluence of the Opawica River and the Chibougamau River;,entailment
1301324_swap,"Mark Vornhusen's web camera documented the fireball from Vechta, located about 160 km from Braunschweig.","Mark Vornhusen's web camera documented the fireball from Vechta, located about 160 kilometers from Braunschweig.",entailment
1217398_swap,The race started in Roeselare and followed a 203 km course to finish in Waregem.,The race started in Roeselare and followed a 203 kilometers course to finish in Waregem.,entailment
1318866_swap,It is approximately 250 km from the capital city of Wellington.,It is approximately 250 kilometers from the capital city of Wellington.,entailment
1243899_swap,The race was initially scheduled to be contested over 280 km including seven laps of the Harrogate finish circuit.,The race was initially scheduled to be contested over 280 kilometers including seven laps of the Harrogate finish circuit.,entailment
1298282_swap,"It takes a general northerly direction through nine Kenyan counties, skirting Mount Kenya to end at Isiolo, approximately 305 km , to the north.","It takes a general northerly direction through nine Kenyan counties, skirting Mount Kenya to end at Isiolo, approximately 305 kilometers , to the north.",entailment
1257929_swap,The event was based in Marmaris in Muğla and consists of seventeen special stages totalling 312 km in competitive kilometres.,The event was based in Marmaris in Muğla and consists of seventeen special stages totalling 312 kilometers in competitive kilometres.,entailment
1288151_swap,The rally covered a total competitive distance of 316 km .,The rally covered a total competitive distance of 316 kilometers .,entailment
1287117_swap,"This is approximately 350 km , by road, north of Mpika, the largest city in the province.","This is approximately 350 kilometers , by road, north of Mpika, the largest city in the province.",entailment
1235709_swap,The erect shrub typically grows to a height of 3 m .,The erect shrub typically grows to a height of 3 meters .,entailment
1249613_swap,"Only the north east angle Clackriach Castle remains, about 7 m high.","Only the north east angle Clackriach Castle remains, about 7 meters high.",entailment
1222129_swap,Eucalyptus tardecidens is a mallee or a tree that typically grows to a height of 7 m and forms a lignotuber.,Eucalyptus tardecidens is a mallee or a tree that typically grows to a height of 7 meters and forms a lignotuber.,entailment
1253748_swap,The floor slopes at a depth of just less than 8 m .,The floor slopes at a depth of just less than 8 meters .,entailment
1256006_swap,"A team may choose to take a ""quick"" free kick, that is, take the kick while opponents are within the 9 m minimum required distance.","A team may choose to take a ""quick"" free kick, that is, take the kick while opponents are within the 9 meters minimum required distance.",entailment
1273332_swap,The Mahavira Hall in it has single-eave gable and hip roof and is 10 m high.,The Mahavira Hall in it has single-eave gable and hip roof and is 10 meters high.,entailment
1310419_swap,"The iron-cemented upper part of the formation forms however steep cliffs, which can be more than 10 m high.","The iron-cemented upper part of the formation forms however steep cliffs, which can be more than 10 meters high.",entailment
1252147_swap,The two rooms were dug to a depth of 11 m .,The two rooms were dug to a depth of 11 meters .,entailment
1307367_swap,The tunnel made by the larva of a small fly inside a birch tree may reach 17 m,The tunnel made by the larva of a small fly inside a birch tree may reach 17 meters,entailment
1228898_swap,"Quercus hartwissiana is a large deciduous tree, reaching heights of 35 m , with umbrella-shaped crown and ascending branches.","Quercus hartwissiana is a large deciduous tree, reaching heights of 35 meters , with umbrella-shaped crown and ascending branches.",entailment
1286298_swap,"This section extends for a total length of about 40 m , although not all of the kerb is fully exposed. (","This section extends for a total length of about 40 meters , although not all of the kerb is fully exposed. (",entailment
1309448_swap,The westernmost of these springs was about 67 m higher than the drilling rigs.,The westernmost of these springs was about 67 meters higher than the drilling rigs.,entailment
1281290_swap,Depressions up to 75 m deep cover the flat top.,Depressions up to 75 meters deep cover the flat top.,entailment
1225794_swap,The distance between the coast and the islet is less than 100 m .,The distance between the coast and the islet is less than 100 meters .,entailment
1250156_swap,It grows in sunny areas with disturbed soil from sea level to an altitude of 200 m .,It grows in sunny areas with disturbed soil from sea level to an altitude of 200 meters .,entailment
1249741_swap,A bell-shaped cavity was then discovered 230 m from the entrance.,A bell-shaped cavity was then discovered 230 meters from the entrance.,entailment
1219566_swap,These flows reached a thickness of approximately 250 m .,These flows reached a thickness of approximately 250 meters .,entailment
1254636_swap,The Kauskatitineu River originates from a forest stream (elevation: 264 m ) located at:,The Kauskatitineu River originates from a forest stream (elevation: 264 meters ) located at:,entailment
1229951_swap,"The park has rugged terrain with valleys and ridges, rising to an elevation of almost 309 m .","The park has rugged terrain with valleys and ridges, rising to an elevation of almost 309 meters .",entailment
1251803_swap,"The source of the ""Lavergne River"" is a forest stream (altitude: 310 m ) located at:","The source of the ""Lavergne River"" is a forest stream (altitude: 310 meters ) located at:",entailment
1333901_swap,Kai Kung Shan (Sai Kung District) ( 399 m ) in Sai Kung District,Kai Kung Shan (Sai Kung District) ( 399 meters ) in Sai Kung District,entailment
1220892_swap,The fish is bathypelagic and has been found at depths of around 610 m .,The fish is bathypelagic and has been found at depths of around 610 meters .,entailment
1335502_swap,"The nearest of these is Monthey Ville, is 700 m to the west.","The nearest of these is Monthey Ville, is 700 meters to the west.",entailment
1299527_swap,"The preferred natural habitat of G. ceciliae is forest, at altitudes from sea level to 900 m .","The preferred natural habitat of G. ceciliae is forest, at altitudes from sea level to 900 meters .",entailment
1324367_swap,The highest point is a 962 m high unnamed summit in the southern half of the northern part.,The highest point is a 962 meters high unnamed summit in the southern half of the northern part.,entailment
1278157_swap,"Kijabijo is located at an average elevation of 1153 m , above sea level.","Kijabijo is located at an average elevation of 1153 meters , above sea level.",entailment
1273649_swap,"The western part of the locality lies on the Tinderry Range, which includes Tinderry Peak ( 1619 m ) and Tinderry Twin Peak.","The western part of the locality lies on the Tinderry Range, which includes Tinderry Peak ( 1619 meters ) and Tinderry Twin Peak.",entailment
1238621_c_swap,They are coloured gray-green to bright green and measure up to 1 km long.,They are coloured gray-green to bright green and measure up to 1 cm long.,contradiction
1247702_c_swap,The fruit body of the fungus has a circular to fan-shaped of semicircular cap measuring 1 mm in diameter.,The fruit body of the fungus has a circular to fan-shaped of semicircular cap measuring 1 cm in diameter.,contradiction
1284296_c_swap,Leodia sexiesperforata inhabits the seabed and buries itself in the soft sediment to a depth of 2 m or so.,Leodia sexiesperforata inhabits the seabed and buries itself in the soft sediment to a depth of 2 cm or so.,contradiction
1315687_c_swap,"They are a typical size for kiilifish, the males are 3 milimeters while the females are slightly smaller.","They are a typical size for kiilifish, the males are 3 cm while the females are slightly smaller.",contradiction
1219661_c_swap,"Its subcoriaceous leaves are elliptic to obovate in shape, coloured dark brown and measure up to 3 km long.","Its subcoriaceous leaves are elliptic to obovate in shape, coloured dark brown and measure up to 3 cm long.",contradiction
1241342_c_swap,This species can reach a length of 4 mm SL.,This species can reach a length of 4 cm SL.,contradiction
1307878_c_swap,"The leaves are silver-grey stellate tomentose, shaped oblong elliptic and measure up to 5 meters long.","The leaves are silver-grey stellate tomentose, shaped oblong elliptic and measure up to 5 cm long.",contradiction
1278963_c_swap,Nephasoma rimicola grows to a maximum length of about 6 km .,Nephasoma rimicola grows to a maximum length of about 6 cm .,contradiction
1250174_c_swap,The simple or compound inflorescence has four to twelve primary branches up to a length of approximately 6 kilometers but usually shorter.,The simple or compound inflorescence has four to twelve primary branches up to a length of approximately 6 cm but usually shorter.,contradiction
1296483_c_swap,G. horsfieldii may attain a snout-to-vent length (SVL) of 8 km .,G. horsfieldii may attain a snout-to-vent length (SVL) of 8 cm .,contradiction
1324021_c_swap,"This species is a mouthbrooder, and grows to a length of around 9 milimeters SL.","This species is a mouthbrooder, and grows to a length of around 9 cm SL.",contradiction
1335833_c_swap,"The thallus of the lichen is foliose, with a grey colour, and measures up to 10 m across.","The thallus of the lichen is foliose, with a grey colour, and measures up to 10 cm across.",contradiction
1252706_c_swap,"It primarily feeds on benthic invertebrates such as crabs and molluscs, and can grow to lengths of 10 m .","It primarily feeds on benthic invertebrates such as crabs and molluscs, and can grow to lengths of 10 cm .",contradiction
1300805_c_swap,"Its leaf rosettes usually develop several, up to about 10 km long runners, at the end of which daughter rosettes appear.","Its leaf rosettes usually develop several, up to about 10 cm long runners, at the end of which daughter rosettes appear.",contradiction
1227134_c_swap,It can reach sizes of up to 12 mm TL.,It can reach sizes of up to 12 cm TL.,contradiction
1258550_c_swap,He was born without arms and a leg 12 m shorter than the other.,He was born without arms and a leg 12 cm shorter than the other.,contradiction
1231543_c_swap,The largest species of Dichotomyctere reach up to 17 milimeters in length.,The largest species of Dichotomyctere reach up to 17 cm in length.,contradiction
1229051_c_swap,The inscribed runes are 17 mm tall and are inscribed on the widest side.,The inscribed runes are 17 cm tall and are inscribed on the widest side.,contradiction
1294792_c_swap,This annual plant grows roughly to a height of 20 km before it releases seeds and dies.,This annual plant grows roughly to a height of 20 cm before it releases seeds and dies.,contradiction
1308184_c_swap,"The Guinean striped mojarra grows to a maximum length of 20 mm and has a compact, laterally compressed body.","The Guinean striped mojarra grows to a maximum length of 20 cm and has a compact, laterally compressed body.",contradiction
1247163_c_swap,It grows to a length of about 20 meters and lives in a burrow in soft sediment in the intertidal and subtidal zones.,It grows to a length of about 20 cm and lives in a burrow in soft sediment in the intertidal and subtidal zones.,contradiction
1312890_c_swap,It is endemic to Mongolia and has a maximum length of 23 m .,It is endemic to Mongolia and has a maximum length of 23 cm .,contradiction
1310968_c_swap,"This time, six buildings sagged as much as 23 km within a few hours.","This time, six buildings sagged as much as 23 cm within a few hours.",contradiction
1306667_c_swap,It inhabits inland wetlands in Asia and has a maximum length of 23 mm .,It inhabits inland wetlands in Asia and has a maximum length of 23 cm .,contradiction
1261845_c_swap,"Helianthemum canariense is a short, densely branched shrub up to 25 m tall.","Helianthemum canariense is a short, densely branched shrub up to 25 cm tall.",contradiction
1218832_c_swap,"Many of the stalagmites are 25 milimeters long with long sections of superimposed, soda-straw, conical ring-type tubes with pitted pockets.","Many of the stalagmites are 25 cm long with long sections of superimposed, soda-straw, conical ring-type tubes with pitted pockets.",contradiction
1300810_c_swap,"Felicia bergeriana is a richly branching, hairy annual plant of up to 25 mm high that is assigned to the daisy family.","Felicia bergeriana is a richly branching, hairy annual plant of up to 25 cm high that is assigned to the daisy family.",contradiction
1281197_c_swap,"At certain areas in the northwestern parts of the island, the earthquake caused the ground to rise by as much as 25 km .","At certain areas in the northwestern parts of the island, the earthquake caused the ground to rise by as much as 25 cm .",contradiction
1252522_c_swap,The trunk can reach 30 mm in diameter and the bark exudes an astringent gum.,The trunk can reach 30 cm in diameter and the bark exudes an astringent gum.,contradiction
1277150_c_swap,the ship was armed with a main battery of twelve  30 meters guns in four triple turrets.,the ship was armed with a main battery of twelve  30 cm guns in four triple turrets.,contradiction
1253956_c_swap,It grows to a maximum length of 33 m .,It grows to a maximum length of 33 cm .,contradiction
1285299_c_swap,"It was 35 km in length with a large red bill and long, rounded tail feathers.","It was 35 cm in length with a large red bill and long, rounded tail feathers.",contradiction
1303288_c_swap,"Boronia montimulliganensis is an erect, woody shrub that grows to a height of at least 35 mm tall.","Boronia montimulliganensis is an erect, woody shrub that grows to a height of at least 35 cm tall.",contradiction
1325391_c_swap,Pelargonium coronopifolium is a subshrub of up to 40 milimeters high.,Pelargonium coronopifolium is a subshrub of up to 40 cm high.,contradiction
1310601_c_swap,"tenella'' is a delicate, annual, often richly branched, herbaceous plant of up to 45 km high.","tenella'' is a delicate, annual, often richly branched, herbaceous plant of up to 45 cm high.",contradiction
1327376_c_swap,Melhania substricta grows as a subshrub up to 50 mm tall.,Melhania substricta grows as a subshrub up to 50 cm tall.,contradiction
1333993_c_swap,Melhania volleseniana grows as a herb up to 50 km tall.,Melhania volleseniana grows as a herb up to 50 cm tall.,contradiction
1330675_c_swap,"Cheiranthera alternifolia is a small understory, scrambling, perennial shrub to 50 kilometers with smooth stems.","Cheiranthera alternifolia is a small understory, scrambling, perennial shrub to 50 cm with smooth stems.",contradiction
1300519_c_swap,"Boronia coriacea is a small ericoid shrub that grows to a height of 50 m with more or less glabrous stems, leaves and flowers.","Boronia coriacea is a small ericoid shrub that grows to a height of 50 cm with more or less glabrous stems, leaves and flowers.",contradiction
1232324_c_swap,"As with other members of the Atoposauridae, Knoetschkesuchus is very small, with K. guimarotae measuring only 55 m long at maximum.","As with other members of the Atoposauridae, Knoetschkesuchus is very small, with K. guimarotae measuring only 55 cm long at maximum.",contradiction
1306470_c_swap,It inhabits Myanmar and Thailand and has a maximum length of 60 km .,It inhabits Myanmar and Thailand and has a maximum length of 60 cm .,contradiction
1243351_c_swap,"They are up to about 60 meters long, and brownish above with a heavily mottled, blotched or barred dark pattern.","They are up to about 60 cm long, and brownish above with a heavily mottled, blotched or barred dark pattern.",contradiction
1251740_c_swap,"The fragments have been restored to reconstruct a single but incomplete vessel, 67 m high, which is now displayed at the British Museum in London.","The fragments have been restored to reconstruct a single but incomplete vessel, 67 cm high, which is now displayed at the British Museum in London.",contradiction
1247965_c_swap,"The staff is 118 kilometers long, and has a knob at one end and three prongs at the other.","The staff is 118 cm long, and has a knob at one end and three prongs at the other.",contradiction
1306539_c_swap,"The trunk often has small buttresses and is straight and cylindrical, up to 200 mm in diameter.","The trunk often has small buttresses and is straight and cylindrical, up to 200 cm in diameter.",contradiction
1308494_c_swap,"The unbuttressed trunk is cylindrical, with a diameter of up to 200 milimeters or more, the lower half usually being devoid of branches.","The unbuttressed trunk is cylindrical, with a diameter of up to 200 cm or more, the lower half usually being devoid of branches.",contradiction
1307544_c_swap,"Echinochloa pyramidalis is a large, perennial, reed-like grass growing to a height of about 300 mm or even taller.","Echinochloa pyramidalis is a large, perennial, reed-like grass growing to a height of about 300 cm or even taller.",contradiction
1296376_c_swap,Leaves are borne at the end of a long petiole; the combined length of the leaf sheath and petiole averages 319 m .,Leaves are borne at the end of a long petiole; the combined length of the leaf sheath and petiole averages 319 cm .,contradiction
1297866_c_swap,The coffee capsules consist of a plastic cylinder containing up to 7 kilograms of ground coffee that is vacuum-pressed and sealed by an aluminum cap.,The coffee capsules consist of a plastic cylinder containing up to 7 grams of ground coffee that is vacuum-pressed and sealed by an aluminum cap.,contradiction
1223195_c_swap,The punishment for small amounts (up to 9 kg ) for personal use is typically a fine.,The punishment for small amounts (up to 9 grams ) for personal use is typically a fine.,contradiction
1280942_c_swap,"It weighs 9 kilograms and supports features such as air commands, translation of on-screen text, screen-off memos, and live messages.","It weighs 9 grams and supports features such as air commands, translation of on-screen text, screen-off memos, and live messages.",contradiction
1212192_c_swap,"For beta counters, a sample weighing at least 10 kg is typically required.","For beta counters, a sample weighing at least 10 grams is typically required.",contradiction
1273526_c_swap,"Aerolite Meteorites currently holds the main mass, while a 22 kilograms mass is held at the University of New Mexico’s Institute of Meteoritics.","Aerolite Meteorites currently holds the main mass, while a 22 grams mass is held at the University of New Mexico’s Institute of Meteoritics.",contradiction
1333801_c_swap,"A fragment, weighing 39 kg is held by the National Museum of Natural History, France.","A fragment, weighing 39 grams is held by the National Museum of Natural History, France.",contradiction
1273415_c_swap,"Based on the mean of several extrapolations from the size of its teeth, Vulcanops jennyworthyae would have weighed slightly less than 40 kilograms .","Based on the mean of several extrapolations from the size of its teeth, Vulcanops jennyworthyae would have weighed slightly less than 40 grams .",contradiction
1289884_c_swap,"This collection, including the main fragment of Jodzie meteorite weighing 48 kg , was obtained by the Field Museum of Natural History.","This collection, including the main fragment of Jodzie meteorite weighing 48 grams , was obtained by the Field Museum of Natural History.",contradiction
1297932_c_swap,"Found in lowland palm savanna and thorn scrub habitats, it is a medium-sized rat, weighing about 50 kilograms .","Found in lowland palm savanna and thorn scrub habitats, it is a medium-sized rat, weighing about 50 grams .",contradiction
1228381_c_swap,"Incubation can be an energetically demanding process; adult albatrosses, for instance, lose as much as 83 kg of body weight per day of incubation.","Incubation can be an energetically demanding process; adult albatrosses, for instance, lose as much as 83 grams of body weight per day of incubation.",contradiction
1223196_c_swap,Larger quantities (more than 100 kilograms ) generally results in a prison sentence.,Larger quantities (more than 100 grams ) generally results in a prison sentence.,contradiction
1248698_c_swap,"Allan was still 100 kg above the weight limit, and so was disqualified from the event.","Allan was still 100 grams above the weight limit, and so was disqualified from the event.",contradiction
1251732_c_swap,"According to the law, anyone in possession of more than 100 kilograms of heroin or morphine was subject to the death sentence or life imprisonment.","According to the law, anyone in possession of more than 100 grams of heroin or morphine was subject to the death sentence or life imprisonment.",contradiction
1249986_c_swap,"In an experiment, one fruit body lifted 204 kg , giving an upward pressure of the stipe of two thirds of an atmosphere.","In an experiment, one fruit body lifted 204 grams , giving an upward pressure of the stipe of two thirds of an atmosphere.",contradiction
1230913_c_swap,The total weight of the hoard is 285 kilograms .,The total weight of the hoard is 285 grams .,contradiction
1330615_c_swap,"Giant mouse lemurs weigh approximately 300 kg and have a long, bushy tail.","Giant mouse lemurs weigh approximately 300 grams and have a long, bushy tail.",contradiction
1249308_c_swap,"Weighing around 350 kilograms or more, they are some of the largest members of the family of dwarf and mouse lemurs in the suborder Strepsirrhini.","Weighing around 350 grams or more, they are some of the largest members of the family of dwarf and mouse lemurs in the suborder Strepsirrhini.",contradiction
1270838_c_swap,A body mass of 400 kg has been estimated for Micodon.,A body mass of 400 grams has been estimated for Micodon.,contradiction
1311315_c_swap,"450 kilograms of steak per person insured daily to the people, sweet fruit and coffee.","450 grams of steak per person insured daily to the people, sweet fruit and coffee.",contradiction
1311316_c_swap,"When all have 450 kg of insured meat, nobody will need to steal and kill.","When all have 450 grams of insured meat, nobody will need to steal and kill.",contradiction
1264598_c_swap,IBU rules require that the trigger pull weight must be at least 500 kilograms .,IBU rules require that the trigger pull weight must be at least 500 grams .,contradiction
1245017_c_swap,"Once teams had 500 kg , the head chef would give them their next clue.","Once teams had 500 grams , the head chef would give them their next clue.",contradiction
1226643_c_swap,"The gegeol radish, smaller and firmer than regular Korean radishes, weighs about 500 kilograms , including the taproot and the greens.","The gegeol radish, smaller and firmer than regular Korean radishes, weighs about 500 grams , including the taproot and the greens.",contradiction
1333256_c_swap,One female was found to have weighed 1260 kg .,One female was found to have weighed 1260 grams .,contradiction
1243717_c_swap,"When teams acquired 2 kilograms of gems, they would receive their next clue.","When teams acquired 2 kilograms of gems, they would receive their next clue.",contradiction
1268895_c_swap,The elephant trunkfish grazes on the seabed and can weigh up to 4 kg,The elephant trunkfish grazes on the seabed and can weigh up to 4 kilograms,contradiction
1288602_c_swap,"The six black pieces of the meteorite fit together to form a larger meteorite, weighing 5 kilograms .","The six black pieces of the meteorite fit together to form a larger meteorite, weighing 5 kilograms .",contradiction
1301638_c_swap,"He eventually resolved to abandon the portable boat and five of the group's rifles, reducing each man's load by 7 kg .","He eventually resolved to abandon the portable boat and five of the group's rifles, reducing each man's load by 7 kilograms .",contradiction
1307559_c_swap,"The largest known Sommen charr weighed almost 9 kilograms , and was for a while the largest Arctic charr fished in Sweden.","The largest known Sommen charr weighed almost 9 kilograms , and was for a while the largest Arctic charr fished in Sweden.",contradiction
1225155_c_swap,The root of the wild sweet potato can weigh 10 kg or more,The root of the wild sweet potato can weigh 10 kilograms or more,contradiction
1276951_c_swap,In LMGTE Am Porsche had 10 kilograms of ballast added to their cars and the same amount removed from the Fords.,In LMGTE Am Porsche had 10 kilograms of ballast added to their cars and the same amount removed from the Fords.,contradiction
1321590_c_swap,"In their first conversation, they discussed a 15 kg cocaine shipment.","In their first conversation, they discussed a 15 kilograms cocaine shipment.",contradiction
1217792_c_swap,"They raided the home and found a nail bomb, 15 kilograms of acetone peroxide, hydrogen peroxide, and an ISIL flag.","They raided the home and found a nail bomb, 15 kilograms of acetone peroxide, hydrogen peroxide, and an ISIL flag.",contradiction
1236782_c_swap,"An 18 kg meteorite was discovered frozen in ice on the Nansen ice field by a Search for Antarctic Meteorites, Belgian Approach (SAMBA) mission.","An 18 kilograms meteorite was discovered frozen in ice on the Nansen ice field by a Search for Antarctic Meteorites, Belgian Approach (SAMBA) mission.",contradiction
1281409_c_swap,"The Raybolt system weight about 20 kilograms , which its manufacturer describes as lighter than peers.","The Raybolt system weight about 20 kilograms , which its manufacturer describes as lighter than peers.",contradiction
1314219_c_swap,"Sable, who was overweight, managed to lose 20 kg in three months, before joining the national camp where he was trained by Nikolai Snesarev.","Sable, who was overweight, managed to lose 20 kilograms in three months, before joining the national camp where he was trained by Nikolai Snesarev.",contradiction
1294534_c_swap,"The rover would carry a science payload of 23 kilograms , including a robotic arm.","The rover would carry a science payload of 23 kilograms , including a robotic arm.",contradiction
1266258_c_swap,"The aircraft, without the wing fitted, has an empty weight of 25 kg .","The aircraft, without the wing fitted, has an empty weight of 25 kilograms .",contradiction
1232803_c_swap,"There were plantations and ranches, but the schools largely depended on contributions by parents of about 25 kilograms of flour per pupil per year.","There were plantations and ranches, but the schools largely depended on contributions by parents of about 25 kilograms of flour per pupil per year.",contradiction
1295720_c_swap,Increased weight of the tail structure necessitated carrying 32 kg of ballast in the nose.,Increased weight of the tail structure necessitated carrying 32 kilograms of ballast in the nose.,contradiction
1283743_c_swap,"The chassis would become more rigid and lightweight, losing 36 kilograms .","The chassis would become more rigid and lightweight, losing 36 kilograms .",contradiction
1244252_c_swap,Around 50 kg of gold were used for the utensils in this room.,Around 50 kilograms of gold were used for the utensils in this room.,contradiction
1218368_c_swap,"Manoranjan Roy (born ) is a Bangladeshi male weightlifter, competing in the 77 kilograms category and representing Bangladesh at international competitions.","Manoranjan Roy (born ) is a Bangladeshi male weightlifter, competing in the 77 kilograms category and representing Bangladesh at international competitions.",contradiction
1330046_c_swap,"Nevertheless, the weight of the new basic structure was reduced by 100 kg .","Nevertheless, the weight of the new basic structure was reduced by 100 kilograms .",contradiction
1235226_c_swap,The bike weighs 182 kilograms and is classified as a tourer.,The bike weighs 182 kilograms and is classified as a tourer.,contradiction
1286417_c_swap,A two-seater aircraft which has a payload capacity of 200 kg is planned for development..,A two-seater aircraft which has a payload capacity of 200 kilograms is planned for development..,contradiction
1317619_c_swap,"The new wing was metal-skinned, with readily removed panels for internal inspection, though fabric-covering was an option, yielding an extra 200 kilograms of payload.","The new wing was metal-skinned, with readily removed panels for internal inspection, though fabric-covering was an option, yielding an extra 200 kilograms of payload.",contradiction
1330314_c_swap,Rob Kearney's lift of 214 kg is an American record.,Rob Kearney's lift of 214 kilograms is an American record.,contradiction
1278151_c_swap,"High-Explosive - Steel shell loaded with TNT, 218 kilograms .","High-Explosive - Steel shell loaded with TNT, 218 kilograms .",contradiction
1228272_c_swap,"In his third attempt, Sarychev raised it even further, pressing 335 kg .","In his third attempt, Sarychev raised it even further, pressing 335 kilograms .",contradiction
1265482_c_swap,The aircraft has a maximum gross weight of 400 kilograms .,The aircraft has a maximum gross weight of 400 kilograms .,contradiction
1242182_c_swap,The AFG weighed only 400 kg due to the use of Alpax to produce a unitary-style chassis and the use of aluminum for the bodywork.,The AFG weighed only 400 kilograms due to the use of Alpax to produce a unitary-style chassis and the use of aluminum for the bodywork.,contradiction
1253214_c_swap,The elevator lifts from the basement to the fourth floor not more than 450 kilograms .,The elevator lifts from the basement to the fourth floor not more than 450 kilograms .,contradiction
1265314_c_swap,"The Explorer was designed to comply with the Fédération Aéronautique Internationale microlight category, including the category's maximum gross weight of 450 kg .","The Explorer was designed to comply with the Fédération Aéronautique Internationale microlight category, including the category's maximum gross weight of 450 kilograms .",contradiction
1330223_c_swap,^ Eddie Hall's lift of 500 kilograms is the current equipped deadlift world record.,^ Eddie Hall's lift of 500 kilograms is the current equipped deadlift world record.,contradiction
1253043_c_swap,External provision was made for carrying a single 500 kg bomb beneath the fuselage.,External provision was made for carrying a single 500 kilograms bomb beneath the fuselage.,contradiction
1286607_c_swap,"... that weighing on average around 650 kilograms , the Madagascan fossil bird Vorombe (femur pictured) was the heaviest bird known?","... that weighing on average around 650 kilograms , the Madagascan fossil bird Vorombe (femur pictured) was the heaviest bird known?",contradiction
1318572_c_swap,"While the plate added an extra 680 kg in weight, this was considered acceptable given the improvement to crew protection.","While the plate added an extra 680 kilograms in weight, this was considered acceptable given the improvement to crew protection.",contradiction
1241285_c_swap,"The car's weight is slightly heavier, at 755 kilograms .,","The car's weight is slightly heavier, at 755 kilograms .,",contradiction
1286177_c_swap,"With a dry weight of 855 kg , the Stradale has performance comparable to high performance sports cars while being driver-focused.","With a dry weight of 855 kilograms , the Stradale has performance comparable to high performance sports cars while being driver-focused.",contradiction
1259819_c_swap,"Similarly, Félix da Costa's car was discovered to be under the minimum weight limit of 880 kilograms during scrutineering.","Similarly, Félix da Costa's car was discovered to be under the minimum weight limit of 880 kilograms during scrutineering.",contradiction
1332151_c_swap,"The body has been reduced in weight to 1300 kg , and the height has been lowered to lower the center of gravity.","The body has been reduced in weight to 1300 kilograms , and the height has been lowered to lower the center of gravity.",contradiction
1302900_c_swap,The car has a dry weight of 1460 kg .,The car has a dry weight of 1460 kilograms .,contradiction
1302883_c_swap,The curb weight of the car amounted to 1780 kilograms .,The curb weight of the car amounted to 1780 kilograms .,contradiction
1298806_c_swap,The telecommunication satellite had a liftoff mass of 2536 kg .,The telecommunication satellite had a liftoff mass of 2536 kilograms .,contradiction
1213662_c_swap,"Although there are wide variations, on average each family produced 3136 kilograms of latex per year.","Although there are wide variations, on average each family produced 3136 kilograms of latex per year.",contradiction
1333194_c_swap,The spacecraft is capable of carrying 5000 kg of pressurized and unpressurized cargo in total to the Gateway.,The spacecraft is capable of carrying 5000 kilograms of pressurized and unpressurized cargo in total to the Gateway.,contradiction
1251341_c_swap,"The howitzer's weight 7455 kg was beyond the horse teams' towing capability, so it was designed to be broken down and transported in two loads.","The howitzer's weight 7455 kilograms was beyond the horse teams' towing capability, so it was designed to be broken down and transported in two loads.",contradiction
1277418_c_swap,"Its combat weight was 12147 kilograms and for transport, it could be broken down into two wagon loads.","Its combat weight was 12147 kilograms and for transport, it could be broken down into two wagon loads.",contradiction
1215160_c_swap,"It makes Gancedo the third-largest worldwide, while Anighito, part of the massive Cape York meteorite fall found in Greenland, weighs 30875 kg .","It makes Gancedo the third-largest worldwide, while Anighito, part of the massive Cape York meteorite fall found in Greenland, weighs 30875 kilograms .",contradiction
1279437_c_swap,"Its nearest higher peak is Mount Deception, 1 milimeters to the north-northwest. ''","Its nearest higher peak is Mount Deception, 1 miles to the north-northwest. ''",contradiction
1312821_c_swap,The club then leased land from a local golf course about 2 m south of Blackpool.,The club then leased land from a local golf course about 2 miles south of Blackpool.,contradiction
1237034_c_swap,"The nearest town to the bay is Rothesay, which is 2 meters to the south west.","The nearest town to the bay is Rothesay, which is 2 miles to the south west.",contradiction
1229502_c_swap,"Protesters marched 2 milimeters in London from Grosvenor Square in Mayfair, past the US embassy and onto Trafalgar Square.","Protesters marched 2 miles in London from Grosvenor Square in Mayfair, past the US embassy and onto Trafalgar Square.",contradiction
1281456_c_swap,Four men went down the pit wearing breathing apparatus and had to carry the injured over 2 m to get them to safety.,Four men went down the pit wearing breathing apparatus and had to carry the injured over 2 miles to get them to safety.,contradiction
1305347_c_swap,"The nearest higher peak is Mount Pugh, 4 meters to the northeast.","The nearest higher peak is Mount Pugh, 4 miles to the northeast.",contradiction
1311003_c_swap,"Augustine Creek is a 4 milimeters long tributary to Delaware Bay in New Castle County, Delaware.","Augustine Creek is a 4 miles long tributary to Delaware Bay in New Castle County, Delaware.",contradiction
1326870_c_swap,Weather station is located 5 m from the Portsmouth city centre.,Weather station is located 5 miles from the Portsmouth city centre.,contradiction
1332105_c_swap,"The closest large town is the market town of Leominster, 6 meters to the north-west.","The closest large town is the market town of Leominster, 6 miles to the north-west.",contradiction
1216248_c_swap,The length of the line between Castleford East Junction and Garforth was 6 milimeters .,The length of the line between Castleford East Junction and Garforth was 6 miles .,contradiction
1252224_c_swap,About 7 m of track were in the Cleveland city limits.,About 7 miles of track were in the Cleveland city limits.,contradiction
1291228_c_swap,Altoona is located about 7 meters northwest of the Game Lands.,Altoona is located about 7 miles northwest of the Game Lands.,contradiction
1309502_c_swap,"From the western terminus, the first 8 milimeters is paved with partial design bituminous pavement and the remainder is paved with composite pavement.","From the western terminus, the first 8 miles is paved with partial design bituminous pavement and the remainder is paved with composite pavement.",contradiction
1272086_c_swap,Hébuterne is 9 m north of Albert and Gommecourt lies further north.,Hébuterne is 9 miles north of Albert and Gommecourt lies further north.,contradiction
1294201_c_swap,A 9 meters borehole drilled by Soviet scientists uncovers the sounds of millions of damned souls.,A 9 miles borehole drilled by Soviet scientists uncovers the sounds of millions of damned souls.,contradiction
1296703_c_swap,"For most of its 9 milimeters length, it is a county road and forms a boundary between townships.","For most of its 9 miles length, it is a county road and forms a boundary between townships.",contradiction
1247519_c_swap,"It is located in the Wallowa–Whitman National Forest, about 10 m northeast of Sumpter.","It is located in the Wallowa–Whitman National Forest, about 10 miles northeast of Sumpter.",contradiction
1212114_c_swap,The Cobre Mine is about 12 meters north west of Santiago Bay in the Sierra Maestra.,The Cobre Mine is about 12 miles north west of Santiago Bay in the Sierra Maestra.,contradiction
1264809_c_swap,Mary Jane Reoch rode 12 milimeters to the hospital on her racing bike to give birth to her daughter,Mary Jane Reoch rode 12 miles to the hospital on her racing bike to give birth to her daughter,contradiction
1324732_c_swap,"The Ashton to Tetonia Trail is a 29 m trail from Ashton, Idaho to Tetonia, Idaho","The Ashton to Tetonia Trail is a 29 miles trail from Ashton, Idaho to Tetonia, Idaho",contradiction
1222882_c_swap,"Atwood is a former mining settlement located 35 meters northeast of Mina in Nye County, Nevada.","Atwood is a former mining settlement located 35 miles northeast of Mina in Nye County, Nevada.",contradiction
1280520_c_swap,"Cuchilla Grande Inferior stretches east-west approximately from Alejandro Gallinal to Cardona, in a distance of approximately 120 milimeters . [","Cuchilla Grande Inferior stretches east-west approximately from Alejandro Gallinal to Cardona, in a distance of approximately 120 miles . [",contradiction
1219890_c_swap,"The Great Sand Sea is a roughly lung-shaped area of sandy desert lying astride the border with Libya, 200 m inland from the Mediterranean.","The Great Sand Sea is a roughly lung-shaped area of sandy desert lying astride the border with Libya, 200 miles inland from the Mediterranean.",contradiction
1259402_c_swap,Little Mehoopany Creek joins the Susquehanna River 231 meters upstream of its mouth.,Little Mehoopany Creek joins the Susquehanna River 231 miles upstream of its mouth.,contradiction
1224672_c_swap,"Despite the presence of a Spanish force shadowing him, Raleigh successfully navigated the river and inlets, penetrating some 400 milimeters into the Guiana highlands.","Despite the presence of a Spanish force shadowing him, Raleigh successfully navigated the river and inlets, penetrating some 400 miles into the Guiana highlands.",contradiction
1301973_c_swap,"The four sepals are triangular, 1 meters long with pimply glands.","The four sepals are triangular, 1 mm long with pimply glands.",contradiction
1248023_c_swap,in compact clusters on pedicels which are less than 2 miles long.,in compact clusters on pedicels which are less than 2 mm long.,contradiction
1259426_c_swap,Subtending the ovary are four awl-shaped scales of about 2 km long.,Subtending the ovary are four awl-shaped scales of about 2 mm long.,contradiction
1234668_c_swap,"Small to 2 meters , dense and appressed, spiralling, dark green to olive","Small to 2 mm , dense and appressed, spiralling, dark green to olive",contradiction
1277143_c_swap,"The species is small and brown, with a cephalothorax typically measuring 2 miles long.","The species is small and brown, with a cephalothorax typically measuring 2 mm long.",contradiction
1237385_c_swap,"The four petals are about 2 cm long, overlap each other and are densely hairy.","The four petals are about 2 mm long, overlap each other and are densely hairy.",contradiction
1305625_c_swap,"The four sepals are dark red, narrow triangular to egg-shaped and about 2 meters long.","The four sepals are dark red, narrow triangular to egg-shaped and about 2 mm long.",contradiction
1248712_c_swap,"Its rectangular section fuselage was entirely wooden, with spruce longerons and 2 miles thick plywood covering.","Its rectangular section fuselage was entirely wooden, with spruce longerons and 2 mm thick plywood covering.",contradiction
1232606_c_swap,The sides of the labellum have many reddish teeth up to 2 m long and the tip is curled under.,The sides of the labellum have many reddish teeth up to 2 mm long and the tip is curled under.,contradiction
1254740_c_swap,"The cowling blended smoothly into the rest of the fuselage which was a 2 meters thick ply-skinned semi-monocoque, tapering to the rear.","The cowling blended smoothly into the rest of the fuselage which was a 2 mm thick ply-skinned semi-monocoque, tapering to the rear.",contradiction
1332644_c_swap,"The floral cup is mostly glabrous, about 3 miles long.","The floral cup is mostly glabrous, about 3 mm long.",contradiction
1252763_c_swap,Myopites stylatus can reach a length of about 3 km .,Myopites stylatus can reach a length of about 3 mm .,contradiction
1272025_c_swap,"The callus is about 3 meters long with its central part covered with short, bristly hair-like glands.","The callus is about 3 mm long with its central part covered with short, bristly hair-like glands.",contradiction
1267125_c_swap,There are two ridge-shaped calli 3 mi long at the base of the mid-line of the labellum.,There are two ridge-shaped calli 3 mm long at the base of the mid-line of the labellum.,contradiction
1247524_c_swap,"Fruit bodies of M. rubiginosa are distinguished by their reddish colour, and spines up to 3 centimeters long.","Fruit bodies of M. rubiginosa are distinguished by their reddish colour, and spines up to 3 mm long.",contradiction
1254895_c_swap,The floral cup is hairy and about 4 meters long.,The floral cup is hairy and about 4 mm long.,contradiction
1300822_c_swap,"These surround numerous bisexual disc florets with a yellow corolla of about 4 miles long, hairy in the middle.","These surround numerous bisexual disc florets with a yellow corolla of about 4 mm long, hairy in the middle.",contradiction
1287836_c_swap,"Individual flowers are slightly sweetly scented, with greenish white tepals up to 5 centimeters long.","Individual flowers are slightly sweetly scented, with greenish white tepals up to 5 mm long.",contradiction
1302345_c_swap,The flowers are borne singly in leaf axils on a pedicel up to 5 meters long.,The flowers are borne singly in leaf axils on a pedicel up to 5 mm long.,contradiction
1262285_c_swap,The flowers are about 5 km long and wide and are inverted so that the labellum is above the column rather than below it.,The flowers are about 5 mm long and wide and are inverted so that the labellum is above the column rather than below it.,contradiction
1292292_c_swap,"Both sexes mouthbrood although up to 6 centimeters in length, the fry are mouthbrooded only by the female.","Both sexes mouthbrood although up to 6 mm in length, the fry are mouthbrooded only by the female.",contradiction
1268834_c_swap,"The islands in Great Egg Harbor Bay, a habitat for migratory birds, are eroding at a rate of 7 mi per year","The islands in Great Egg Harbor Bay, a habitat for migratory birds, are eroding at a rate of 7 mm per year",contradiction
1251289_c_swap,"Additionally, the eye socket is very large, measuring 10 miles long, although this may be due to the animal's imilesaturity.","Additionally, the eye socket is very large, measuring 10 mm long, although this may be due to the animal's immaturity.",contradiction
1261829_c_swap,Larvae are 12 centimeters and are white with brown heads.,Larvae are 12 mm and are white with brown heads.,contradiction
1331140_c_swap,Integrated 12 mi automatic machine gun despite self-protection and near air threats.,Integrated 12 mm automatic machine gun despite self-protection and near air threats.,contradiction
1243723_c_swap,It has a shining dark brown color and is about 12 miles long.,It has a shining dark brown color and is about 12 mm long.,contradiction
1325188_c_swap,The anti-aircraft armament consisted of two or four  13 centimeters  machine guns.,The anti-aircraft armament consisted of two or four  13 mm  machine guns.,contradiction
1242024_c_swap,The light anti-aircraft armament consisted of one or two pairs of  13 meters  machine guns.,The light anti-aircraft armament consisted of one or two pairs of  13 mm  machine guns.,contradiction
1320592_c_swap,An incision 18 miles long was made parallel to the inguinal ligament and sealed with resin.,An incision 18 mm long was made parallel to the inguinal ligament and sealed with resin.,contradiction
1237875_c_swap,"The larvae resemble caterpillars, and when fully grown are about 20 centimeters long.","The larvae resemble caterpillars, and when fully grown are about 20 mm long.",contradiction
1299737_c_swap,"The flower buds are arranged in groups of seven on a flattened peduncle up to 24 meters long, the individual buds on a short pedicel.","The flower buds are arranged in groups of seven on a flattened peduncle up to 24 mm long, the individual buds on a short pedicel.",contradiction
1228483_c_swap,Megabalanus californicus is a large acorn barnacle with a diameter of up to 30 miles .,Megabalanus californicus is a large acorn barnacle with a diameter of up to 30 mm .,contradiction
1217506_c_swap,"The Sainya Seva Medal is circular in shape, made of cupro-nickel, 35 cm in diameter.","The Sainya Seva Medal is circular in shape, made of cupro-nickel, 35 mm in diameter.",contradiction
1319851_c_swap,"The medal is round, silver in color and 36 meters in diameter.","The medal is round, silver in color and 36 mm in diameter.",contradiction
1284703_c_swap,The test of this sea urchin is up to 40 miles in diameter.,The test of this sea urchin is up to 40 mm in diameter.,contradiction
1218357_c_swap,The hatches above the engine room were 50 cm thick.,The hatches above the engine room were 50 mm thick.,contradiction
1315388_c_swap,Donegal town was partially flooded after 50 m of rain fell as the River Eske approached high tide.,Donegal town was partially flooded after 50 mm of rain fell as the River Eske approached high tide.,contradiction
1272523_c_swap,"The lateral sepals are erect, thread-like and are up to 60 mi longer than the flower.","The lateral sepals are erect, thread-like and are up to 60 mm longer than the flower.",contradiction
1254410_c_swap,Between five and twenty strongly scented flowers are irregularly arranged along a drooping flowering stem up to 60 km long.,Between five and twenty strongly scented flowers are irregularly arranged along a drooping flowering stem up to 60 mm long.,contradiction
1312754_c_swap,Rainfall extended north to Guadeloupe were accumulations reached 121 meters in Matouba.,Rainfall extended north to Guadeloupe were accumulations reached 121 mm in Matouba.,contradiction
1298272_c_swap,As a result of these changes the Szittya II was 160 miles longer.,As a result of these changes the Szittya II was 160 mm longer.,contradiction
1232440_c_swap,"Later, as the storm approached open water once again, it dropped over 200 centimeters of precipitation along the southern coast of Queensland.","Later, as the storm approached open water once again, it dropped over 200 mm of precipitation along the southern coast of Queensland.",contradiction
1330189_c_swap,"They carried their main battery of four 240 meters guns in open barbettes, two forward side-by-side and the other two aft on the centerline. ''","They carried their main battery of four 240 mm guns in open barbettes, two forward side-by-side and the other two aft on the centerline. ''",contradiction
1242699_c_swap,There is a single yellowish green flower with transparent white stripes borne on a flowering stem up to 330 miles high.,There is a single yellowish green flower with transparent white stripes borne on a flowering stem up to 330 mm high.,contradiction
1239408_c_swap,"A precipitation maximum occurred in Yakushima, where 342 centimeters of rain fell.","A precipitation maximum occurred in Yakushima, where 342 mm of rain fell.",contradiction
1252499_c_swap,Between fifteen and forty five flowers are arranged along a flowering spike up to 450 mi high.,Between fifteen and forty five flowers are arranged along a flowering spike up to 450 mm high.,contradiction
1334303_c_swap,She was also armed with two 457 miles torpedo tubes in her hull above the waterline.,She was also armed with two 457 mm torpedo tubes in her hull above the waterline.,contradiction
1242417_c_swap,"Most rainfall is in June, July, August and September, with average precipitation of 878 km .","Most rainfall is in June, July, August and September, with average precipitation of 878 mm .",contradiction
1266334_c_swap,"Many elements of the meeting were expressly designed for symbolism, including an oval meeting table measuring 2018 meters to represent the year.","Many elements of the meeting were expressly designed for symbolism, including an oval meeting table measuring 2018 mm to represent the year.",contradiction
1306517_c_swap,"In the Serra do Mar, in São Paulo, it rains on the average more than 3600 miles .","In the Serra do Mar, in São Paulo, it rains on the average more than 3600 mm .",contradiction
1274162_c_swap,The plant can cover a total area as much as 20 sqkm .,The plant can cover a total area as much as 20 sqft .,contradiction
1276486_c_swap,"Plans were drawn up for a new building which included a 30 sqmi office, mail room, public space and telegraph room.","Plans were drawn up for a new building which included a 30 sqft office, mail room, public space and telegraph room.",contradiction
1234272_c_swap,"Base model with 98 sqmi of sail area, plus a gennaker.","Base model with 98 sqft of sail area, plus a gennaker.",contradiction
1290188_c_swap,"Factory options included a 200 sqm asymmetrical spinnaker, portable toilet, motor mount and a highway trailer.","Factory options included a 200 sqft asymmetrical spinnaker, portable toilet, motor mount and a highway trailer.",contradiction
1300117_c_swap,"He lived in a three-storey, 6000 sqkm downtown Toronto loft which doubled as a museum housing thousands of his acquired treasures.","He lived in a three-storey, 6000 sqft downtown Toronto loft which doubled as a museum housing thousands of his acquired treasures.",contradiction
1246956_c_swap,At least 8400 square miles of the building will be designated for retail use.,At least 8400 sqft of the building will be designated for retail use.,contradiction
1220607_c_swap,"The total interior footprint is 12800 sqm ; interiors are decorated in wood paneling, principally Douglas fir and Honduran mahogany.","The total interior footprint is 12800 sqft ; interiors are decorated in wood paneling, principally Douglas fir and Honduran mahogany.",contradiction
1330182_c_swap,"To supplement the steam engines, she was fitted with a brig sail rig with a total area of 23200 sqmi .","To supplement the steam engines, she was fitted with a brig sail rig with a total area of 23200 sqft .",contradiction
1260027_c_swap,"Between all three locations, they brew and serve beer on over 70000 sqm .","Between all three locations, they brew and serve beer on over 70000 sqft .",contradiction
1294560_c_swap,This would use up 800000 square meters of the air rights.,This would use up 800000 sqft of the air rights.,contradiction
1319478_c_swap,The sanctuary's 2 square meters lake and surrounding marshland provide habitat for waterfowl and freshwater fish.,The sanctuary's 2 sqkm lake and surrounding marshland provide habitat for waterfowl and freshwater fish.,contradiction
1317346_c_swap,"According to the U.S. Census Bureau, the Norfolk CDP has a total area of 2 m2 , all of it recorded as land.","According to the U.S. Census Bureau, the Norfolk CDP has a total area of 2 sqkm , all of it recorded as land.",contradiction
1228066_c_swap,It is part of a 3 m2 protected area (Reserva Natural da Lagoa Cimidor) which also includes the adjacent coast.,It is part of a 3 sqkm protected area (Reserva Natural da Lagoa Cimidor) which also includes the adjacent coast.,contradiction
1295218_c_swap,The remainder drains into a number of smaller seasonal lakes and swamps further downstream with a total area of 3 square meters .,The remainder drains into a number of smaller seasonal lakes and swamps further downstream with a total area of 3 sqkm .,contradiction
1319437_c_swap,"The primary reserve, where the members live, is 33 square miles .","The primary reserve, where the members live, is 33 sqkm .",contradiction
1239073_c_swap,The present local government administers an area of 54 sqm .,The present local government administers an area of 54 sqkm .,contradiction
1222021_c_swap,The 107 sqmi municipality encompassed the southern half of the present-day municipality of Audnedal.,The 107 sqkm municipality encompassed the southern half of the present-day municipality of Audnedal.,contradiction
1234462_c_swap,The region the biggest contiguous fruit orchard in Central Europe extends over 143 sqm .,The region the biggest contiguous fruit orchard in Central Europe extends over 143 sqkm .,contradiction
1228047_c_swap,These cones and associated lava flows cover a surface of about 200 sqmi .,These cones and associated lava flows cover a surface of about 200 sqkm .,contradiction
1254699_c_swap,The species' range encompasses only about 290 square meters in the Great Sand Dunes National Park in Colorado.,The species' range encompasses only about 290 sqkm in the Great Sand Dunes National Park in Colorado.,contradiction
1220930_c_swap,"All of them were captured by the next day, resulting in the alliance gaining about 460 m2 of land.","All of them were captured by the next day, resulting in the alliance gaining about 460 sqkm of land.",contradiction
1296642_c_swap,"The game's playable area is 870 m2 , which was done to place dangerous and challenging areas in between rewards that players might seek out.","The game's playable area is 870 sqkm , which was done to place dangerous and challenging areas in between rewards that players might seek out.",contradiction
1253711_c_swap,"Pakan District is an administrative district in Sarikei Division, Sarawak, Malaysia, covering an area of 924 square meters .","Pakan District is an administrative district in Sarikei Division, Sarawak, Malaysia, covering an area of 924 sqkm .",contradiction
1237111_c_swap,The two parks together form a protected area of 1390 square miles .,The two parks together form a protected area of 1390 sqkm .,contradiction
1233440_c_swap,The last glacial maximum lake had a surface area of about 1600 sqm .,The last glacial maximum lake had a surface area of about 1600 sqkm .,contradiction
1217770_c_swap,The Hayes' run both Hereford and Droughtmaster cattle on the 2134 sqmi property.,The Hayes' run both Hereford and Droughtmaster cattle on the 2134 sqkm property.,contradiction
1294444_c_swap,The Einasleigh River has a catchment area of 24366 sqm .,The Einasleigh River has a catchment area of 24366 sqkm .,contradiction
1243488_c_swap,"Pınargözü Cave is located within a karst region of the western Taurus Mountains, which encompasses nearly 40000 sqmi .","Pınargözü Cave is located within a karst region of the western Taurus Mountains, which encompasses nearly 40000 sqkm .",contradiction
1220167_c_swap,"This brought its area up to 761576 m2 , including parts of the states of Amazonas, Rondônia, Pará, Mato Grosso and Tocantins.","This brought its area up to 761576 sqkm , including parts of the states of Amazonas, Rondônia, Pará, Mato Grosso and Tocantins.",contradiction
1220694_c_swap,"According to the United States Geological Survey, the CDP has a total area of 1 sqm , all of it land.","According to the United States Geological Survey, the CDP has a total area of 1 sqmi , all of it land.",contradiction
1314362_c_swap,Baskin Run drains 4 sqkm of Erie Drift Plain (glacial geology).,Baskin Run drains 4 sqmi of Erie Drift Plain (glacial geology).,contradiction
1314683_c_swap,Townley Run drains 4 sqft of Erie Drift Plain (glacial geology).,Townley Run drains 4 sqmi of Erie Drift Plain (glacial geology).,contradiction
1233086_c_swap,The watershed of the stream has an area of approximately 6 square meters .,The watershed of the stream has an area of approximately 6 sqmi .,contradiction
1235971_c_swap,"It covers an area of 99 sqm and was named after David James, a former member of the South Australian Parliament.","It covers an area of 99 sqmi and was named after David James, a former member of the South Australian Parliament.",contradiction
1224823_c_swap,Thomes Creek is a highly seasonal stream and drains a mostly rural watershed of some 300 square meters .,Thomes Creek is a highly seasonal stream and drains a mostly rural watershed of some 300 sqmi .,contradiction
1263785_c_swap,They lay both east and north of the Great Dividing Range Norman Tindale set their lands at 2300 sqkm .,They lay both east and north of the Great Dividing Range Norman Tindale set their lands at 2300 sqmi .,contradiction
1320375_c_swap,1 meters north to a creek (coming from the west);,1 kilometers north to a creek (coming from the west);,contradiction
1260922_c_swap,"1 centimeters north, crossing Lakes Madeleine, Roger and Jean-George, to the Canadian National Railway;","1 kilometers north, crossing Lakes Madeleine, Roger and Jean-George, to the Canadian National Railway;",contradiction
1322196_c_swap,"1 meters towards the northwest by forming a ball towards the northeast, until the mouth of the river.","1 kilometers towards the northwest by forming a ball towards the northeast, until the mouth of the river.",contradiction
1270359_c_swap,"1 m northeasterly across the boundary of the townships of Toussaint and Perrier, to the outlet (coming from the North) of Larouche Lake;","1 kilometers northeasterly across the boundary of the townships of Toussaint and Perrier, to the outlet (coming from the North) of Larouche Lake;",contradiction
1239089_c_swap,"2 cm south of the village center of Boileau, Quebec;","2 kilometers south of the village center of Boileau, Quebec;",contradiction
1332009_c_swap,2 meters south of the limit of the Laurentides Wildlife Reserve;,2 kilometers south of the limit of the Laurentides Wildlife Reserve;,contradiction
1322235_c_swap,2 centimeters south-east of the center of the village of Hébertville;,2 kilometers south-east of the center of the village of Hébertville;,contradiction
1279046_c_swap,It is also one of the longest avenues in NSW being 2 meters long.,It is also one of the longest avenues in NSW being 2 kilometers long.,contradiction
1267269_c_swap,It was located in the Karaolos area 2 m northwest of Famagusta's old town.,It was located in the Karaolos area 2 kilometers northwest of Famagusta's old town.,contradiction
1320783_c_swap,The current from Pierre River crosses Brébeuf Lake for 2 cm to the east.,The current from Pierre River crosses Brébeuf Lake for 2 kilometers to the east.,contradiction
1332796_c_swap,2 meters south-east of the confluence of the Rouge East River and the Rouge River (Montmorency River).,2 kilometers south-east of the confluence of the Rouge East River and the Rouge River (Montmorency River).,contradiction
1245046_c_swap,The plant sources its water from the nearby Ardsley Reservoir which is 2 centimeters to the west.,The plant sources its water from the nearby Ardsley Reservoir which is 2 kilometers to the west.,contradiction
1320197_c_swap,2 meters to the South winding to the outlet of the Lac aux Brochets (coming from the East);,2 kilometers to the South winding to the outlet of the Lac aux Brochets (coming from the East);,contradiction
1230112_c_swap,"The race included five stages: the first was a 2 m prologue individual time trial stage, with the remaining four stages being road stages.","The race included five stages: the first was a 2 kilometers prologue individual time trial stage, with the remaining four stages being road stages.",contradiction
1324220_c_swap,"2 cm towards the south by forming a loop towards the south-east, then a hook towards the west, up to a bend in the river;","2 kilometers towards the south by forming a loop towards the south-east, then a hook towards the west, up to a bend in the river;",contradiction
1323012_c_swap,"3 meters to the north, forming a large S and collecting Mater stream (coming from the northwest);","3 kilometers to the north, forming a large S and collecting Mater stream (coming from the northwest);",contradiction
1269728_c_swap,the Southwest arm stretches over 3 centimeters as far as Poisson Township by collecting the waters of the Adolphe-Poisson Bay.,the Southwest arm stretches over 3 kilometers as far as Poisson Township by collecting the waters of the Adolphe-Poisson Bay.,contradiction
1238394_c_swap,The engine driver managed to stop the train on Maunby Bridge (over the River Swale) some 3 meters after the initial derailment.,The engine driver managed to stop the train on Maunby Bridge (over the River Swale) some 3 kilometers after the initial derailment.,contradiction
1232517_c_swap,The Pinang River meanders eastwards for about 3 m from the confluence between Air Terjun and Air Itam Rivers towards the Penang Strait.,The Pinang River meanders eastwards for about 3 kilometers from the confluence between Air Terjun and Air Itam Rivers towards the Penang Strait.,contradiction
1336382_c_swap,"4 cm towards the south-east, bypassing Archange-Godbout Island, up to the limit of Crabtree;","4 kilometers towards the south-east, bypassing Archange-Godbout Island, up to the limit of Crabtree;",contradiction
1250651_c_swap,"4 meters at the north, to the outlet of Lake Breynat (coming from the West);","4 kilometers at the north, to the outlet of Lake Breynat (coming from the West);",contradiction
1277202_c_swap,"Doonmore lies on a headland reaching into Dingle Bay, 4 centimeters southeast of Dingle town.","Doonmore lies on a headland reaching into Dingle Bay, 4 kilometers southeast of Dingle town.",contradiction
1213879_c_swap,"Mortimer's Castle is located on the east bank of Lough Derravaragh, 4 meters southwest of Castlepollard.","Mortimer's Castle is located on the east bank of Lough Derravaragh, 4 kilometers southwest of Castlepollard.",contradiction
1315707_c_swap,A peat bog that extends 4 m northeast of the hamlet is called the Grande Plaine de la Chaloupe.,A peat bog that extends 4 kilometers northeast of the hamlet is called the Grande Plaine de la Chaloupe.,contradiction
1260891_c_swap,5 cm northeasterly to the western limit of Lacroix township;,5 kilometers northeasterly to the western limit of Lacroix township;,contradiction
1323251_c_swap,5 meters west of the mouth of the head lake of Launière River;,5 kilometers west of the mouth of the head lake of Launière River;,contradiction
1260324_c_swap,5 centimeters northeasterly to the outlet (from the south) of André and Machault lakes;,5 kilometers northeasterly to the outlet (from the south) of André and Machault lakes;,contradiction
1257729_c_swap,6 meters north-east to Villegagnan Creek (coming from the east);,6 kilometers north-east to Villegagnan Creek (coming from the east);,contradiction
1260569_c_swap,6 m northeasterly in the Nelligan Township in a swamp zone to its mouth.,6 kilometers northeasterly in the Nelligan Township in a swamp zone to its mouth.,contradiction
1223563_c_swap,"Especially a tumulus named Oylum Höyük just 6 cm southeast of Kilis centrum, is an important source of archaeologic finds.","Especially a tumulus named Oylum Höyük just 6 kilometers southeast of Kilis centrum, is an important source of archaeologic finds.",contradiction
1262835_c_swap,Vernes is about 8 meters west of the village of Vassbygda.,Vernes is about 8 kilometers west of the village of Vassbygda.,contradiction
1242446_c_swap,"Rajdeher Fort ( ) is a fort located 10 centimeters from chandwad, Nashik district, of Maharashtra.","Rajdeher Fort ( ) is a fort located 10 kilometers from chandwad, Nashik district, of Maharashtra.",contradiction
1247210_c_swap,The temple is located in the Gonagolla village on Ampara – Maha Oya road approximately 10 meters distance from Uhana town.,The temple is located in the Gonagolla village on Ampara – Maha Oya road approximately 10 kilometers distance from Uhana town.,contradiction
1302123_c_swap,"House of the Sun, ancient ""On''"" ( ; 10 m northeast of Cairo, the ancient worship center of sun-god Re, ), later called ""Heliopolis"".","House of the Sun, ancient ""On''"" ( ; 10 kilometers northeast of Cairo, the ancient worship center of sun-god Re, ), later called ""Heliopolis"".",contradiction
1255610_c_swap,"11 cm to South, then south-east winding to a creek (coming from the Southwest);","11 kilometers to South, then south-east winding to a creek (coming from the Southwest);",contradiction
1292540_c_swap,"This is approximately 11 meters , north-east of Kayabwe, the town to Buwama's immediate south, along the Masaka Highway.","This is approximately 11 kilometers , north-east of Kayabwe, the town to Buwama's immediate south, along the Masaka Highway.",contradiction
1243782_c_swap,"Ilha Rasa Lighthouse ( ) is an active lighthouse on the namesake island located 11 centimeters from Guanabara Bay, Rio de Janeiro, Brazil.","Ilha Rasa Lighthouse ( ) is an active lighthouse on the namesake island located 11 kilometers from Guanabara Bay, Rio de Janeiro, Brazil.",contradiction
1335326_c_swap,12 meters north-west of the confluence of the Gouffre river and the Saint-Laurent river.,12 kilometers north-west of the confluence of the Gouffre river and the Saint-Laurent river.,contradiction
1263836_c_swap,"This is approximately 12 m , by road, north-east of the central business district of Kampala, the capital and largest city of Uganda.","This is approximately 12 kilometers , by road, north-east of the central business district of Kampala, the capital and largest city of Uganda.",contradiction
1306819_c_swap,"Purupuruni has formed on the rim of a depression, which is surrounded by eroded Quaternary volcanoes and appears to be a 13 cm wide caldera.","Purupuruni has formed on the rim of a depression, which is surrounded by eroded Quaternary volcanoes and appears to be a 13 kilometers wide caldera.",contradiction
1252131_c_swap,"14 meters North-East of the village center of Villebois, Quebec;","14 kilometers North-East of the village center of Villebois, Quebec;",contradiction
1322182_c_swap,16 centimeters south-east of the confluence of Lac Saint-Jean and the Saguenay River (ie at the entrance to La Petite Décharge) .,16 kilometers south-east of the confluence of Lac Saint-Jean and the Saguenay River (ie at the entrance to La Petite Décharge) .,contradiction
1313665_c_swap,The lake's outlet is 17 meters from the mouth of the river.,The lake's outlet is 17 kilometers from the mouth of the river.,contradiction
1255690_c_swap,19 m East of the mouth of the Maicasagi River;,19 kilometers East of the mouth of the Maicasagi River;,contradiction
1213255_c_swap,19 cm at the southwest of the confluence of the Big Black River (Saint John River).,19 kilometers at the southwest of the confluence of the Big Black River (Saint John River).,contradiction
1333698_c_swap,24 meters west of the northwest shore of the St. Lawrence River;,24 kilometers west of the northwest shore of the St. Lawrence River;,contradiction
1327773_c_swap,"26 centimeters generally south along the course of the Pins River, to the north shore of Lac Saint-Joseph;","26 kilometers generally south along the course of the Pins River, to the north shore of Lac Saint-Joseph;",contradiction
1239522_c_swap,"It runs as a ring road within the city of Munich in Bavaria, is 28 meters long, and is the most traffic-prone road in Germany.","It runs as a ring road within the city of Munich in Bavaria, is 28 kilometers long, and is the most traffic-prone road in Germany.",contradiction
1221355_c_swap,Lovely Professional University is 39 m away from the village.,Lovely Professional University is 39 kilometers away from the village.,contradiction
1223970_c_swap,"Senior Lieutenant Gürcan Ulucan Airfield or just Temelli Airfield is a small airfield located approximately 45 cm southwest of Ankara, Turkey.","Senior Lieutenant Gürcan Ulucan Airfield or just Temelli Airfield is a small airfield located approximately 45 kilometers southwest of Ankara, Turkey.",contradiction
1333589_c_swap,It is located about 52 meters south-west of the town of Devonport.,It is located about 52 kilometers south-west of the town of Devonport.,contradiction
1260289_c_swap,"Distance between Deulgaon Tad, and district headquarter Jalna is 53 centimeters .","Distance between Deulgaon Tad, and district headquarter Jalna is 53 kilometers .",contradiction
1322586_c_swap,56 meters south-west of the confluence of the Chicoutimi River and the Saguenay River;,56 kilometers south-west of the confluence of the Chicoutimi River and the Saguenay River;,contradiction
1277183_c_swap,"It was built in the steep precipices and cliffs in Beiquan Village, 65 m to the northeast of Pingshun County.","It was built in the steep precipices and cliffs in Beiquan Village, 65 kilometers to the northeast of Pingshun County.",contradiction
1242534_c_swap,The Pacific lowlands are largely a coastal plain extending approximately 75 cm inland from the Pacific Ocean.,The Pacific lowlands are largely a coastal plain extending approximately 75 kilometers inland from the Pacific Ocean.,contradiction
1303096_c_swap,"The college, is expected to be based in the city of Jinja, approximately 78 meters , by road, east ofKampala, Uganda's capital and largest city.","The college, is expected to be based in the city of Jinja, approximately 78 kilometers , by road, east ofKampala, Uganda's capital and largest city.",contradiction
1239600_c_swap,This segment is 100 centimeters long and extends between the volcanoes Isluga in the north and Irruputuncu in the south.,This segment is 100 kilometers long and extends between the volcanoes Isluga in the north and Irruputuncu in the south.,contradiction
1260410_c_swap,"From the mouth of the head lake, the Aigle River flows over 111 meters according to the following segments:","From the mouth of the head lake, the Aigle River flows over 111 kilometers according to the following segments:",contradiction
1258622_c_swap,118 m south of the confluence of the Opawica River and the Chibougamau River;,118 kilometers south of the confluence of the Opawica River and the Chibougamau River;,contradiction
1301324_c_swap,"Mark Vornhusen's web camera documented the fireball from Vechta, located about 160 cm from Braunschweig.","Mark Vornhusen's web camera documented the fireball from Vechta, located about 160 kilometers from Braunschweig.",contradiction
1217398_c_swap,The race started in Roeselare and followed a 203 meters course to finish in Waregem.,The race started in Roeselare and followed a 203 kilometers course to finish in Waregem.,contradiction
1318866_c_swap,It is approximately 250 centimeters from the capital city of Wellington.,It is approximately 250 kilometers from the capital city of Wellington.,contradiction
1243899_c_swap,The race was initially scheduled to be contested over 280 meters including seven laps of the Harrogate finish circuit.,The race was initially scheduled to be contested over 280 kilometers including seven laps of the Harrogate finish circuit.,contradiction
1298282_c_swap,"It takes a general northerly direction through nine Kenyan counties, skirting Mount Kenya to end at Isiolo, approximately 305 m , to the north.","It takes a general northerly direction through nine Kenyan counties, skirting Mount Kenya to end at Isiolo, approximately 305 kilometers , to the north.",contradiction
1257929_c_swap,The event was based in Marmaris in Muğla and consists of seventeen special stages totalling 312 cm in competitive kilometres.,The event was based in Marmaris in Muğla and consists of seventeen special stages totalling 312 kilometers in competitive kilometres.,contradiction
1288151_c_swap,The rally covered a total competitive distance of 316 meters .,The rally covered a total competitive distance of 316 kilometers .,contradiction
1287117_c_swap,"This is approximately 350 centimeters , by road, north of Mpika, the largest city in the province.","This is approximately 350 kilometers , by road, north of Mpika, the largest city in the province.",contradiction
1235709_c_swap,The erect shrub typically grows to a height of 3 centimeters .,The erect shrub typically grows to a height of 3 meters .,contradiction
1249613_c_swap,"Only the north east angle Clackriach Castle remains, about 7 milimeters high.","Only the north east angle Clackriach Castle remains, about 7 meters high.",contradiction
1222129_c_swap,Eucalyptus tardecidens is a mallee or a tree that typically grows to a height of 7 kilometers and forms a lignotuber.,Eucalyptus tardecidens is a mallee or a tree that typically grows to a height of 7 meters and forms a lignotuber.,contradiction
1253748_c_swap,The floor slopes at a depth of just less than 8 km .,The floor slopes at a depth of just less than 8 meters .,contradiction
1256006_c_swap,"A team may choose to take a ""quick"" free kick, that is, take the kick while opponents are within the 9 mm minimum required distance.","A team may choose to take a ""quick"" free kick, that is, take the kick while opponents are within the 9 meters minimum required distance.",contradiction
1273332_c_swap,The Mahavira Hall in it has single-eave gable and hip roof and is 10 cm high.,The Mahavira Hall in it has single-eave gable and hip roof and is 10 meters high.,contradiction
1310419_c_swap,"The iron-cemented upper part of the formation forms however steep cliffs, which can be more than 10 centimeters high.","The iron-cemented upper part of the formation forms however steep cliffs, which can be more than 10 meters high.",contradiction
1252147_c_swap,The two rooms were dug to a depth of 11 milimeters .,The two rooms were dug to a depth of 11 meters .,contradiction
1307367_c_swap,The tunnel made by the larva of a small fly inside a birch tree may reach 17 kilometers,The tunnel made by the larva of a small fly inside a birch tree may reach 17 meters,contradiction
1228898_c_swap,"Quercus hartwissiana is a large deciduous tree, reaching heights of 35 km , with umbrella-shaped crown and ascending branches.","Quercus hartwissiana is a large deciduous tree, reaching heights of 35 meters , with umbrella-shaped crown and ascending branches.",contradiction
1286298_c_swap,"This section extends for a total length of about 40 mm , although not all of the kerb is fully exposed. (","This section extends for a total length of about 40 meters , although not all of the kerb is fully exposed. (",contradiction
1309448_c_swap,The westernmost of these springs was about 67 cm higher than the drilling rigs.,The westernmost of these springs was about 67 meters higher than the drilling rigs.,contradiction
1281290_c_swap,Depressions up to 75 centimeters deep cover the flat top.,Depressions up to 75 meters deep cover the flat top.,contradiction
1225794_c_swap,The distance between the coast and the islet is less than 100 milimeters .,The distance between the coast and the islet is less than 100 meters .,contradiction
1250156_c_swap,It grows in sunny areas with disturbed soil from sea level to an altitude of 200 kilometers .,It grows in sunny areas with disturbed soil from sea level to an altitude of 200 meters .,contradiction
1249741_c_swap,A bell-shaped cavity was then discovered 230 km from the entrance.,A bell-shaped cavity was then discovered 230 meters from the entrance.,contradiction
1219566_c_swap,These flows reached a thickness of approximately 250 mm .,These flows reached a thickness of approximately 250 meters .,contradiction
1254636_c_swap,The Kauskatitineu River originates from a forest stream (elevation: 264 cm ) located at:,The Kauskatitineu River originates from a forest stream (elevation: 264 meters ) located at:,contradiction
1229951_c_swap,"The park has rugged terrain with valleys and ridges, rising to an elevation of almost 309 centimeters .","The park has rugged terrain with valleys and ridges, rising to an elevation of almost 309 meters .",contradiction
1251803_c_swap,"The source of the ""Lavergne River"" is a forest stream (altitude: 310 milimeters ) located at:","The source of the ""Lavergne River"" is a forest stream (altitude: 310 meters ) located at:",contradiction
1333901_c_swap,Kai Kung Shan (Sai Kung District) ( 399 kilometers ) in Sai Kung District,Kai Kung Shan (Sai Kung District) ( 399 meters ) in Sai Kung District,contradiction
1220892_c_swap,The fish is bathypelagic and has been found at depths of around 610 km .,The fish is bathypelagic and has been found at depths of around 610 meters .,contradiction
1335502_c_swap,"The nearest of these is Monthey Ville, is 700 mm to the west.","The nearest of these is Monthey Ville, is 700 meters to the west.",contradiction
1299527_c_swap,"The preferred natural habitat of G. ceciliae is forest, at altitudes from sea level to 900 cm .","The preferred natural habitat of G. ceciliae is forest, at altitudes from sea level to 900 meters .",contradiction
1324367_c_swap,The highest point is a 962 centimeters high unnamed summit in the southern half of the northern part.,The highest point is a 962 meters high unnamed summit in the southern half of the northern part.,contradiction
1278157_c_swap,"Kijabijo is located at an average elevation of 1153 milimeters , above sea level.","Kijabijo is located at an average elevation of 1153 meters , above sea level.",contradiction
1273649_c_swap,"The western part of the locality lies on the Tinderry Range, which includes Tinderry Peak ( 1619 kilometers ) and Tinderry Twin Peak.","The western part of the locality lies on the Tinderry Range, which includes Tinderry Peak ( 1619 meters ) and Tinderry Twin Peak.",contradiction
