problem-id,NLI Premise,NLI Hypothesis,Gold Label
1255338_b_4-m,This institute is twenty five kilometers south from the bhola city and adjacent to the bhola-charfasion highway.,This Institute is less than 20 kilometers south from the Bhola city and adjacent to the Bhola-Charfasion highway.,contradiction
1215763_a_4-m,Intermediate course of the Touladi River (downstream of the East River (Touladi River)) (segment of 25 kilometers ),Intermediate course of the touladi river (downstream of the east river (touladi river)) (segment of no more than five kilometers ),contradiction
1215763_b_0-m,Intermediate course of the touladi river (downstream of the east river (touladi river)) (segment of no less than twenty five kilometers ),Intermediate course of the Touladi River (downstream of the East River (Touladi River)) (segment of no less than 30 kilometers ),neutral
1224173_b_2-m,"Banga train station is the nearest train station however, Phagwara Junction railway station is no less than 25 kilometers away from the village.","Banga train station is the nearest train station however, phagwara junction railway station is twenty five kilometers away from the village.",neutral
1256279_a_4-m,"He planned to make temperature observations on the glacier's interior, and brought an iron drilling rod, more than twenty five feet long, for that purpose.","He planned to make temperature observations on the glacier's interior, and brought an iron drilling rod, 67 feet long, for that purpose.",neutral
1256279_b_2-m,"He planned to make temperature observations on the glacier's interior, and brought an iron drilling rod, more than 25 feet long, for that purpose.","He planned to make temperature observations on the glacier's interior, and brought an iron drilling rod, twenty five feet long, for that purpose.",contradiction
1320892_b_0-m,Follows the course of the saint-jean river on twenty six kilometers generally towards the northeast;,follows the course of the Saint-Jean River on 20 kilometers generally towards the northeast;,contradiction
1293733_b_3-m,"27 kilometers north-east of the second outlet of Manouane Lake, the Bonnard River;","More than twenty seven kilometers north-east of the second outlet of manouane lake, the bonnard river;",contradiction
1292670_a_2-m,Betchworth quarry and lime kilns is a twenty seven hectares nature reserve west of betchworth in surrey.,Betchworth Quarry and Lime Kilns is a 77 hectares nature reserve west of Betchworth in Surrey.,contradiction
1292670_b_3-m,Betchworth Quarry and Lime Kilns is a no more than 27 hectares nature reserve west of Betchworth in Surrey.,Betchworth quarry and lime kilns is a twenty seven hectares nature reserve west of betchworth in surrey.,neutral
1224757_b_2-m,"A development of the lightning design for the navy of denmark, no more than twenty seven meters , with a torpedo tube in the bow.","A development of the Lightning design for the navy of Denmark, no more than 10 meters , with a torpedo tube in the bow.",neutral
1224757_b_4-m,"A development of the Lightning design for the navy of Denmark, no more than 27 meters , with a torpedo tube in the bow.","A development of the lightning design for the navy of denmark, ten meters , with a torpedo tube in the bow.",neutral
1300643_b_2-m,The holotype of s. levinsi has a snout-to-vent length (svl) of twenty eight mm .,The holotype of S. levinsi has a snout-to-vent length (SVL) of more than 30 mm .,contradiction
1327007_a_0-m,From the mouth of lake Monière the course of the river descends on no less than 28 kilometers according to the following segments:,From the mouth of lake monière the course of the river descends on forty eight kilometers according to the following segments:,neutral
1327007_a_3-m,From the mouth of lake monière the course of the river descends on less than twenty eight kilometers according to the following segments:,From the mouth of lake Monière the course of the river descends on 48 kilometers according to the following segments:,contradiction
1256501_a_1-m,"no more than 29 kilometers Southeast of the village center of Chapais, Quebec;","Two kilometers southeast of the village center of chapais, quebec;",neutral
1273555_b_4-m,The manley vor/dme (ident: mly) is located no less than twenty nine nautical miles west-southwest of the runway. [,The Manley VOR/DME (Ident: MLY) is located no less than 10 nautical miles west-southwest of the runway. [,entailment
1223880_a_2-m,"Nawanshahr train station is the nearest train station however, Garhshankar Junction railway station is no less than 29 kilometers away from the village.","Nawanshahr train station is the nearest train station however, garhshankar junction railway station is no less than two kilometers away from the village.",entailment
1223880_b_0-m,"Nawanshahr train station is the nearest train station however, garhshankar junction railway station is no less than twenty nine kilometers away from the village.","Nawanshahr train station is the nearest train station however, Garhshankar Junction railway station is no less than 30 kilometers away from the village.",neutral
1328414_b_0-m,Scarus psittacus attains a standard length of no more than 30 cms .,Scarus psittacus attains a standard length of no more than ten cms .,neutral
1218167_b_1-m,The runway has a no more than thirty meters displaced threshold on each end.,The runway has a 30 meters displaced threshold on each end.,neutral
1266281_a_3-m,Vinters Valley Park is a less than 30 hectares Local Nature Reserve in Maidstone in Kent.,Vinters valley park is a less than forty seven hectares local nature reserve in maidstone in kent.,entailment
1254007_b_1-m,It grows as a small to medium-sized small tree that usually grows to no less than thirty feet tall.,It grows as a small to medium-sized small tree that usually grows to 20 feet tall.,contradiction
1325196_b_3-m,The boat is fitted with a Japanese Yanmar diesel engine of no more than 30 horsepower for docking and maneuvering.,The boat is fitted with a japanese yanmar diesel engine of thirty horsepower for docking and maneuvering.,neutral
1325196_b_4-m,The boat is fitted with a japanese yanmar diesel engine of more than thirty horsepower for docking and maneuvering.,The boat is fitted with a Japanese Yanmar diesel engine of 30 horsepower for docking and maneuvering.,contradiction
1244746_b_1-m,"The Capella Resort, Singapore is a luxury resort situated in more than 30 acres of grounds and gardens located on Sentosa Island, Singapore.","The capella resort, singapore is a luxury resort situated in forty acres of grounds and gardens located on sentosa island, singapore.",neutral
1212719_a_2-m,"Hudson, new york, the seat of columbia county, lies on the east bank of the hudson river, some thirty miles south of albany.","Hudson, New York, the seat of Columbia County, lies on the east bank of the Hudson River, some 56 miles south of Albany.",contradiction
1240473_a_1-m,"With 30 kilometers remaining, splits occurred in the peloton as and others took to the front and broke the field apart in strong crosswinds.","With seventy six kilometers remaining, splits occurred in the peloton as and others took to the front and broke the field apart in strong crosswinds.",contradiction
1240473_b_2-m,"With more than thirty kilometers remaining, splits occurred in the peloton as and others took to the front and broke the field apart in strong crosswinds.","With more than 22 kilometers remaining, splits occurred in the peloton as and others took to the front and broke the field apart in strong crosswinds.",entailment
1228938_a_2-m,"The nearest population center is Santa Rosalía, 31 kilometers east of the runway.","The nearest population center is santa rosalía, more than three kilometers east of the runway.",entailment
1223978_b_4-m,"Nawanshahr train station is the nearest train station however, garhshankar junction railway station is more than thirty one kilometers away from the village.","Nawanshahr train station is the nearest train station however, Garhshankar Junction railway station is more than 40 kilometers away from the village.",neutral
1216337_b_2-m,It lies at an altitude of no less than 32 meters below sea level.,It lies at an altitude of seventeen meters below sea level.,contradiction
1274035_a_4-m,"The seventh storeys, no less than thirty two meters tall, hexagonal-based chinese pagoda is made of brick and stone.","The seventh storeys, no less than 32 meters tall, Hexagonal-based Chinese pagoda is made of brick and stone.",entailment
1325339_b_0-m,"The nearest higher peak is Truce Mountain, no more than 33 kilometers to the east-northeast.","The nearest higher peak is truce mountain, thirty kilometers to the east-northeast.",neutral
1325339_b_2-m,"The nearest higher peak is truce mountain, thirty three kilometers to the east-northeast.","The nearest higher peak is Truce Mountain, less than 30 kilometers to the east-northeast.",contradiction
1253918_b_0-m,"From the mouth of Lake Chabinoche, the ""Chabinoche River"" flows on more than 33 kilometers according to the following segments:","From the mouth of lake chabinoche, the ""chabinoche river"" flows on more than twenty kilometers according to the following segments:",entailment
1253918_b_1-m,"From the mouth of lake chabinoche, the ""chabinoche river"" flows on more than thirty three kilometers according to the following segments:","From the mouth of Lake Chabinoche, the ""Chabinoche River"" flows on 20 kilometers according to the following segments:",contradiction
1221324_b_0-m,Lovely Professional University is less than 34 kilometers away from the village.,Lovely professional university is less than twenty kilometers away from the village.,neutral
1221324_b_4-m,Lovely professional university is thirty four kilometers away from the village.,Lovely Professional University is 20 kilometers away from the village.,contradiction
1263779_b_2-m,"The Shingashi River is a 34 kilometers long river that flows through Saitama and Tokyo, Japan.","The shingashi river is a twenty kilometers long river that flows through saitama and tokyo, japan.",contradiction
1334594_b_2-m,The tower and statue rise thirty five meters above the six-story building itself.,The tower and statue rise less than 28 meters above the six-story building itself.,contradiction
1328507_b_0-m,"Standing 35 meters high, Ghazanchetsots is one of the largest Armenian churches in the world.","Standing less than twenty meters high, ghazanchetsots is one of the largest armenian churches in the world.",contradiction
1248435_a_1-m,The railroad extends past the southern terminus of the delaware railroad at delmar another more than thirty five miles into maryland to pocomoke city.,The railroad extends past the southern terminus of the Delaware Railroad at Delmar another 5 miles into Maryland to Pocomoke City.,contradiction
1248435_b_2-m,The railroad extends past the southern terminus of the Delaware Railroad at Delmar another 35 miles into Maryland to Pocomoke City.,The railroad extends past the southern terminus of the delaware railroad at delmar another more than forty miles into maryland to pocomoke city.,contradiction
1293564_a_1-m,The boat is fitted with a japanese yanmar diesel engine of no less than thirty six horsepower .,The boat is fitted with a Japanese Yanmar diesel engine of no less than 6 horsepower .,entailment
1293564_b_3-m,The boat is fitted with a Japanese Yanmar diesel engine of 36 horsepower .,The boat is fitted with a japanese yanmar diesel engine of more than forty horsepower .,contradiction
1320604_a_1-m,"Jakarta–cikampek elevated toll road is a more than thirty six kilometers elevated expressway that extends from cikunir, bekasi, to karawang in west java, indonesia.","Jakarta–Cikampek Elevated Toll Road is a 90 kilometers elevated expressway that extends from Cikunir, Bekasi, to Karawang in West Java, Indonesia.",neutral
1280986_b_0-m,"Later in her career, she had six less than 37 mm Hotchkiss revolver cannon installed.","Later in her career, she had six twenty mm hotchkiss revolver cannon installed.",neutral
1247293_a_3-m,It is commonly found on rough water coasts from the low tide mark to a depth of less than thirty seven meters .,It is commonly found on rough water coasts from the low tide mark to a depth of less than 47 meters .,entailment
1247293_b_2-m,It is commonly found on rough water coasts from the low tide mark to a depth of 37 meters .,It is commonly found on rough water coasts from the low tide mark to a depth of twenty nine meters .,contradiction
1274168_a_2-m,The breastshot mill wheel is in cast and wrought iron and is thirty eight feet in diameter.,The breastshot mill wheel is in cast and wrought iron and is more than 87 feet in diameter.,contradiction
1274168_b_3-m,The breastshot mill wheel is in cast and wrought iron and is 38 feet in diameter.,The breastshot mill wheel is in cast and wrought iron and is no less than one feet in diameter.,entailment
1225021_b_3-m,"Last chance creek is a major stream, less than thirty eight miles long, in plumas county, california, united states and is part of the feather river system.","Last Chance Creek is a major stream, less than 24 miles long, in Plumas County, California, United States and is part of the Feather River system.",neutral
1225021_b_4-m,"Last Chance Creek is a major stream, 38 miles long, in Plumas County, California, United States and is part of the Feather River system.","Last chance creek is a major stream, no less than twenty four miles long, in plumas county, california, united states and is part of the feather river system.",entailment
1257043_b_4-m,"From its source, the opémisca river flows on more than thirty nine kilometers according to the following segments:","From its source, the Opémisca River flows on 10 kilometers according to the following segments:",contradiction
1222423_b_1-m,Lovely Professional University is more than 40 kilometers away from the village.,Lovely professional university is ten kilometers away from the village.,contradiction
1277480_a_0-m,"Each span is less than forty feet , centre to centre, of timber trestles.","Each span is 40 feet , centre to centre, of timber trestles.",contradiction
1333594_a_4-m,Epenarra Station has 40 kilometers of river frontage including some seasonal lagoons along Frew River.,Epenarra station has four kilometers of river frontage including some seasonal lagoons along frew river.,contradiction
1323654_b_0-m,It is situated less than forty kilometers west of invermere on the boundary of jumbo glacier mountain resort municipality.,It is situated less than 20 kilometers west of Invermere on the boundary of Jumbo Glacier Mountain Resort Municipality.,neutral
1323654_b_1-m,It is situated no more than 40 kilometers west of Invermere on the boundary of Jumbo Glacier Mountain Resort Municipality.,It is situated twenty kilometers west of invermere on the boundary of jumbo glacier mountain resort municipality.,neutral
1323654_b_3-m,It is situated forty kilometers west of invermere on the boundary of jumbo glacier mountain resort municipality.,It is situated no more than 20 kilometers west of Invermere on the boundary of Jumbo Glacier Mountain Resort Municipality.,contradiction
1267100_b_2-m,"CET is also responsible for cross-border cabling and a 40 kilometers section in Kenya, near a place called Logologo.","Cet is also responsible for cross-border cabling and a no more than fifteen kilometers section in kenya, near a place called logologo.",contradiction
1257838_a_4-m,"Low risk, for open water dives to depths not exceeding forty meters , where all checks and tests were done","low risk, for open water dives to depths not exceeding more than 4 meters , where all checks and tests were done",entailment
1257838_b_0-m,"low risk, for open water dives to depths not exceeding 40 meters , where all checks and tests were done","Low risk, for open water dives to depths not exceeding less than fifty meters , where all checks and tests were done",entailment
1257838_b_1-m,"Low risk, for open water dives to depths not exceeding more than forty meters , where all checks and tests were done","low risk, for open water dives to depths not exceeding 50 meters , where all checks and tests were done",neutral
1257838_b_3-m,"low risk, for open water dives to depths not exceeding less than 40 meters , where all checks and tests were done","Low risk, for open water dives to depths not exceeding less than fifty meters , where all checks and tests were done",entailment
1327505_b_4-m,"The tubemouth occurs in sheltered areas where there is a dense growth of posidonia sea grass, no deeper than no less than forty meters .","The tubemouth occurs in sheltered areas where there is a dense growth of Posidonia sea grass, no deeper than no less than 10 meters .",entailment
1314386_a_2-m,"The heaviest rains from Imelda, exceeding no more than 40 inches , were concentrated in a small area in southeastern Texas while lighter rainfall extended to nearby states.","The heaviest rains from imelda, exceeding forty inches , were concentrated in a small area in southeastern texas while lighter rainfall extended to nearby states.",neutral
1314386_b_0-m,"The heaviest rains from imelda, exceeding more than forty inches , were concentrated in a small area in southeastern texas while lighter rainfall extended to nearby states.","The heaviest rains from Imelda, exceeding 30 inches , were concentrated in a small area in southeastern Texas while lighter rainfall extended to nearby states.",contradiction
1314386_b_2-m,"The heaviest rains from Imelda, exceeding 40 inches , were concentrated in a small area in southeastern Texas while lighter rainfall extended to nearby states.","The heaviest rains from imelda, exceeding more than thirty inches , were concentrated in a small area in southeastern texas while lighter rainfall extended to nearby states.",entailment
1314386_b_3-m,"The heaviest rains from imelda, exceeding no less than forty inches , were concentrated in a small area in southeastern texas while lighter rainfall extended to nearby states.","The heaviest rains from Imelda, exceeding 30 inches , were concentrated in a small area in southeastern Texas while lighter rainfall extended to nearby states.",contradiction
1217333_b_2-m,The diameter of the plate is 42 cms and is slightly concave.,The diameter of the plate is no more than ten cms and is slightly concave.,contradiction
1218577_a_0-m,"Glenholme nature reserve is a forty two hectares privately managed area of grassland, scarp and swamp forest in kloof, outside of durban, south africa.","Glenholme Nature Reserve is a no less than 60 hectares privately managed area of grassland, scarp and swamp forest in Kloof, outside of Durban, South Africa.",contradiction
1218577_a_1-m,"Glenholme Nature Reserve is a less than 42 hectares privately managed area of grassland, scarp and swamp forest in Kloof, outside of Durban, South Africa.","Glenholme nature reserve is a less than sixty hectares privately managed area of grassland, scarp and swamp forest in kloof, outside of durban, south africa.",entailment
1260912_b_1-m,Westerham wood is a less than forty three hectares biological site of special scientific interest north of westerham in kent.,Westerham Wood is a less than 40 hectares biological Site of Special Scientific Interest north of Westerham in Kent.,neutral
1260912_b_3-m,Westerham Wood is a 43 hectares biological Site of Special Scientific Interest north of Westerham in Kent.,Westerham wood is a forty hectares biological site of special scientific interest north of westerham in kent.,contradiction
1260912_b_4-m,Westerham wood is a no more than forty three hectares biological site of special scientific interest north of westerham in kent.,Westerham Wood is a no more than 40 hectares biological Site of Special Scientific Interest north of Westerham in Kent.,neutral
1251491_a_0-m,The focal height of this tower is more than 45 feet .,The focal height of this tower is more than forty five feet .,entailment
1263619_b_4-m,"Forty five kilometers south-west of the mouth of nicabau lake, the southern portion of which is crossed by the normandin river;","44 kilometers south-west of the mouth of Nicabau Lake, the southern portion of which is crossed by the Normandin River;",contradiction
1251636_b_4-m,"Located no more than 45 kilometers north-northwest of La Sarre, Quebec, the township of Boivin is bounded on the west by the provincial border of Quebec and Ontario.","Located twenty kilometers north-northwest of la sarre, quebec, the township of boivin is bounded on the west by the provincial border of quebec and ontario.",neutral
1313524_b_0-m,"It is forty six acres in size, and contains an unusual variation of urban and rural layout and burial practices.","It is no less than 50 acres in size, and contains an unusual variation of urban and rural layout and burial practices.",contradiction
1313524_b_2-m,"It is 46 acres in size, and contains an unusual variation of urban and rural layout and burial practices.","It is more than fifty acres in size, and contains an unusual variation of urban and rural layout and burial practices.",contradiction
1239115_b_1-m,The total length of all four modules is forty eight meters .,The total length of all four modules is more than 10 meters .,entailment
1276569_b_1-m,"Shubael Pond is a less than 48 acres kettle pond on Flax Pond Road in Nickerson State Park in Barnstable, Massachusetts.","Shubael pond is a fifty acres kettle pond on flax pond road in nickerson state park in barnstable, massachusetts.",contradiction
1276569_b_2-m,"Shubael pond is a forty eight acres kettle pond on flax pond road in nickerson state park in barnstable, massachusetts.","Shubael Pond is a 50 acres kettle pond on Flax Pond Road in Nickerson State Park in Barnstable, Massachusetts.",contradiction
1269228_b_0-m,"It has a range of less than 50 kilometers , with solid propellant.","It has a range of twenty kilometers , with solid propellant.",neutral
1269228_b_2-m,"It has a range of more than fifty kilometers , with solid propellant.","It has a range of more than 20 kilometers , with solid propellant.",entailment
1301019_b_0-m,A Haiku lava flow is found at Heeia Stream at no more than 50 feet elevation.,A haiku lava flow is found at heeia stream at sixty feet elevation.,contradiction
1301019_b_4-m,A haiku lava flow is found at heeia stream at fifty feet elevation.,A Haiku lava flow is found at Heeia Stream at less than 60 feet elevation.,entailment
1247169_b_1-m,The erect dark green thallus typically grows to a height of 50 cms .,The erect dark green thallus typically grows to a height of more than sixty cms .,contradiction
1247169_b_4-m,The erect dark green thallus typically grows to a height of no more than fifty cms .,The erect dark green thallus typically grows to a height of no more than 60 cms .,entailment
1302566_b_1-m,"Boronia kalumburuensis is an erect or sprawling, much branched shrub that grows to no less than 50 cms high.","Boronia kalumburuensis is an erect or sprawling, much branched shrub that grows to no less than forty cms high.",entailment
1335958_b_4-m,"However, its vehicles stretched out along the road for fifty kilometers due to breakdowns and fuel exhaustion.","However, its vehicles stretched out along the road for 50 kilometers due to breakdowns and fuel exhaustion.",entailment
1218990_b_1-m,"River sediments consisting of no more than 50 meters thick deposits of clay, gravel and sand have been left by Lake Mataro.","River sediments consisting of no more than fifty meters thick deposits of clay, gravel and sand have been left by lake mataro.",entailment
1218990_b_2-m,"River sediments consisting of fifty meters thick deposits of clay, gravel and sand have been left by lake mataro.","River sediments consisting of more than 50 meters thick deposits of clay, gravel and sand have been left by Lake Mataro.",contradiction
1227488_a_4-m,"A wooden barn was damaged, a gas station canopy was blown no less than 50 yards , and a local business' brick facade collapsed.","A wooden barn was damaged, a gas station canopy was blown no less than five yards , and a local business' brick facade collapsed.",entailment
1227488_b_0-m,"A wooden barn was damaged, a gas station canopy was blown less than fifty yards , and a local business' brick facade collapsed.","A wooden barn was damaged, a gas station canopy was blown less than 60 yards , and a local business' brick facade collapsed.",entailment
1227488_b_4-m,"A wooden barn was damaged, a gas station canopy was blown 50 yards , and a local business' brick facade collapsed.","A wooden barn was damaged, a gas station canopy was blown no less than sixty yards , and a local business' brick facade collapsed.",contradiction
1242217_b_1-m,"As the average speed of the train is above fifty kmph , as per indian railway rules, its fare includes a superfast surcharge.","As the average speed of the train is above 7 kmph , as per Indian Railway rules, its fare includes a Superfast surcharge.",contradiction
1242217_b_4-m,"As the average speed of the train is above no less than 50 kmph , as per Indian Railway rules, its fare includes a Superfast surcharge.","As the average speed of the train is above seven kmph , as per indian railway rules, its fare includes a superfast surcharge.",contradiction
1221185_b_3-m,Lovely professional university is no more than fifty two kilometers away from the village.,Lovely Professional University is no more than 52 kilometers away from the village.,entailment
1283440_b_2-m,"They were strategically placed and, despite constant counterattacks by the defenders, managed to destroy 52 feet of wall.","They were strategically placed and, despite constant counterattacks by the defenders, managed to destroy fifty two feet of wall.",entailment
1283440_b_3-m,"They were strategically placed and, despite constant counterattacks by the defenders, managed to destroy more than fifty two feet of wall.","They were strategically placed and, despite constant counterattacks by the defenders, managed to destroy 52 feet of wall.",contradiction
1234328_a_0-m,The submarine was fitted with two no less than 53 cms torpedo tubes (All fitted at the bow) and four torpedoes.,The submarine was fitted with two eighty three cms torpedo tubes (all fitted at the bow) and four torpedoes.,neutral
1234328_a_2-m,The submarine was fitted with two fifty three cms torpedo tubes (all fitted at the bow) and four torpedoes.,The submarine was fitted with two more than 83 cms torpedo tubes (All fitted at the bow) and four torpedoes.,contradiction
1234328_a_4-m,The submarine was fitted with two 53 cms torpedo tubes (All fitted at the bow) and four torpedoes.,The submarine was fitted with two no more than eighty three cms torpedo tubes (all fitted at the bow) and four torpedoes.,entailment
1234328_b_4-m,The submarine was fitted with two fifty three cms torpedo tubes (all fitted at the bow) and four torpedoes.,The submarine was fitted with two 53 cms torpedo tubes (All fitted at the bow) and four torpedoes.,entailment
1250493_b_4-m,The boat is fitted with a Japanese Yanmar diesel engine of less than 54 horsepower .,The boat is fitted with a japanese yanmar diesel engine of less than forty horsepower .,neutral
1327304_b_1-m,The maximum width of the range is fifty five kilometers .,The maximum width of the range is more than 25 kilometers .,entailment
1263600_b_0-m,more than 55 kilometers south of the mouth of Nicabau Lake whose southern portion is crossed by the Normandin River;,More than thirty kilometers south of the mouth of nicabau lake whose southern portion is crossed by the normandin river;,entailment
1263600_b_3-m,Less than fifty five kilometers south of the mouth of nicabau lake whose southern portion is crossed by the normandin river;,30 kilometers south of the mouth of Nicabau Lake whose southern portion is crossed by the Normandin River;,neutral
1211989_b_4-m,"The first floor has wainscoting 56 inches high, made of Georgia marble.","The first floor has wainscoting twenty inches high, made of georgia marble.",contradiction
1226154_a_2-m,"The park is fifty seven kilometers from porto alegre, the state capital.","The park is no more than 5 kilometers from Porto Alegre, the state capital.",contradiction
1226154_b_1-m,"The park is no more than 57 kilometers from Porto Alegre, the state capital.","The park is sixty kilometers from porto alegre, the state capital.",contradiction
1226154_b_2-m,"The park is fifty seven kilometers from porto alegre, the state capital.","The park is less than 60 kilometers from Porto Alegre, the state capital.",entailment
1226154_b_3-m,"The park is more than 57 kilometers from Porto Alegre, the state capital.","The park is more than sixty kilometers from porto alegre, the state capital.",neutral
1227777_b_0-m,"The only waterfall is located at contour level no more than sixty meters , bjerkaas, olav.","The only waterfall is located at contour level no more than 11 meters , Bjerkaas, Olav.",neutral
1252272_b_0-m,less than 60 kilometers Southeast of the mouth of the Wawagosic River (confluence with Turgeon River (Eeyou Istchee Baie-James)).,Less than twenty kilometers southeast of the mouth of the wawagosic river (confluence with turgeon river (eeyou istchee baie-james)).,neutral
1252272_b_1-m,More than sixty kilometers southeast of the mouth of the wawagosic river (confluence with turgeon river (eeyou istchee baie-james)).,20 kilometers Southeast of the mouth of the Wawagosic River (confluence with Turgeon River (Eeyou Istchee Baie-James)).,contradiction
1247068_a_1-m,"With peak accumulations of 60 inches , in Nederland, Texas, Harvey was the wettest tropical cyclone on record in the United States.","With peak accumulations of six inches , in nederland, texas, harvey was the wettest tropical cyclone on record in the united states.",contradiction
1247068_a_3-m,"With peak accumulations of sixty inches , in nederland, texas, harvey was the wettest tropical cyclone on record in the united states.","With peak accumulations of no less than 6 inches , in Nederland, Texas, Harvey was the wettest tropical cyclone on record in the United States.",entailment
1247068_b_1-m,"With peak accumulations of 60 inches , in Nederland, Texas, Harvey was the wettest tropical cyclone on record in the United States.","With peak accumulations of more than seventy inches , in nederland, texas, harvey was the wettest tropical cyclone on record in the united states.",contradiction
1304672_a_1-m,An area of less than sixty one hectares is also a local nature reserve.,An area of less than 6 hectares is also a Local Nature Reserve.,neutral
1284082_b_3-m,It can reach a length of 62 cms standard length.,It can reach a length of more than sixty cms standard length.,entailment
1275248_a_4-m,The no less than sixty two meters superyacht sea & us was launched by amels holland b.v. at their yard in vlissingen.,The no less than 83 meters superyacht Sea & Us was launched by Amels Holland B.V. at their yard in Vlissingen.,neutral
1271691_a_4-m,The 63 meters pagoda has the brick structure with seven stories and four sides of ancient Indian style.,The more than three meters pagoda has the brick structure with seven stories and four sides of ancient indian style.,entailment
1271691_b_3-m,The more than sixty three meters pagoda has the brick structure with seven stories and four sides of ancient indian style.,The 70 meters pagoda has the brick structure with seven stories and four sides of ancient Indian style.,neutral
1271691_b_4-m,The more than 63 meters pagoda has the brick structure with seven stories and four sides of ancient Indian style.,The more than seventy meters pagoda has the brick structure with seven stories and four sides of ancient indian style.,neutral
1253366_a_2-m,"From the mouth of lake esther, the ""iroquois river"" flows on less than sixty four kilometers according to the following segments:","From the mouth of Lake Esther, the ""Iroquois River"" flows on less than 6 kilometers according to the following segments:",neutral
1253366_b_1-m,"From the mouth of Lake Esther, the ""Iroquois River"" flows on more than 64 kilometers according to the following segments:","From the mouth of lake esther, the ""iroquois river"" flows on more than seventy kilometers according to the following segments:",neutral
1253366_b_2-m,"From the mouth of lake esther, the ""iroquois river"" flows on no more than sixty four kilometers according to the following segments:","From the mouth of Lake Esther, the ""Iroquois River"" flows on 70 kilometers according to the following segments:",contradiction
1266440_a_0-m,"no less than 68 kilometers northwest of the village center of Wemotaci, Quebec (north shore of the Saint-Maurice River);","No less than eight kilometers northwest of the village center of wemotaci, quebec (north shore of the saint-maurice river);",entailment
1220858_b_0-m,Race day saw temperatures in the mid seventy °f range with partly cloudy skies.,Race day saw temperatures in the mid no less than 10 °F range with partly cloudy skies.,entailment
1220858_b_3-m,Race day saw temperatures in the mid 70 °F range with partly cloudy skies.,Race day saw temperatures in the mid less than ten °f range with partly cloudy skies.,contradiction
1217669_b_1-m,The lăpușna is a no more than seventy kilometers long left tributary of the river prut in southern moldova. [,The Lăpușna is a no more than 70 kilometers long left tributary of the river Prut in southern Moldova. [,entailment
1217669_b_4-m,The Lăpușna is a no less than 70 kilometers long left tributary of the river Prut in southern Moldova. [,The lăpușna is a seventy kilometers long left tributary of the river prut in southern moldova. [,neutral
1246597_a_0-m,"Hatgad fort  ( , , transliteration: hatgad qilа̄)is a fort located more than seventy one kilometers from nashik, nashik district, of maharashtra.","Hatgad Fort  ( , , transliteration: Hatgad Qilа̄)is a fort located more than 82 kilometers from Nashik, Nashik district, of Maharashtra.",neutral
1321578_a_2-m,Its most prominent exterior feature are the two towers with their height of 72 meters .,Its most prominent exterior feature are the two towers with their height of no less than seven meters .,entailment
1321578_b_3-m,Its most prominent exterior feature are the two towers with their height of seventy two meters .,Its most prominent exterior feature are the two towers with their height of more than 80 meters .,contradiction
1273888_b_0-m,"The Downtown Ponca City Historic District is a no more than 73 acres area of historic buildings in Ponca City, Oklahoma.","The downtown ponca city historic district is a no more than seventy three acres area of historic buildings in ponca city, oklahoma.",entailment
1274801_a_1-m,The local name for a  that occurs in the atlantic ocean or northeastern pacific ocean and achieves one-minute maximum  exceeding no more than seventy four mph .,The local name for a  that occurs in the Atlantic Ocean or northeastern Pacific Ocean and achieves one-minute maximum  exceeding no more than 7 mph .,neutral
1274801_b_1-m,The local name for a  that occurs in the Atlantic Ocean or northeastern Pacific Ocean and achieves one-minute maximum  exceeding no less than 74 mph .,The local name for a  that occurs in the atlantic ocean or northeastern pacific ocean and achieves one-minute maximum  exceeding eighty mph .,neutral
1274801_b_2-m,The local name for a  that occurs in the atlantic ocean or northeastern pacific ocean and achieves one-minute maximum  exceeding seventy four mph .,The local name for a  that occurs in the Atlantic Ocean or northeastern Pacific Ocean and achieves one-minute maximum  exceeding 80 mph .,contradiction
1259523_b_0-m,"Gusts as high as 75 mph , hurricane-force, were reported, and scattered power outages were expected.","Gusts as high as no more than seventy mph , hurricane-force, were reported, and scattered power outages were expected.",contradiction
1264212_b_3-m,No more than seventy eight kilometers south of the mouth of evans lake which is crossed by the broadback river;,59 kilometers South of the mouth of Evans Lake which is crossed by the Broadback River;,neutral
1218824_a_0-m,It spans the Little Volga River for 80 feet .,It spans the little volga river for more than eighty five feet .,contradiction
1218824_b_1-m,It spans the little volga river for no less than eighty feet .,It spans the Little Volga River for no less than 80 feet .,entailment
1218824_b_3-m,It spans the Little Volga River for 80 feet .,It spans the little volga river for no less than eighty feet .,entailment
1250666_a_3-m,Stems may be up to no more than eighty cms or even longer and form dense masses.,Stems may be up to 81 cms or even longer and form dense masses.,contradiction
1250666_a_4-m,Stems may be up to 80 cms or even longer and form dense masses.,Stems may be up to no more than eighty one cms or even longer and form dense masses.,entailment
1263157_b_1-m,Eighty kilometers north of the mouth of nicabau lake whose southern portion is crossed by the normandin river;,22 kilometers north of the mouth of Nicabau Lake whose southern portion is crossed by the Normandin River;,contradiction
1263157_b_2-m,no more than 80 kilometers north of the mouth of Nicabau Lake whose southern portion is crossed by the Normandin River;,No more than twenty two kilometers north of the mouth of nicabau lake whose southern portion is crossed by the normandin river;,neutral
1279137_b_3-m,"The home, on coopersale common road and no more than eighty yards north from st alban's church, was demolished and replaced by modern residences. [","The home, on Coopersale Common Road and no more than 60 yards north from St Alban's Church, was demolished and replaced by modern residences. [",neutral
1220856_a_2-m,"Weather: 81 °F , Heavy rain in late morning and early afternoon, partly cloudy later","Weather: no more than eight °f , heavy rain in late morning and early afternoon, partly cloudy later",contradiction
1220856_a_3-m,"Weather: more than eighty one °f , heavy rain in late morning and early afternoon, partly cloudy later","Weather: more than 8 °F , Heavy rain in late morning and early afternoon, partly cloudy later",entailment
1240310_b_1-m,"Weather: 83 °F , Showers early, mostly sunny in the afternoon.","Weather: no less than eighty three °f , showers early, mostly sunny in the afternoon.",entailment
1240310_b_4-m,"Weather: no less than eighty three °f , showers early, mostly sunny in the afternoon.","Weather: 83 °F , Showers early, mostly sunny in the afternoon.",neutral
1310845_b_1-m,The line would also be suitable for freight trains operating at up to 85 kmph .,The line would also be suitable for freight trains operating at up to ninety kmph .,contradiction
1310845_b_3-m,The line would also be suitable for freight trains operating at up to more than eighty five kmph .,The line would also be suitable for freight trains operating at up to 90 kmph .,neutral
1287539_b_3-m,"Severe roof and siding damage was prevalent in Panama City Beach, where gusts reached 87 mph .","Severe roof and siding damage was prevalent in panama city beach, where gusts reached forty mph .",contradiction
1251641_b_3-m,The length of the longest specimen measured is eighty nine cms .,The length of the longest specimen measured is more than 78 cms .,entailment
1250000_b_3-m,Winds up to more than 90 kmph disrupted electrical service in Cabo San Antonio.,Winds up to forty eight kmph disrupted electrical service in cabo san antonio.,contradiction
1250000_b_4-m,Winds up to no less than ninety kmph disrupted electrical service in cabo san antonio.,Winds up to no less than 48 kmph disrupted electrical service in Cabo San Antonio.,entailment
1325823_b_2-m,"Cheyenne pushes a specific-use 90 feet aid to navigation maintenance barge, with a crane and buoy service gear.","Cheyenne pushes a specific-use less than thirty one feet aid to navigation maintenance barge, with a crane and buoy service gear.",contradiction
1276009_b_1-m,The bay window also was carried through to the roof and the balcony was to be no less than ninety feet long.,The bay window also was carried through to the roof and the balcony was to be 90 feet long.,neutral
1276009_b_2-m,The bay window also was carried through to the roof and the balcony was to be 90 feet long.,The bay window also was carried through to the roof and the balcony was to be ninety feet long.,entailment
1313685_b_4-m,"Gorakhpur link expressway, is a planned and upcoming ninety one kilometers expressway in state of uttar pradesh.","Gorakhpur Link Expressway, is a planned and upcoming less than 27 kilometers expressway in state of Uttar Pradesh.",contradiction
1257213_b_3-m,no less than 93 kilometers Northeast of the mouth of the Chibougamau River (confluence with the Opawica River);,No less than ninety kilometers northeast of the mouth of the chibougamau river (confluence with the opawica river);,entailment
1254218_b_2-m,The use of a manual transmission and carbon ceramic brakes reduce the weight by ninety five kilograms .,The use of a manual transmission and carbon ceramic brakes reduce the weight by more than 90 kilograms .,entailment
1305353_a_0-m,"Maritaing beach, found no less than 98 kilometers north of Kalabahi village, was also hit by the tsunami.","Maritaing beach, found no less than nine kilometers north of kalabahi village, was also hit by the tsunami.",entailment
1320864_a_4-m,The current follows the course of the saguenay river on no more than ninety nine kilometers eastward to tadoussac where it merges with the estuary of saint lawrence.,the current follows the course of the Saguenay River on 9 kilometers eastward to Tadoussac where it merges with the Estuary of Saint Lawrence.,neutral
1320864_b_0-m,the current follows the course of the Saguenay River on no more than 99 kilometers eastward to Tadoussac where it merges with the Estuary of Saint Lawrence.,The current follows the course of the saguenay river on ten kilometers eastward to tadoussac where it merges with the estuary of saint lawrence.,neutral
1320864_b_1-m,The current follows the course of the saguenay river on no more than ninety nine kilometers eastward to tadoussac where it merges with the estuary of saint lawrence.,the current follows the course of the Saguenay River on no more than 10 kilometers eastward to Tadoussac where it merges with the Estuary of Saint Lawrence.,neutral
1308436_b_0-m,French towns up to 100 miles away began hastily reinforcing their fortifications.,French towns up to no less than one hundred miles away began hastily reinforcing their fortifications.,entailment
1216121_b_0-m,Two thirds of campania sank under an up to one hundred meters thick layer of tuff.,Two thirds of Campania sank under an up to no more than 100 meters thick layer of tuff.,entailment
1216121_b_2-m,Two thirds of Campania sank under an up to less than 100 meters thick layer of tuff.,Two thirds of campania sank under an up to less than one hundred meters thick layer of tuff.,entailment
1216235_b_0-m,"National memorial arboretum, which contains another burma railway memorial with a more than one hundred feet section of the railway","National Memorial Arboretum, which contains another Burma Railway Memorial with a 100 feet section of the railway",contradiction
1216235_b_1-m,"National Memorial Arboretum, which contains another Burma Railway Memorial with a 100 feet section of the railway","National memorial arboretum, which contains another burma railway memorial with a no less than one hundred feet section of the railway",entailment
1216235_b_3-m,"National memorial arboretum, which contains another burma railway memorial with a one hundred feet section of the railway","National Memorial Arboretum, which contains another Burma Railway Memorial with a less than 100 feet section of the railway",contradiction
1217267_b_1-m,Several locomotives were refitted with Lemaître exhausts; this increased the power output by 100 horsepower due to reduced back-pressure.,Several locomotives were refitted with lemaître exhausts; this increased the power output by less than one hundred horsepower due to reduced back-pressure.,contradiction
1255854_a_1-m,"Weather conditions in the south atlantic were again making the search difficult, with winds of up to one hundred kmph .","Weather conditions in the South Atlantic were again making the search difficult, with winds of up to no less than 10 kmph .",entailment
1287231_a_3-m,"About less than 100 meters south of the Round House is a quarry in the Flaggy Creek bed, a tributary of the Mount Hunter Rivulet.","About ten meters south of the round house is a quarry in the flaggy creek bed, a tributary of the mount hunter rivulet.",neutral
1326709_a_1-m,It extends from nnw to sse for almost less than one hundred kilometers at the southern end of the moma range and west of the kolyma river valley.,It extends from NNW to SSE for almost less than 10 kilometers at the southern end of the Moma Range and west of the Kolyma River valley.,neutral
1267141_b_4-m,The trunk of the King Oak is no more than 8 meters in girth?,The trunk of the king oak is no more than eight meters in girth?,entailment
1315177_b_4-m,Able to withstand very cold water five coulomb .,Able to withstand very cold water no more than 1 Coulomb .,contradiction
1251732_a_4-m,"According to the law, anyone in possession of 100 grams of heroin or morphine was subject to the death sentence or life imprisonment.","According to the law, anyone in possession of less than ten grams of heroin or morphine was subject to the death sentence or life imprisonment.",contradiction
1242445_b_3-m,After a little a year at this job he had increased his weight by no less than twenty pounds .,After a little a year at this job he had increased his weight by no less than 20 pounds .,entailment
1216363_a_2-m,All other described extinct and living Gesomyrmex species have queens that are no less than 11 mm .,All other described extinct and living gesomyrmex species have queens that are one mm .,contradiction
1216363_b_0-m,All other described extinct and living gesomyrmex species have queens that are eleven mm .,All other described extinct and living Gesomyrmex species have queens that are more than 20 mm .,contradiction
1216363_b_2-m,All other described extinct and living Gesomyrmex species have queens that are no less than 11 mm .,All other described extinct and living gesomyrmex species have queens that are no less than twenty mm .,neutral
1214754_a_1-m,"Also, any winch launch must be prohibited when a thunderstorm is no less than twenty kilometers away.","Also, any winch launch must be prohibited when a thunderstorm is 57 kilometers away.",neutral
1214754_b_4-m,"Also, any winch launch must be prohibited when a thunderstorm is more than 20 kilometers away.","Also, any winch launch must be prohibited when a thunderstorm is twenty kilometers away.",contradiction
1213712_a_2-m,"Although some areas of cuba recorded no more than twelve inches of rain, the precipitation was generally beneficial due to a severe drought.","Although some areas of Cuba recorded no more than 61 inches of rain, the precipitation was generally beneficial due to a severe drought.",entailment
1326680_b_0-m,An environmental impact assessment was required because the extension was 62 acres .,An environmental impact assessment was required because the extension was more than seventy acres .,contradiction
1251844_b_0-m,"An observation tower on the summit provides hikers with views that, on clear days, extend for no more than one hundred miles .","An observation tower on the summit provides hikers with views that, on clear days, extend for no more than 100 miles .",entailment
1251844_b_3-m,"An observation tower on the summit provides hikers with views that, on clear days, extend for 100 miles .","An observation tower on the summit provides hikers with views that, on clear days, extend for no less than one hundred miles .",entailment
1249150_b_0-m,As an adult he was no less than five feet tall and weighed forty stones.,As an adult he was 5 feet tall and weighed forty stones.,neutral
1249150_b_3-m,As an adult he was no less than 5 feet tall and weighed forty stones.,As an adult he was no less than five feet tall and weighed forty stones.,entailment
1243759_a_3-m,"As the average speed of the train is more than fifty five kmph , as per railway rules, its fare includes a superfast surcharge.","As the average speed of the train is more than 5 kmph , as per railway rules, its fare includes a Superfast surcharge.",entailment
1243759_a_4-m,"As the average speed of the train is no less than 55 kmph , as per railway rules, its fare includes a Superfast surcharge.","As the average speed of the train is no less than five kmph , as per railway rules, its fare includes a superfast surcharge.",entailment
1243759_b_1-m,"As the average speed of the train is fifty five kmph , as per railway rules, its fare includes a superfast surcharge.","As the average speed of the train is 60 kmph , as per railway rules, its fare includes a Superfast surcharge.",contradiction
1243759_b_3-m,"As the average speed of the train is 55 kmph , as per railway rules, its fare includes a Superfast surcharge.","As the average speed of the train is less than sixty kmph , as per railway rules, its fare includes a superfast surcharge.",entailment
1243759_b_4-m,"As the average speed of the train is fifty five kmph , as per railway rules, its fare includes a superfast surcharge.","As the average speed of the train is no less than 60 kmph , as per railway rules, its fare includes a Superfast surcharge.",contradiction
1247077_b_3-m,"At the time the releases started, the reservoirs had been rising at no more than 6 inches per hour.","At the time the releases started, the reservoirs had been rising at no more than seven inches per hour.",entailment
1273415_a_0-m,"Based on the mean of several extrapolations from the size of its teeth, vulcanops jennyworthyae would have weighed slightly no more than forty grams .","Based on the mean of several extrapolations from the size of its teeth, Vulcanops jennyworthyae would have weighed slightly no more than 55 grams .",entailment
1273415_a_2-m,"Based on the mean of several extrapolations from the size of its teeth, Vulcanops jennyworthyae would have weighed slightly 40 grams .","Based on the mean of several extrapolations from the size of its teeth, vulcanops jennyworthyae would have weighed slightly no less than fifty five grams .",contradiction
1273415_a_4-m,"Based on the mean of several extrapolations from the size of its teeth, vulcanops jennyworthyae would have weighed slightly less than forty grams .","Based on the mean of several extrapolations from the size of its teeth, Vulcanops jennyworthyae would have weighed slightly less than 55 grams .",entailment
1273415_b_2-m,"Based on the mean of several extrapolations from the size of its teeth, Vulcanops jennyworthyae would have weighed slightly more than 40 grams .","Based on the mean of several extrapolations from the size of its teeth, vulcanops jennyworthyae would have weighed slightly more than fifteen grams .",entailment
1273415_b_4-m,"Based on the mean of several extrapolations from the size of its teeth, vulcanops jennyworthyae would have weighed slightly forty grams .","Based on the mean of several extrapolations from the size of its teeth, Vulcanops jennyworthyae would have weighed slightly no less than 15 grams .",entailment
1254406_a_2-m,"Both sexes of M. chomskyi have a tongue length of less than 7 mm , making it half the length of the body.","Both sexes of m. chomskyi have a tongue length of ninety seven mm , making it half the length of the body.",contradiction
1254406_b_1-m,"Both sexes of m. chomskyi have a tongue length of seven mm , making it half the length of the body.","Both sexes of M. chomskyi have a tongue length of more than 1 mm , making it half the length of the body.",entailment
1254406_b_3-m,"Both sexes of M. chomskyi have a tongue length of 7 mm , making it half the length of the body.","Both sexes of m. chomskyi have a tongue length of one mm , making it half the length of the body.",contradiction
1251290_a_4-m,"Branches and leaves from conifers have also been found, representing coastal forests located no less than ten kilometers away from the intraplatform basin.","Branches and leaves from conifers have also been found, representing coastal forests located 88 kilometers away from the intraplatform basin.",neutral
1251290_b_2-m,"Branches and leaves from conifers have also been found, representing coastal forests located 10 kilometers away from the intraplatform basin.","Branches and leaves from conifers have also been found, representing coastal forests located no more than ten kilometers away from the intraplatform basin.",entailment
1300398_b_1-m,Certain alcremie are capable of gigantamax and in combination with a giant cake formed in the process grow to no less than twenty nine meters in height.,Certain Alcremie are capable of Gigantamax and in combination with a giant cake formed in the process grow to 10 meters in height.,contradiction
1300398_b_4-m,Certain Alcremie are capable of Gigantamax and in combination with a giant cake formed in the process grow to more than 29 meters in height.,Certain alcremie are capable of gigantamax and in combination with a giant cake formed in the process grow to more than ten meters in height.,entailment
1300396_b_0-m,Certain corviknight are capable of gigantamax and grow to fourteen meters in height.,Certain Corviknight are capable of Gigantamax and grow to less than 10 meters in height.,contradiction
1214970_b_1-m,"Darwinia camptostylis is a densely-foliaged, erect or spreading shrub which grows to a height of 30 cms .","Darwinia camptostylis is a densely-foliaged, erect or spreading shrub which grows to a height of twelve cms .",contradiction
1229592_b_4-m,"During the entire route, the highway travels no six kilometers from the international boundary.","During the entire route, the highway travels no more than 7 kilometers from the international boundary.",contradiction
1284046_a_1-m,Each cabinet was no less than 75 feet from the audience.,Each cabinet was no less than seven feet from the audience.,neutral
1284046_b_2-m,Each cabinet was no no less than seventy five feet from the audience.,Each cabinet was no 80 feet from the audience.,neutral
1285363_a_0-m,Even short periods where the water is more than 23 Coulomb during the spawning season can prevent the adults from breeding.,Even short periods where the water is three coulomb during the spawning season can prevent the adults from breeding.,contradiction
1285363_a_2-m,Even short periods where the water is twenty three coulomb during the spawning season can prevent the adults from breeding.,Even short periods where the water is no more than 3 Coulomb during the spawning season can prevent the adults from breeding.,contradiction
1299313_b_1-m,"For tropical cyclones, names are assigned when a system has one-, three- or ten-minute winds of more than 65 kmph .","For tropical cyclones, names are assigned when a system has one-, three- or ten-minute winds of more than seventy kmph .",neutral
1299313_b_3-m,"For tropical cyclones, names are assigned when a system has one-, three- or ten-minute winds of no less than sixty five kmph .","For tropical cyclones, names are assigned when a system has one-, three- or ten-minute winds of 70 kmph .",neutral
1260168_b_1-m,Grubb's Tramway was a more than 4 miles long horse-drawn light railway in Western Tasmania.,Grubb's tramway was a four miles long horse-drawn light railway in western tasmania.,contradiction
1260168_b_3-m,Grubb's tramway was a four miles long horse-drawn light railway in western tasmania.,Grubb's Tramway was a no more than 4 miles long horse-drawn light railway in Western Tasmania.,entailment
1260168_b_4-m,Grubb's Tramway was a no less than 4 miles long horse-drawn light railway in Western Tasmania.,Grubb's tramway was a four miles long horse-drawn light railway in western tasmania.,neutral
1255056_b_1-m,"He took up junior football with the semi-local lake grace-pingrup football club in the ongerup football association, traveling no more than sixty kilometers to do so.","He took up junior football with the semi-local Lake Grace-Pingrup Football Club in the Ongerup Football Association, traveling 50 kilometers to do so.",neutral
1255056_b_2-m,"He took up junior football with the semi-local Lake Grace-Pingrup Football Club in the Ongerup Football Association, traveling less than 60 kilometers to do so.","He took up junior football with the semi-local lake grace-pingrup football club in the ongerup football association, traveling fifty kilometers to do so.",neutral
1249995_a_1-m,"In contrast, the capital of san josé received no one inches .","In contrast, the capital of San José received no less than 1 inches .",contradiction
1249995_a_2-m,"In contrast, the capital of San José received no 1 inches .","In contrast, the capital of san josé received no one inches .",entailment
1249995_b_0-m,"In contrast, the capital of san josé received no less than one inches .","In contrast, the capital of San José received no less than 2 inches .",entailment
1316804_a_4-m,"In parts of the cave, sediments measure 6 meters deep.","In parts of the cave, sediments measure six meters deep.",entailment
1316804_b_3-m,"In parts of the cave, sediments measure six meters deep.","In parts of the cave, sediments measure 7 meters deep.",contradiction
1316804_b_4-m,"In parts of the cave, sediments measure no more than 6 meters deep.","In parts of the cave, sediments measure no more than seven meters deep.",entailment
1303611_b_4-m,In recent times it has retreated by five meters per year. [,In recent times it has retreated by more than 5 meters per year. [,contradiction
1304629_b_4-m,"In the first day, the fire destroyed more than 25 sqmi .","In the first day, the fire destroyed more than twenty sqmi .",entailment
1247746_b_3-m,"In the west of the breccia peak there is no higher mountain for no less than thirty miles , up to the teton range.","In the west of the Breccia Peak there is no higher mountain for 30 miles , up to the Teton Range.",neutral
1325538_b_0-m,"is 13 meters below ground, in Kirchheim Hochwassernachrichtendienst des Bayer.","Is ten meters below ground, in kirchheim hochwassernachrichtendienst des bayer.",contradiction
1325538_b_2-m,"Is more than thirteen meters below ground, in kirchheim hochwassernachrichtendienst des bayer.","is more than 10 meters below ground, in Kirchheim Hochwassernachrichtendienst des Bayer.",entailment
1298544_b_3-m,"It has flat, compound leaves more than 10 mm long, usually with five or seven lance-shaped to oblong leaflets.","It has flat, compound leaves ten mm long, usually with five or seven lance-shaped to oblong leaflets.",contradiction
1215378_a_3-m,"It has rapids, but always with a drop of two meters .","It has rapids, but always with a drop of 72 meters .",contradiction
1215378_b_3-m,"It has rapids, but always with a drop of 2 meters .","It has rapids, but always with a drop of no more than one meters .",contradiction
1314592_b_2-m,It has small persistent stipules that are less than one mm in length along the branchlets.,It has small persistent stipules that are 2 mm in length along the branchlets.,contradiction
1215815_a_1-m,It is rare in South China for no less than 8 kilometers long calcified sight of the gorge and the rare and precious plants and animals.,It is rare in south china for no less than eight kilometers long calcified sight of the gorge and the rare and precious plants and animals.,entailment
1215815_a_4-m,It is rare in south china for less than eight kilometers long calcified sight of the gorge and the rare and precious plants and animals.,It is rare in South China for less than 8 kilometers long calcified sight of the gorge and the rare and precious plants and animals.,entailment
1246462_b_4-m,"It shelters the biggest Buddha statue in Europe, 9 meters high.","It shelters the biggest buddha statue in europe, more than one meters high.",entailment
1279091_b_0-m,It was notably small: less than three feet in length.,It was notably small: 3 feet in length.,contradiction
1279091_b_1-m,It was notably small: 3 feet in length.,It was notably small: less than three feet in length.,contradiction
1279091_b_2-m,It was notably small: three feet in length.,It was notably small: 3 feet in length.,entailment
1313770_a_0-m,Its distance to Seferihisar centrum is more than 5 kilometers .,Its distance to seferihisar centrum is fifty five kilometers .,neutral
1313770_a_4-m,Its distance to seferihisar centrum is more than five kilometers .,Its distance to Seferihisar centrum is more than 55 kilometers .,neutral
1313770_b_0-m,Its distance to Seferihisar centrum is no less than 5 kilometers .,Its distance to seferihisar centrum is one kilometers .,contradiction
1228124_b_3-m,"Its nests are frequently found near water, no no more than two meters above the ground.","Its nests are frequently found near water, no 2 meters above the ground.",neutral
1223584_a_3-m,Its subcoriaceous leaves may measure 9 cms long.,Its subcoriaceous leaves may measure less than thirty nine cms long.,entailment
1223584_b_0-m,Its subcoriaceous leaves may measure less than nine cms long.,Its subcoriaceous leaves may measure 1 cms long.,neutral
1223584_b_4-m,Its subcoriaceous leaves may measure 9 cms long.,Its subcoriaceous leaves may measure more than one cms long.,entailment
1215155_b_4-m,"Its thickness gradually increases to the south, reaching less than forty cms .","Its thickness gradually increases to the south, reaching less than 40 cms .",entailment
1301389_b_0-m,Its wingspan was 4 meters that of the heavier Koma.,Its wingspan was no more than five meters that of the heavier koma.,entailment
1281874_a_4-m,"No less than twelve inches of rain fell between april and october, and the glencorse reservoir emptied.","no less than 12 inches of rain fell between April and October, and the Glencorse Reservoir emptied.",entailment
1238519_b_1-m,"Like the Selbstfahrer, the Matador was targeted at agricultural contractors and large farms with an arable area of 40 hectares .","Like the selbstfahrer, the matador was targeted at agricultural contractors and large farms with an arable area of no more than ten hectares .",contradiction
1224875_a_1-m,"Neocalanus are large copepods, reaching body lengths (i.e., prosome length) of eight mm in neocalanus plumchrus.","Neocalanus are large copepods, reaching body lengths (i.e., prosome length) of 8 mm in Neocalanus plumchrus.",entailment
1224875_a_2-m,"Neocalanus are large copepods, reaching body lengths (i.e., prosome length) of no more than 8 mm in Neocalanus plumchrus.","Neocalanus are large copepods, reaching body lengths (i.e., prosome length) of no more than eight mm in neocalanus plumchrus.",entailment
1224875_a_4-m,"Neocalanus are large copepods, reaching body lengths (i.e., prosome length) of less than eight mm in neocalanus plumchrus.","Neocalanus are large copepods, reaching body lengths (i.e., prosome length) of 8 mm in Neocalanus plumchrus.",contradiction
1224875_b_1-m,"Neocalanus are large copepods, reaching body lengths (i.e., prosome length) of 8 mm in Neocalanus plumchrus.","Neocalanus are large copepods, reaching body lengths (i.e., prosome length) of nine mm in neocalanus plumchrus.",contradiction
1224875_b_2-m,"Neocalanus are large copepods, reaching body lengths (i.e., prosome length) of less than eight mm in neocalanus plumchrus.","Neocalanus are large copepods, reaching body lengths (i.e., prosome length) of 9 mm in Neocalanus plumchrus.",contradiction
1241378_b_0-m,"On the first day, the three shock groups advanced 5 kilometers .","On the first day, the three shock groups advanced more than five kilometers .",contradiction
1241378_b_2-m,"On the first day, the three shock groups advanced five kilometers .","On the first day, the three shock groups advanced 5 kilometers .",entailment
1241378_b_3-m,"On the first day, the three shock groups advanced no less than 5 kilometers .","On the first day, the three shock groups advanced no less than five kilometers .",entailment
1260587_a_0-m,"Only less than fifteen cms thick ignimbrites were deposited during the eocene-early miocene, probably from vents in the coastal cordillera.","Only less than 68 cms thick ignimbrites were deposited during the Eocene-early Miocene, probably from vents in the Coastal Cordillera.",entailment
1260587_a_2-m,"Only 15 cms thick ignimbrites were deposited during the Eocene-early Miocene, probably from vents in the Coastal Cordillera.","Only sixty eight cms thick ignimbrites were deposited during the eocene-early miocene, probably from vents in the coastal cordillera.",contradiction
1260587_b_2-m,"Only fifteen cms thick ignimbrites were deposited during the eocene-early miocene, probably from vents in the coastal cordillera.","Only 15 cms thick ignimbrites were deposited during the Eocene-early Miocene, probably from vents in the Coastal Cordillera.",entailment
1224656_a_0-m,paulwilsonii'' that has smooth sepals and at least some leaves less than 15 mm long.,Paulwilsonii'' that has smooth sepals and at least some leaves less than seventy three mm long.,entailment
1224656_a_1-m,Paulwilsonii'' that has smooth sepals and at least some leaves fifteen mm long.,paulwilsonii'' that has smooth sepals and at least some leaves no more than 73 mm long.,entailment
1224656_b_1-m,paulwilsonii'' that has smooth sepals and at least some leaves no more than 15 mm long.,Paulwilsonii'' that has smooth sepals and at least some leaves no more than fifteen mm long.,entailment
1224656_b_4-m,Paulwilsonii'' that has smooth sepals and at least some leaves more than fifteen mm long.,paulwilsonii'' that has smooth sepals and at least some leaves 15 mm long.,contradiction
1314255_b_3-m,"Shrubby heathland with shrubs and lichens has patches of forest in sheltered sites, mainly stunted black spruce less than 3 meters high.","Shrubby heathland with shrubs and lichens has patches of forest in sheltered sites, mainly stunted black spruce four meters high.",contradiction
1314255_b_4-m,"Shrubby heathland with shrubs and lichens has patches of forest in sheltered sites, mainly stunted black spruce three meters high.","Shrubby heathland with shrubs and lichens has patches of forest in sheltered sites, mainly stunted black spruce no less than 4 meters high.",contradiction
1285916_a_0-m,Some of the oil filled a hole 20 feet deep and was reported to have contaminated the local water table.,Some of the oil filled a hole less than forty seven feet deep and was reported to have contaminated the local water table.,entailment
1285916_b_3-m,Some of the oil filled a hole no more than twenty feet deep and was reported to have contaminated the local water table.,Some of the oil filled a hole no more than 20 feet deep and was reported to have contaminated the local water table.,entailment
1290019_a_1-m,Some of the parts had drifted 5 kilometers in the sea current.,Some of the parts had drifted more than fifteen kilometers in the sea current.,contradiction
1290019_b_3-m,Some of the parts had drifted no more than five kilometers in the sea current.,Some of the parts had drifted no more than 1 kilometers in the sea current.,neutral
1216796_b_0-m,stypophylla'' K.D.Hill & L.A.S.Johnson that differs from the autonym in having small leaves with petioles no less than 12 mm long.,Stypophylla'' k.d.hill & l.a.s.johnson that differs from the autonym in having small leaves with petioles no less than ten mm long.,entailment
1216796_b_1-m,Stypophylla'' k.d.hill & l.a.s.johnson that differs from the autonym in having small leaves with petioles more than twelve mm long.,stypophylla'' K.D.Hill & L.A.S.Johnson that differs from the autonym in having small leaves with petioles more than 10 mm long.,entailment
1232995_a_0-m,"The archaeological site, a kilometre in diameter, is a series of mounds up to 18 meters .","The archaeological site, a kilometre in diameter, is a series of mounds up to no less than eight meters .",entailment
1232995_a_3-m,"The archaeological site, a kilometre in diameter, is a series of mounds up to eighteen meters .","The archaeological site, a kilometre in diameter, is a series of mounds up to 8 meters .",contradiction
1232995_b_4-m,"The archaeological site, a kilometre in diameter, is a series of mounds up to no less than 18 meters .","The archaeological site, a kilometre in diameter, is a series of mounds up to no less than twenty meters .",neutral
1237827_b_1-m,The channel between the mainland and the island is quite shallow; no six meters . [,The channel between the mainland and the island is quite shallow; no no more than 6 meters . [,entailment
1237827_b_2-m,The channel between the mainland and the island is quite shallow; no no more than 6 meters . [,The channel between the mainland and the island is quite shallow; no six meters . [,neutral
1315205_b_3-m,The coastal plain between the piedmont and the gulf of saint lawrence is no six kilometers in width.,The coastal plain between the piedmont and the Gulf of Saint Lawrence is no no more than 1 kilometers in width.,contradiction
1275954_a_0-m,The convertible weighs an additional less than 100 kilograms the coupé.,The convertible weighs an additional ten kilograms the coupé.,neutral
1262683_a_2-m,"The cranial width of its skull is typically no more than twenty six mm , making it small for the genus.","The cranial width of its skull is typically 6 mm , making it small for the genus.",neutral
1262683_b_2-m,"The cranial width of its skull is typically no less than 26 mm , making it small for the genus.","The cranial width of its skull is typically no less than thirty mm , making it small for the genus.",neutral
1252987_b_0-m,The design will be less than seventy five meters in length and will incorporate new capabilities to fulfill the royal malaysian navy's requirements.,The design will be less than 50 meters in length and will incorporate new capabilities to fulfill the Royal Malaysian Navy's requirements.,neutral
1252987_b_2-m,The design will be no less than 75 meters in length and will incorporate new capabilities to fulfill the Royal Malaysian Navy's requirements.,The design will be fifty meters in length and will incorporate new capabilities to fulfill the royal malaysian navy's requirements.,contradiction
1252987_b_3-m,The design will be no more than seventy five meters in length and will incorporate new capabilities to fulfill the royal malaysian navy's requirements.,The design will be no more than 50 meters in length and will incorporate new capabilities to fulfill the Royal Malaysian Navy's requirements.,neutral
1252987_b_4-m,The design will be 75 meters in length and will incorporate new capabilities to fulfill the Royal Malaysian Navy's requirements.,The design will be no less than fifty meters in length and will incorporate new capabilities to fulfill the royal malaysian navy's requirements.,entailment
1216542_b_0-m,"The dorsal sepal is erect and the lateral sepals and petal spread widely, have dark, glandular tips and are less than four cms long.","The dorsal sepal is erect and the lateral sepals and petal spread widely, have dark, glandular tips and are 4 cms long.",contradiction
1216542_b_2-m,"The dorsal sepal is erect and the lateral sepals and petal spread widely, have dark, glandular tips and are 4 cms long.","The dorsal sepal is erect and the lateral sepals and petal spread widely, have dark, glandular tips and are no more than four cms long.",entailment
1216542_b_4-m,"The dorsal sepal is erect and the lateral sepals and petal spread widely, have dark, glandular tips and are less than four cms long.","The dorsal sepal is erect and the lateral sepals and petal spread widely, have dark, glandular tips and are less than 4 cms long.",entailment
1212789_a_0-m,"The enclosure is surrounded by a rampart of limestone blocks, mainly 2 feet high.","The enclosure is surrounded by a rampart of limestone blocks, mainly no less than ninety two feet high.",contradiction
1212789_a_3-m,"The enclosure is surrounded by a rampart of limestone blocks, mainly less than two feet high.","The enclosure is surrounded by a rampart of limestone blocks, mainly less than 92 feet high.",entailment
1212789_b_1-m,"The enclosure is surrounded by a rampart of limestone blocks, mainly more than 2 feet high.","The enclosure is surrounded by a rampart of limestone blocks, mainly more than one feet high.",entailment
1212789_b_4-m,"The enclosure is surrounded by a rampart of limestone blocks, mainly two feet high.","The enclosure is surrounded by a rampart of limestone blocks, mainly no more than 1 feet high.",contradiction
1314717_a_2-m,The erect tree typically grows to a height of 15 meters and has fissured grey coloured bark.,The erect tree typically grows to a height of less than one meters and has fissured grey coloured bark.,contradiction
1314717_b_4-m,The erect tree typically grows to a height of fifteen meters and has fissured grey coloured bark.,The erect tree typically grows to a height of no less than 20 meters and has fissured grey coloured bark.,contradiction
1213211_b_0-m,"The facility takes up 68 acres , although the improved area is relatively modest.","The facility takes up no less than seventy acres , although the improved area is relatively modest.",contradiction
1333822_a_0-m,"The ferilla is usually more than thirty feet long, and it was equipped with both oars and sails with a sprit rig.","The ferilla is usually more than 59 feet long, and it was equipped with both oars and sails with a sprit rig.",neutral
1333822_a_4-m,"The ferilla is usually 30 feet long, and it was equipped with both oars and sails with a sprit rig.","The ferilla is usually fifty nine feet long, and it was equipped with both oars and sails with a sprit rig.",contradiction
1333822_b_0-m,"The ferilla is usually no less than thirty feet long, and it was equipped with both oars and sails with a sprit rig.","The ferilla is usually 2 feet long, and it was equipped with both oars and sails with a sprit rig.",contradiction
1333822_b_3-m,"The ferilla is usually 30 feet long, and it was equipped with both oars and sails with a sprit rig.","The ferilla is usually less than two feet long, and it was equipped with both oars and sails with a sprit rig.",contradiction
1253748_b_1-m,The floor slopes at a depth of just eight meters .,The floor slopes at a depth of just no more than 1 meters .,contradiction
1253748_b_4-m,The floor slopes at a depth of just more than 8 meters .,The floor slopes at a depth of just one meters .,contradiction
1225445_b_1-m,"The flowers are fragrant and are arranged singly on a sticky, hairy stalk less than two mm long.","The flowers are fragrant and are arranged singly on a sticky, hairy stalk less than 2 mm long.",entailment
1225445_b_4-m,"The flowers are fragrant and are arranged singly on a sticky, hairy stalk 2 mm long.","The flowers are fragrant and are arranged singly on a sticky, hairy stalk no more than two mm long.",entailment
1320073_b_0-m,The found remains of the holotype point to an animal of more than twenty meters in length.,The found remains of the holotype point to an animal of more than 15 meters in length.,entailment
1320073_b_2-m,The found remains of the holotype point to an animal of 20 meters in length.,The found remains of the holotype point to an animal of less than fifteen meters in length.,contradiction
1320073_b_4-m,The found remains of the holotype point to an animal of less than twenty meters in length.,The found remains of the holotype point to an animal of 15 meters in length.,neutral
1284587_b_0-m,"The girders supporting floors two through ten were supported by rolled I-beams, with no 8 feet between each girder.","The girders supporting floors two through ten were supported by rolled i-beams, with no nine feet between each girder.",contradiction
1284587_b_3-m,"The girders supporting floors two through ten were supported by rolled i-beams, with no eight feet between each girder.","The girders supporting floors two through ten were supported by rolled I-beams, with no no more than 9 feet between each girder.",entailment
1284587_b_4-m,"The girders supporting floors two through ten were supported by rolled I-beams, with no less than 8 feet between each girder.","The girders supporting floors two through ten were supported by rolled i-beams, with no less than nine feet between each girder.",entailment
1219812_a_4-m,"The glacier, never no more than eight miles long, ""originated on the highest mountain in the park"".","The glacier, never no more than 98 miles long, ""originated on the highest mountain in the park"".",entailment
1219812_b_1-m,"The glacier, never less than 8 miles long, ""originated on the highest mountain in the park"".","The glacier, never less than one miles long, ""originated on the highest mountain in the park"".",neutral
1231353_a_1-m,The gts weighs seventy five kilograms the superfast due to chassis reinforcing components but maintains equal performance figures as its coupé counterpart.,The GTS weighs 7 kilograms the Superfast due to chassis reinforcing components but maintains equal performance figures as its coupé counterpart.,contradiction
1231353_b_2-m,The GTS weighs 75 kilograms the Superfast due to chassis reinforcing components but maintains equal performance figures as its coupé counterpart.,The gts weighs eighty kilograms the superfast due to chassis reinforcing components but maintains equal performance figures as its coupé counterpart.,contradiction
1231353_b_3-m,The gts weighs seventy five kilograms the superfast due to chassis reinforcing components but maintains equal performance figures as its coupé counterpart.,The GTS weighs less than 80 kilograms the Superfast due to chassis reinforcing components but maintains equal performance figures as its coupé counterpart.,entailment
1254082_b_1-m,The height of the wooden ramparts is no more than 24 feet .,The height of the wooden ramparts is twenty four feet .,neutral
1254082_b_4-m,The height of the wooden ramparts is twenty four feet .,The height of the wooden ramparts is 24 feet .,entailment
1215307_a_0-m,"The land is flat, rising to no less than 10 meters above sea level.","The land is flat, rising to no less than one meters above sea level.",neutral
1215307_a_3-m,"The land is flat, rising to no less than ten meters above sea level.","The land is flat, rising to no 1 meters above sea level.",neutral
1215307_b_2-m,"The land is flat, rising to no 10 meters above sea level.","The land is flat, rising to no twenty meters above sea level.",contradiction
1271709_a_0-m,The lava flows are between several metres to several tens of metres thick and reach lengths of twenty kilometers .,The lava flows are between several metres to several tens of metres thick and reach lengths of 31 kilometers .,contradiction
1271709_b_3-m,The lava flows are between several metres to several tens of metres thick and reach lengths of 20 kilometers .,The lava flows are between several metres to several tens of metres thick and reach lengths of no less than twenty kilometers .,entailment
1234717_b_4-m,"The line was to run westerly toward the missouri river, never straying less than thirty miles from the northern border of missouri.","The line was to run westerly toward the Missouri River, never straying less than 20 miles from the northern border of Missouri.",neutral
1228195_b_2-m,The medium shrub typically grows to a height of no more than 5 meters .,The medium shrub typically grows to a height of no more than five meters .,entailment
1235493_a_4-m,The twelve kilometers long trails equipped with information panels connect the most interesting geosites in the geopark.,The less than 2 kilometers long trails equipped with information panels connect the most interesting geosites in the geopark.,contradiction
1235493_b_1-m,The 12 kilometers long trails equipped with information panels connect the most interesting geosites in the geopark.,The no more than twenty kilometers long trails equipped with information panels connect the most interesting geosites in the geopark.,entailment
1235493_b_4-m,The no more than twelve kilometers long trails equipped with information panels connect the most interesting geosites in the geopark.,The 20 kilometers long trails equipped with information panels connect the most interesting geosites in the geopark.,contradiction
1250057_a_0-m,"The narrowest gorge, which is surrounded by vertical canyon walls, is 50 meters wide.","The narrowest gorge, which is surrounded by vertical canyon walls, is fifty three meters wide.",contradiction
1250057_b_0-m,"The narrowest gorge, which is surrounded by vertical canyon walls, is fifty meters wide.","The narrowest gorge, which is surrounded by vertical canyon walls, is more than 20 meters wide.",entailment
1222466_b_4-m,"The purpose of the small mounds, 3 meters high, was usually residential and agricultural.","The purpose of the small mounds, more than three meters high, was usually residential and agricultural.",contradiction
1303360_b_4-m,"The raid took place near a railroad junction in virginia's fauquier county, no less than ten miles from the town of warrenton.","The raid took place near a railroad junction in Virginia's Fauquier County, no less than 10 miles from the town of Warrenton.",entailment
1240657_a_4-m,The region where the fire occurred consists of flat terrain with occasional low rolling hills no more than 80 meters in height.,The region where the fire occurred consists of flat terrain with occasional low rolling hills no more than eight meters in height.,neutral
1240657_b_1-m,The region where the fire occurred consists of flat terrain with occasional low rolling hills eighty meters in height.,The region where the fire occurred consists of flat terrain with occasional low rolling hills 90 meters in height.,contradiction
1240657_b_2-m,The region where the fire occurred consists of flat terrain with occasional low rolling hills more than 80 meters in height.,The region where the fire occurred consists of flat terrain with occasional low rolling hills more than ninety meters in height.,neutral
1324254_b_2-m,"The rock was always a hazard to river traffic, as it sometimes lay three feet below the surface at low tide.","The rock was always a hazard to river traffic, as it sometimes lay no less than 1 feet below the surface at low tide.",entailment
1258895_a_1-m,"The ruin is cylindrical shaped, and it reaches no less than 30 meters from sea level.","The ruin is cylindrical shaped, and it reaches ninety three meters from sea level.",neutral
1258895_a_4-m,"The ruin is cylindrical shaped, and it reaches more than thirty meters from sea level.","The ruin is cylindrical shaped, and it reaches 93 meters from sea level.",neutral
1266119_a_3-m,"The second portion continues to be owned by the Army Corps of Engineers, whose portion has decreased to slightly no less than 14 acres .","The second portion continues to be owned by the army corps of engineers, whose portion has decreased to slightly no less than four acres .",entailment
1266119_b_0-m,"The second portion continues to be owned by the army corps of engineers, whose portion has decreased to slightly fourteen acres .","The second portion continues to be owned by the Army Corps of Engineers, whose portion has decreased to slightly 20 acres .",contradiction
1302354_b_1-m,The sentence was for conspiracy to possess with intent to distribute and for multiple counts of distributing 50 kilograms of cocaine.,The sentence was for conspiracy to possess with intent to distribute and for multiple counts of distributing no more than fifty kilograms of cocaine.,entailment
1302354_b_4-m,The sentence was for conspiracy to possess with intent to distribute and for multiple counts of distributing fifty kilograms of cocaine.,The sentence was for conspiracy to possess with intent to distribute and for multiple counts of distributing less than 50 kilograms of cocaine.,contradiction
1303162_b_2-m,The shrub has a mompact and much-branched habit that typically grows to a height of less than 2 meters .,The shrub has a mompact and much-branched habit that typically grows to a height of two meters .,contradiction
1300761_a_1-m,The slender tree or spindly shrub typically grows to a height of six meters .,The slender tree or spindly shrub typically grows to a height of less than 36 meters .,entailment
1300761_a_3-m,The slender tree or spindly shrub typically grows to a height of less than 6 meters .,The slender tree or spindly shrub typically grows to a height of less than thirty six meters .,entailment
1300761_b_1-m,The slender tree or spindly shrub typically grows to a height of six meters .,The slender tree or spindly shrub typically grows to a height of more than 1 meters .,entailment
1315324_a_0-m,"The south coast of Lac Island has red, craggy cliffs 30 meters high that have been stained white by seabirds.","The south coast of lac island has red, craggy cliffs no less than seventy two meters high that have been stained white by seabirds.",contradiction
1315324_a_2-m,"The south coast of lac island has red, craggy cliffs thirty meters high that have been stained white by seabirds.","The south coast of Lac Island has red, craggy cliffs 72 meters high that have been stained white by seabirds.",contradiction
1315324_b_0-m,"The south coast of Lac Island has red, craggy cliffs no less than 30 meters high that have been stained white by seabirds.","The south coast of lac island has red, craggy cliffs no less than eight meters high that have been stained white by seabirds.",entailment
1315324_b_4-m,"The south coast of lac island has red, craggy cliffs more than thirty meters high that have been stained white by seabirds.","The south coast of Lac Island has red, craggy cliffs more than 8 meters high that have been stained white by seabirds.",entailment
1233270_a_3-m,The Spider weighs no less than 100 pounds its coupé counterpart due to the retractable hardtop system.,The spider weighs ten pounds its coupé counterpart due to the retractable hardtop system.,contradiction
1233270_a_4-m,The spider weighs no more than one hundred pounds its coupé counterpart due to the retractable hardtop system.,The Spider weighs no more than 10 pounds its coupé counterpart due to the retractable hardtop system.,neutral
1319457_a_0-m,"The storm dropped no less than 12 inches of rainfall, producing the worst flooding in the country since Hurricane Flora.","The storm dropped no less than one inches of rainfall, producing the worst flooding in the country since hurricane flora.",entailment
1319457_b_2-m,"The storm dropped no less than twelve inches of rainfall, producing the worst flooding in the country since hurricane flora.","The storm dropped no less than 20 inches of rainfall, producing the worst flooding in the country since Hurricane Flora.",neutral
1235688_b_1-m,The tides are no 1 meters in the Orinoco delta.,The tides are no one meters in the orinoco delta.,entailment
1235688_b_4-m,The tides are no no less than one meters in the orinoco delta.,The tides are no no less than 1 meters in the Orinoco delta.,entailment
1314796_b_2-m,The tree only has single stem typically grows to a height of no less than 13 meters and grey coloured ribbony bark.,The tree only has single stem typically grows to a height of no less than thirteen meters and grey coloured ribbony bark.,entailment
1322714_b_3-m,"The two schools are separated by no more than three miles in cincinnati, making the archrivalry one of the closest major rivalries in the country.","The two schools are separated by 3 miles in Cincinnati, making the archrivalry one of the closest major rivalries in the country.",neutral
1251175_b_0-m,The two-lipped flowers are borne on a tall stalk and are small – 17 mm long – and pale in colour.,The two-lipped flowers are borne on a tall stalk and are small – more than twenty mm long – and pale in colour.,contradiction
1297026_b_0-m,"The waerenga stream is too polluted for swimming, having high levels of e coli and nitrogen, more than ten kilometers from its source.","The Waerenga Stream is too polluted for swimming, having high levels of E coli and nitrogen, more than 10 kilometers from its source.",entailment
1213834_a_0-m,The water above the tufa deposits was probably 20 meters deep.,The water above the tufa deposits was probably two meters deep.,contradiction
1213834_b_3-m,The water above the tufa deposits was probably twenty meters deep.,The water above the tufa deposits was probably no less than 30 meters deep.,contradiction
1325635_b_3-m,"These are small, stocky ants less than 3 mm long, and A. exsanguis is not easy to distinguish from related species.","These are small, stocky ants four mm long, and a. exsanguis is not easy to distinguish from related species.",contradiction
1240685_b_0-m,This change increased the weight of the car by no more than one hundred kilograms .,This change increased the weight of the car by no more than 100 kilograms .,entailment
1240685_b_4-m,This change increased the weight of the car by 100 kilograms .,This change increased the weight of the car by no less than one hundred kilograms .,entailment
1326689_b_2-m,"This is a list of the world's lowest civilian airports, situated ten meters above mean sea level.","This is a list of the world's lowest civilian airports, situated 10 meters above mean sea level.",entailment
1266474_a_4-m,This tributary of the Saint-Maurice River had a length of no more than 55 kilometers .,This tributary of the saint-maurice river had a length of five kilometers .,neutral
1266474_b_1-m,This tributary of the saint-maurice river had a length of fifty five kilometers .,This tributary of the Saint-Maurice River had a length of less than 60 kilometers .,entailment
1233432_b_3-m,"Thus 50 mm precipitation fall every year, and large year-to-year variations are observed.","Thus less than fifty mm precipitation fall every year, and large year-to-year variations are observed.",contradiction
1247107_a_2-m,Total length of track was never twenty five miles .,Total length of track was never less than 54 miles .,entailment
1247107_b_2-m,Total length of track was never 25 miles .,Total length of track was never twenty five miles .,entailment
1285581_b_4-m,"Tytthoscincus are small skinks, usually forty five mm in snout–vent length.","Tytthoscincus are small skinks, usually no less than 45 mm in snout–vent length.",entailment
1309063_a_3-m,"With 50 kilometers to race, the breakaway group's advantage had been reduced to a minute.","With more than five kilometers to race, the breakaway group's advantage had been reduced to a minute.",entailment
1309063_b_4-m,"With fifty kilometers to race, the breakaway group's advantage had been reduced to a minute.","With no less than 60 kilometers to race, the breakaway group's advantage had been reduced to a minute.",contradiction
1258162_b_3-m,"With an average of 21 meters cube per second, it yields seven times all the drinking water distributed in the Vaucluse department.","With an average of no less than ten meters cube per second, it yields seven times all the drinking water distributed in the vaucluse department.",entailment
1303278_a_4-m,"With the exception of some ectothermic species such as the leatherback sea turtle and crocodiles, no tetrapods weighing no more than twenty five kilograms survived.","With the exception of some ectothermic species such as the leatherback sea turtle and crocodiles, no tetrapods weighing 97 kilograms survived.",contradiction
1303278_b_1-m,"With the exception of some ectothermic species such as the leatherback sea turtle and crocodiles, no tetrapods weighing 25 kilograms survived.","With the exception of some ectothermic species such as the leatherback sea turtle and crocodiles, no tetrapods weighing no less than twenty five kilograms survived.",entailment
1303278_b_4-m,"With the exception of some ectothermic species such as the leatherback sea turtle and crocodiles, no tetrapods weighing no more than twenty five kilograms survived.","With the exception of some ectothermic species such as the leatherback sea turtle and crocodiles, no tetrapods weighing no more than 25 kilograms survived.",entailment
awp_comp_001_a_0-m,no less than 1 lonely pigeons was eating breadcrumbs.,One lonely pigeons was eating breadcrumbs.,neutral
awp_comp_001_b_2-m,Less than one lonely pigeons was eating breadcrumbs.,2 lonely pigeons was eating breadcrumbs.,contradiction
awp_comp_002_b_0-m,Her room is no more than 2 feet wide.,Her room is three feet wide.,contradiction
awp_comp_002_b_2-m,Her room is two feet wide.,Her room is 3 feet wide.,contradiction
awp_comp_003_a_0-m,They sit 2 children in every seat.,They sit seventy two children in every seat.,contradiction
awp_comp_003_b_1-m,They sit two children in every seat.,They sit more than 1 children in every seat.,entailment
awp_comp_003_b_4-m,They sit 2 children in every seat.,They sit no more than one children in every seat.,contradiction
awp_comp_004_a_0-m,Each album came with a lyric sheet and had no more than three songs.,Each album came with a lyric sheet and had no more than 83 songs.,entailment
awp_comp_004_b_0-m,Each album came with a lyric sheet and had 3 songs.,Each album came with a lyric sheet and had no more than one songs.,contradiction
awp_comp_004_b_1-m,Each album came with a lyric sheet and had three songs.,Each album came with a lyric sheet and had 1 songs.,contradiction
awp_comp_004_b_3-m,Each album came with a lyric sheet and had more than 3 songs.,Each album came with a lyric sheet and had more than one songs.,entailment
awp_comp_005_a_3-m,Zeshaun bought more than three snowflake stamps.,Zeshaun bought more than 83 snowflake stamps.,neutral
awp_comp_005_b_2-m,Zeshaun bought 3 snowflake stamps.,Zeshaun bought less than one snowflake stamps.,contradiction
awp_comp_006_b_3-m,Each table will hold less than four guests.,Each table will hold 1 guests.,neutral
awp_comp_007_b_3-m,Mrs. Hilt read less than 4 books.,Mrs. hilt read less than four books.,entailment
awp_comp_009_b_0-m,A florist had six roses.,A florist had no less than 6 roses.,entailment
awp_comp_010_b_2-m,Each juggler is juggling less than 6 balls at a time.,Each juggler is juggling less than one balls at a time.,neutral
awp_comp_010_b_4-m,Each juggler is juggling no more than six balls at a time.,Each juggler is juggling no more than 1 balls at a time.,neutral
awp_comp_011_b_1-m,Each pie takes 6 apples.,Each pie takes six apples.,entailment
awp_comp_012_a_0-m,Mrs. hilt bought six hot dogs.,Mrs. Hilt bought no more than 6 hot dogs.,entailment
awp_comp_012_a_3-m,Mrs. Hilt bought less than 6 hot dogs.,Mrs. hilt bought six hot dogs.,contradiction
awp_comp_012_b_0-m,Mrs. hilt bought no less than six hot dogs.,Mrs. Hilt bought 7 hot dogs.,neutral
awp_comp_013_b_3-m,Shiela has 6 neighbors who like to collect animal drawings.,Shiela has no less than one neighbors who like to collect animal drawings.,entailment
awp_comp_014_a_0-m,"Jerry was helping the cafeteria workers pick up lunch trays, but he could only carry less than eight trays at a time.","Jerry was helping the cafeteria workers pick up lunch trays, but he could only carry 78 trays at a time.",contradiction
awp_comp_015_a_0-m,Sam had saved up no less than 8 dollars.,Sam had saved up thirty eight dollars.,neutral
awp_comp_015_a_2-m,Sam had saved up no more than eight dollars.,Sam had saved up no more than 38 dollars.,entailment
awp_comp_015_a_4-m,Sam had saved up 8 dollars.,Sam had saved up no less than thirty eight dollars.,contradiction
awp_comp_015_b_3-m,Sam had saved up no less than eight dollars.,Sam had saved up no less than 1 dollars.,entailment
awp_comp_017_a_0-m,A new building needed 10 windows.,A new building needed no less than seventy three windows.,contradiction
awp_comp_017_b_3-m,A new building needed ten windows.,A new building needed more than 10 windows.,contradiction
awp_comp_018_b_0-m,Dave had 10 apps on his phone.,Dave had ten apps on his phone.,entailment
awp_comp_018_b_1-m,Dave had no less than ten apps on his phone.,Dave had 10 apps on his phone.,neutral
awp_comp_019_a_0-m,He cut off no more than 11 inches.,He cut off one inches.,neutral
awp_comp_019_a_2-m,He cut off eleven inches.,He cut off no less than 1 inches.,entailment
awp_comp_020_b_0-m,She only used less than 11 of the flowers though.,She only used ten of the flowers though.,neutral
awp_comp_020_b_4-m,She only used no less than eleven of the flowers though.,She only used no less than 10 of the flowers though.,entailment
awp_comp_021_a_0-m,There are 12 houses in each block.,There are two houses in each block.,contradiction
awp_comp_021_a_4-m,There are twelve houses in each block.,There are no more than 2 houses in each block.,contradiction
awp_comp_021_b_1-m,There are no more than 12 houses in each block.,There are no more than twenty houses in each block.,entailment
awp_comp_021_b_4-m,There are less than twelve houses in each block.,There are 20 houses in each block.,contradiction
awp_comp_022_a_2-m,A waiter had no more than 14 customers to wait on.,A waiter had one customers to wait on.,neutral
awp_comp_023_a_0-m,Ron stands at less than fourteen feet.,Ron stands at less than 31 feet.,entailment
awp_comp_023_a_3-m,Ron stands at no more than 14 feet.,Ron stands at thirty one feet.,contradiction
awp_comp_023_b_3-m,Ron stands at fourteen feet.,Ron stands at less than 14 feet.,contradiction
awp_comp_024_b_3-m,There are 15 shapes.,There are fifteen shapes.,entailment
awp_comp_024_b_4-m,There are fifteen shapes.,There are no more than 15 shapes.,entailment
awp_comp_025_a_1-m,Mrs. Hilt picked up a book that has no more than 17 pages in it.,Mrs. hilt picked up a book that has eighty nine pages in it.,contradiction
awp_comp_026_b_2-m,She prepared eighteen cookies and each guest had the same number of cookies.,She prepared 18 cookies and each guest had the same number of cookies.,entailment
awp_comp_026_b_4-m,She prepared no less than 18 cookies and each guest had the same number of cookies.,She prepared eighteen cookies and each guest had the same number of cookies.,neutral
awp_comp_027_b_3-m,No less than nineteen children take a minibus to the zoo.,20 children take a minibus to the zoo.,neutral
awp_comp_029_b_0-m,Each fishbowl has more than 23 fish.,Each fishbowl has twenty three fish.,contradiction
awp_comp_029_b_1-m,Each fishbowl has twenty three fish.,Each fishbowl has more than 23 fish.,contradiction
awp_comp_029_b_2-m,Each fishbowl has no less than 23 fish.,Each fishbowl has twenty three fish.,neutral
awp_comp_030_b_2-m,She deleted twenty three of the files.,She deleted no more than 10 of the files.,contradiction
awp_comp_030_b_3-m,She deleted 23 of the files.,She deleted ten of the files.,contradiction
awp_comp_031_a_3-m,At the bus stop no less than twenty four children got on the bus while some got off the bus.,At the bus stop 4 children got on the bus while some got off the bus.,contradiction
awp_comp_033_b_3-m,For lunch they handed out more than 30 to students and decided to use the rest to make pies.,For lunch they handed out more than thirty to students and decided to use the rest to make pies.,entailment
awp_comp_034_a_0-m,Mrs. wong had thirty valentines.,Mrs. Wong had no more than 3 Valentines.,contradiction
awp_comp_034_a_2-m,Mrs. Wong had 30 Valentines.,Mrs. wong had more than three valentines.,entailment
awp_comp_035_a_0-m,The marbles are organized into thirty two groups.,The marbles are organized into less than 48 groups.,entailment
awp_comp_035_a_1-m,The marbles are organized into no more than 32 groups.,The marbles are organized into forty eight groups.,contradiction
awp_comp_035_b_2-m,The marbles are organized into more than thirty two groups.,The marbles are organized into more than 32 groups.,entailment
awp_comp_037_a_1-m,For the school bake sale Robin made no less than 42 cupcakes.,For the school bake sale robin made no less than two cupcakes.,entailment
awp_comp_037_a_2-m,For the school bake sale robin made no more than forty two cupcakes.,For the school bake sale Robin made 2 cupcakes.,neutral
awp_comp_037_a_3-m,For the school bake sale Robin made 42 cupcakes.,For the school bake sale robin made less than two cupcakes.,contradiction
awp_comp_037_b_3-m,For the school bake sale robin made no less than forty two cupcakes.,For the school bake sale Robin made no less than 50 cupcakes.,neutral
awp_comp_038_a_2-m,Zach scored no less than 42 points in the football game.,Zach scored no less than two points in the football game.,entailment
awp_comp_038_a_3-m,Zach scored no more than forty two points in the football game.,Zach scored 2 points in the football game.,neutral
awp_comp_038_b_2-m,Zach scored no less than 42 points in the football game.,Zach scored no less than fifty points in the football game.,neutral
awp_comp_039_a_3-m,There are forty six birds perched on the branches of a tree.,There are no less than 46 birds perched on the branches of a tree.,entailment
awp_comp_039_b_2-m,There are 46 birds perched on the branches of a tree.,There are no more than twenty birds perched on the branches of a tree.,contradiction
awp_comp_041_b_3-m,Now he has sixty bottle caps in his collection.,Now he has no less than 10 bottle caps in his collection.,entailment
awp_comp_042_b_0-m,less than 62 campers went rowing in the morning.,Thirty campers went rowing in the morning.,neutral
awp_comp_042_b_3-m,No less than sixty two campers went rowing in the morning.,30 campers went rowing in the morning.,contradiction
awp_comp_042_b_4-m,62 campers went rowing in the morning.,No more than thirty campers went rowing in the morning.,contradiction
awp_comp_043_b_0-m,Only sixty four of the carrots were good.,Only 10 of the carrots were good.,contradiction
awp_comp_044_b_1-m,Christmas came and as usual she received 77 gifts to put under the Christmas tree.,Christmas came and as usual she received no more than seventy seven gifts to put under the christmas tree.,entailment
awp_comp_044_b_2-m,Christmas came and as usual she received no less than seventy seven gifts to put under the christmas tree.,Christmas came and as usual she received 77 gifts to put under the Christmas tree.,neutral
awp_comp_045_b_1-m,The second chapter is 80 pages long.,The second chapter is eighty pages long.,entailment
awp_comp_045_b_2-m,The second chapter is eighty pages long.,The second chapter is less than 80 pages long.,contradiction
awp_comp_045_b_3-m,The second chapter is no more than 80 pages long.,The second chapter is eighty pages long.,neutral
awp_comp_046_b_0-m,She only used eighty one of the flowers though.,She only used less than 81 of the flowers though.,contradiction
awp_comp_046_b_3-m,She only used no more than 81 of the flowers though.,She only used no more than eighty one of the flowers though.,entailment
awp_comp_046_b_4-m,She only used no less than eighty one of the flowers though.,She only used 81 of the flowers though.,neutral
awp_comp_047_a_4-m,There are 96 trees in a park.,There are no less than six trees in a park.,entailment
awp_comp_047_b_1-m,There are more than ninety six trees in a park.,There are 10 trees in a park.,contradiction
1286668_b_0-m,"During the day, M. gerlachei is concentrated below 200 meters .","During the day, m. gerlachei is concentrated below more than one hundred meters .",entailment
1286668_b_4-m,"During the day, m. gerlachei is concentrated below no less than two hundred meters .","During the day, M. gerlachei is concentrated below 100 meters .",contradiction
1288731_a_0-m,Peak rainfall of at least 300 mm occurred in the state of Oaxaca.,Peak rainfall of at least no more than three thousand mm occurred in the state of oaxaca.,entailment
1288731_a_4-m,Peak rainfall of at least less than three hundred mm occurred in the state of oaxaca.,Peak rainfall of at least less than 3000 mm occurred in the state of Oaxaca.,entailment
1253043_a_1-m,External provision was made for carrying a single 500 kilograms bomb beneath the fuselage.,External provision was made for carrying a single fifty kilograms bomb beneath the fuselage.,contradiction
1253043_a_3-m,External provision was made for carrying a single less than five hundred kilograms bomb beneath the fuselage.,External provision was made for carrying a single less than 50 kilograms bomb beneath the fuselage.,neutral
1235384_b_0-m,The undulating peneplains between the Caura and Paragua rivers hold low hills up to more than 500 meters high.,The undulating peneplains between the caura and paragua rivers hold low hills up to six hundred meters high.,neutral
1235384_b_2-m,The undulating peneplains between the caura and paragua rivers hold low hills up to no more than five hundred meters high.,The undulating peneplains between the Caura and Paragua rivers hold low hills up to no more than 600 meters high.,entailment
1249290_a_3-m,Thunderbird pilots now also climb an extra no less than 1000 feet before performing the Split S maneuver.,Thunderbird pilots now also climb an extra one hundred feet before performing the split s maneuver.,contradiction
1234429_a_0-m,"It placed the palace complex on a right-angle to the road leading from bruchsal's north-east gate, one thousand feet distant.","It placed the palace complex on a right-angle to the road leading from Bruchsal's north-east gate, no less than 100 feet distant.",entailment
1234429_a_4-m,"It placed the palace complex on a right-angle to the road leading from Bruchsal's north-east gate, no more than 1000 feet distant.","It placed the palace complex on a right-angle to the road leading from bruchsal's north-east gate, no more than one hundred feet distant.",neutral
1277525_a_4-m,Another satellite volcanic cone lies north of wōdejebato at a depth of less than three thousand meters .,Another satellite volcanic cone lies north of Wōdejebato at a depth of less than 300 meters .,neutral
1277525_b_0-m,Another satellite volcanic cone lies north of Wōdejebato at a depth of 3000 meters .,Another satellite volcanic cone lies north of wōdejebato at a depth of less than four thousand meters .,entailment
1233196_a_1-m,The less than five thousand sqft administration building provides space for maryland park service and national park service personnel.,The 500 sqft administration building provides space for Maryland Park Service and National Park Service personnel.,neutral
1233196_b_0-m,The 5000 sqft administration building provides space for Maryland Park Service and National Park Service personnel.,The six thousand sqft administration building provides space for maryland park service and national park service personnel.,contradiction
1236701_a_2-m,In the tatacoa desert there is less than seven hundred mm of rain annually.,In the Tatacoa Desert there is 70 mm of rain annually.,neutral
1236701_a_3-m,In the Tatacoa Desert there is no less than 700 mm of rain annually.,In the tatacoa desert there is seventy mm of rain annually.,contradiction
1266020_a_4-m,It is part of a contiguous area of less than two thousand acres of protected lands that includes the kauffmann forest and percy state forest.,It is part of a contiguous area of less than 200 acres of protected lands that includes the Kauffmann Forest and Percy State Forest.,neutral
1266020_b_0-m,It is part of a contiguous area of more than 2000 acres of protected lands that includes the Kauffmann Forest and Percy State Forest.,It is part of a contiguous area of three thousand acres of protected lands that includes the kauffmann forest and percy state forest.,neutral
1256200_a_1-m,"No less than ten thousand feet in elevation, they are the third-, fourth-, and fifth-highest peaks in oregon.","no less than 1000 feet in elevation, they are the third-, fourth-, and fifth-highest peaks in Oregon.",entailment
1256200_a_2-m,"less than 10000 feet in elevation, they are the third-, fourth-, and fifth-highest peaks in Oregon.","One thousand feet in elevation, they are the third-, fourth-, and fifth-highest peaks in oregon.",neutral
1313125_a_0-m,"The land is generally low elevation and flat, and never more than three hundred kilometers from the sea, with winds generally blowing from the west.","The land is generally low elevation and flat, and never 800 kilometers from the sea, with winds generally blowing from the west.",neutral
1313125_a_1-m,"The land is generally low elevation and flat, and never 300 kilometers from the sea, with winds generally blowing from the west.","The land is generally low elevation and flat, and never no less than eight hundred kilometers from the sea, with winds generally blowing from the west.",contradiction
awp_comp_255_b_0-m,In a school there are seven hundred girls and the rest are boys.,In a school there are less than 800 girls and the rest are boys.,entailment
awp_comp_255_b_1-m,In a school there are no less than 700 girls and the rest are boys.,In a school there are no less than eight hundred girls and the rest are boys.,neutral
