problem-id,NLI Premise,NLI Hypothesis,Gold Label,template,formula
0000,2 toucans are sitting on a tree limb. 7 more toucan joins them.,There are 9 toucans in all.,entailment,t_add_000,add-005
0001,18 toucans are sitting on a tree limb. 16 more toucan joins them.,There are 34 toucans in all.,entailment,t_add_000,add-027
0002,80 toucans are sitting on a tree limb. 47 more toucan joins them.,There are 127 toucans in all.,entailment,t_add_000,add-039
0003,357 toucans are sitting on a tree limb. 98 more toucan joins them.,There are 455 toucans in all.,entailment,t_add_000,add-045
0004,585 toucans are sitting on a tree limb. 107 more toucan joins them.,There are 692 toucans in all.,entailment,t_add_000,add-052
0005,Haley's mom was buying extra school supplies for Haley and her sister. She bought 2 reams of paper for Haley and 2 reams for her sister.,Haley bought 4 reams of paper in total.,entailment,t_add_001,add-003
0006,Haley's mom was buying extra school supplies for Haley and her sister. She bought 56 reams of paper for Haley and 22 reams for her sister.,Haley bought 78 reams of paper in total.,entailment,t_add_001,add-028
0007,Haley's mom was buying extra school supplies for Haley and her sister. She bought 7126 reams of paper for Haley and 3225 reams for her sister.,Haley bought 10351 reams of paper in total.,entailment,t_add_001,add-065
0008,Haley's mom was buying extra school supplies for Haley and her sister. She bought 7337 reams of paper for Haley and 4087 reams for her sister.,Haley bought 11424 reams of paper in total.,entailment,t_add_001,add-068
0009,8 owls were sitting on the fence. 1 more owls joined them.,9 owls are on the fence now.,entailment,t_add_002,add-017
0010,47 owls were sitting on the fence. 7 more owls joined them.,54 owls are on the fence now.,entailment,t_add_002,add-032
0011,524 owls were sitting on the fence. 904 more owls joined them.,1428 owls are on the fence now.,entailment,t_add_002,add-049
0012,817 owls were sitting on the fence. 623 more owls joined them.,1440 owls are on the fence now.,entailment,t_add_002,add-057
0013,997 owls were sitting on the fence. 68 more owls joined them.,1065 owls are on the fence now.,entailment,t_add_002,add-060
0014,5425 owls were sitting on the fence. 7554 more owls joined them.,12979 owls are on the fence now.,entailment,t_add_002,add-074
0015,7762 owls were sitting on the fence. 1906 more owls joined them.,9668 owls are on the fence now.,entailment,t_add_002,add-080
0016,A chess club has 11 members. 12 new members are enrolled.,There are 23 total members in the chess club.,entailment,t_add_003,add-022
0017,A chess club has 500 members. 600 new members are enrolled.,There are 1100 total members in the chess club.,entailment,t_add_003,add-053
0018,A chess club has 11730 members. 86200 new members are enrolled.,There are 97930 total members in the chess club.,entailment,t_add_003,add-098
0019,"Every day, Ryan spends 53 hours on learning English and 776 hours on learning Chinese.",Ryan spends 829 hours on learning English and Chinese in all.,entailment,t_add_004,add-033
0020,"Every day, Ryan spends 76 hours on learning English and 6 hours on learning Chinese.",Ryan spends 82 hours on learning English and Chinese in all.,entailment,t_add_004,add-038
0021,"Every day, Ryan spends 93 hours on learning English and 57 hours on learning Chinese.",Ryan spends 150 hours on learning English and Chinese in all.,entailment,t_add_004,add-041
0022,"Every day, Ryan spends 790 hours on learning English and 210 hours on learning Chinese.",Ryan spends 1000 hours on learning English and Chinese in all.,entailment,t_add_004,add-056
0023,"Every day, Ryan spends 7654 hours on learning English and 6967 hours on learning Chinese.",Ryan spends 14621 hours on learning English and Chinese in all.,entailment,t_add_004,add-079
0024,"Every day, Ryan spends 75000 hours on learning English and 25000 hours on learning Chinese.",Ryan spends 100000 hours on learning English and Chinese in all.,entailment,t_add_004,add-087
0025,"Every day, Ryan spends 73040 hours on learning English and 37919 hours on learning Chinese.",Ryan spends 110959 hours on learning English and Chinese in all.,entailment,t_add_004,add-095
0026,"Every day, Ryan spends 76666 hours on learning English and 3560 hours on learning Chinese.",Ryan spends 80226 hours on learning English and Chinese in all.,entailment,t_add_004,add-097
0027,A group of 1 friends were playing video games. Later 1 more friends came over.,There were 2 people in total.,entailment,t_add_005,add-000
0028,A group of 6 friends were playing video games. Later 8 more friends came over.,There were 14 people in total.,entailment,t_add_005,add-013
0029,A group of 7 friends were playing video games. Later 5 more friends came over.,There were 12 people in total.,entailment,t_add_005,add-015
0030,A group of 12 friends were playing video games. Later 11 more friends came over.,There were 23 people in total.,entailment,t_add_005,add-022
0031,A group of 16 friends were playing video games. Later 8 more friends came over.,There were 24 people in total.,entailment,t_add_005,add-023
0032,A group of 2040 friends were playing video games. Later 2040 more friends came over.,There were 4080 people in total.,entailment,t_add_005,add-061
0033,A group of 4207 friends were playing video games. Later 34851 more friends came over.,There were 39058 people in total.,entailment,t_add_005,add-071
0034,Teacher buys 3 black pens and 3 blue pens for students as awards.,The teacher bought 6 pens altogether.,entailment,t_add_006,add-007
0035,Teacher buys 5 black pens and 7 blue pens for students as awards.,The teacher bought 12 pens altogether.,entailment,t_add_006,add-010
0036,Teacher buys 6 black pens and 3 blue pens for students as awards.,The teacher bought 9 pens altogether.,entailment,t_add_006,add-012
0037,Teacher buys 413 black pens and 261 blue pens for students as awards.,The teacher bought 674 pens altogether.,entailment,t_add_006,add-046
0038,Teacher buys 585 black pens and 107 blue pens for students as awards.,The teacher bought 692 pens altogether.,entailment,t_add_006,add-052
0039,Teacher buys 997 black pens and 68 blue pens for students as awards.,The teacher bought 1065 pens altogether.,entailment,t_add_006,add-060
0040,There are 2 boys and 4 girls in a preschool daycare.,There are 6 children in the daycare.,entailment,t_add_007,add-008
0041,There are 417 boys and 89 girls in a preschool daycare.,There are 506 children in the daycare.,entailment,t_add_007,add-040
0042,There are 98 boys and 357 girls in a preschool daycare.,There are 455 children in the daycare.,entailment,t_add_007,add-045
0043,Cody was helping his mom wash clothes. They washed 3 short sleeve shirts and 2 long sleeve shirts.,They washed 5 shirts in total.,entailment,t_add_008,add-004
0044,Cody was helping his mom wash clothes. They washed 56 short sleeve shirts and 22 long sleeve shirts.,They washed 78 shirts in total.,entailment,t_add_008,add-028
0045,Cody was helping his mom wash clothes. They washed 7 short sleeve shirts and 47 long sleeve shirts.,They washed 54 shirts in total.,entailment,t_add_008,add-032
0046,Cody was helping his mom wash clothes. They washed 776 short sleeve shirts and 53 long sleeve shirts.,They washed 829 shirts in total.,entailment,t_add_008,add-033
0047,Cody was helping his mom wash clothes. They washed 81 short sleeve shirts and 97 long sleeve shirts.,They washed 178 shirts in total.,entailment,t_add_008,add-042
0048,Cody was helping his mom wash clothes. They washed 8911 short sleeve shirts and 5406 long sleeve shirts.,They washed 14317 shirts in total.,entailment,t_add_008,add-073
0049,A designer was buying furniture for her new house. She bought 87 chairs for the living room and 60 for her kitchen.,A designer bought 147 chairs in total.,entailment,t_add_009,add-034
0050,A designer was buying furniture for her new house. She bought 220 chairs for the living room and 6903 for her kitchen.,A designer bought 7123 chairs in total.,entailment,t_add_009,add-076
0051,A designer was buying furniture for her new house. She bought 85341 chairs for the living room and 52384 for her kitchen.,A designer bought 137725 chairs in total.,entailment,t_add_009,add-091
0052,Amy was buying different soups. She bought 2470 cans of chicken soup and 9992 cans of tomato soup.,Amy bought 12462 soups.,entailment,t_add_010,add-064
0053,Amy was buying different soups. She bought 12513 cans of chicken soup and 70727 cans of tomato soup.,Amy bought 83240 soups.,entailment,t_add_010,add-084
0054,Amy was buying different soups. She bought 31926 cans of chicken soup and 25103 cans of tomato soup.,Amy bought 57029 soups.,entailment,t_add_010,add-086
0055,Amy was buying different soups. She bought 46942 cans of chicken soup and 54572 cans of tomato soup.,Amy bought 101514 soups.,entailment,t_add_010,add-089
0056,There are 10 roses and 3 carnations in a vase.,There are 13 flowers in the vase in all.,entailment,t_add_011,add-020
0057,There are 47 roses and 7 carnations in a vase.,There are 54 flowers in the vase in all.,entailment,t_add_011,add-032
0058,There are 62 roses and 2 carnations in a vase.,There are 64 flowers in the vase in all.,entailment,t_add_011,add-035
0059,There are 413 roses and 261 carnations in a vase.,There are 674 flowers in the vase in all.,entailment,t_add_011,add-046
0060,There are 546 roses and 762 carnations in a vase.,There are 1308 flowers in the vase in all.,entailment,t_add_011,add-050
0061,There are 574 roses and 41 carnations in a vase.,There are 615 flowers in the vase in all.,entailment,t_add_011,add-055
0062,There are 915 roses and 800 carnations in a vase.,There are 1715 flowers in the vase in all.,entailment,t_add_011,add-058
0063,There are 4087 roses and 7337 carnations in a vase.,There are 11424 flowers in the vase in all.,entailment,t_add_011,add-068
0064,There are 9222 roses and 20 carnations in a vase.,There are 9242 flowers in the vase in all.,entailment,t_add_011,add-082
0065,There are 52384 roses and 85341 carnations in a vase.,There are 137725 flowers in the vase in all.,entailment,t_add_011,add-091
0066,Amy's dad was taking everyone out to eat for her birthday. They spent 47 dollars on the adults and 7 dollars on the kids.,It cost 54 dollars for everyone.,entailment,t_add_012,add-032
0067,Amy's dad was taking everyone out to eat for her birthday. They spent 73 dollars on the adults and 35 dollars on the kids.,It cost 108 dollars for everyone.,entailment,t_add_012,add-037
0068,Amy's dad was taking everyone out to eat for her birthday. They spent 357 dollars on the adults and 98 dollars on the kids.,It cost 455 dollars for everyone.,entailment,t_add_012,add-045
0069,Amy's dad was taking everyone out to eat for her birthday. They spent 574 dollars on the adults and 41 dollars on the kids.,It cost 615 dollars for everyone.,entailment,t_add_012,add-055
0070,Amy's dad was taking everyone out to eat for her birthday. They spent 3878 dollars on the adults and 83 dollars on the kids.,It cost 3961 dollars for everyone.,entailment,t_add_012,add-067
0071,Amy's dad was taking everyone out to eat for her birthday. They spent 7654 dollars on the adults and 6967 dollars on the kids.,It cost 14621 dollars for everyone.,entailment,t_add_012,add-079
0072,Amy's dad was taking everyone out to eat for her birthday. They spent 9000 dollars on the adults and 1200 dollars on the kids.,It cost 10200 dollars for everyone.,entailment,t_add_012,add-081
0073,Amy's dad was taking everyone out to eat for her birthday. They spent 10447 dollars on the adults and 53292 dollars on the kids.,It cost 63739 dollars for everyone.,entailment,t_add_012,add-083
0074,There are 2 crayons in the drawer and Mary put 8 more crayons in the drawer,10 crayons are in the drawer now,entailment,t_add_013,add-006
0075,There are 6 crayons in the drawer and Mary put 8 more crayons in the drawer,14 crayons are in the drawer now,entailment,t_add_013,add-013
0076,There are 53 crayons in the drawer and Mary put 776 more crayons in the drawer,829 crayons are in the drawer now,entailment,t_add_013,add-033
0077,There are 62 crayons in the drawer and Mary put 2 more crayons in the drawer,64 crayons are in the drawer now,entailment,t_add_013,add-035
0078,There are 73 crayons in the drawer and Mary put 35 more crayons in the drawer,108 crayons are in the drawer now,entailment,t_add_013,add-037
0079,There are 790 crayons in the drawer and Mary put 210 more crayons in the drawer,1000 crayons are in the drawer now,entailment,t_add_013,add-056
0080,There are 2255 crayons in the drawer and Mary put 548 more crayons in the drawer,2803 crayons are in the drawer now,entailment,t_add_013,add-063
0081,There are 5425 crayons in the drawer and Mary put 7554 more crayons in the drawer,12979 crayons are in the drawer now,entailment,t_add_013,add-074
0082,There are 90000 crayons in the drawer and Mary put 95397 more crayons in the drawer,185397 crayons are in the drawer now,entailment,t_add_013,add-099
0083,Allan brought 12 balloons to the park. Jake brought 15 more balloons than the number of balloons that Allan brought.,Jake brought 27 balloons to the park.,entailment,t_add_014,add-025
0084,Mary's mom is getting ready for Mary's birthday party. She blew up 2 balloons this morning and 2 balloons this afternoon.,Mary blew up 4 balloons in all.,entailment,t_add_015,add-003
0085,Mary's mom is getting ready for Mary's birthday party. She blew up 3 balloons this morning and 3 balloons this afternoon.,Mary blew up 6 balloons in all.,entailment,t_add_015,add-007
0086,Mary's mom is getting ready for Mary's birthday party. She blew up 7 balloons this morning and 1 balloons this afternoon.,Mary blew up 8 balloons in all.,entailment,t_add_015,add-014
0087,Mary's mom is getting ready for Mary's birthday party. She blew up 30 balloons this morning and 3 balloons this afternoon.,Mary blew up 33 balloons in all.,entailment,t_add_015,add-026
0088,Mary's mom is getting ready for Mary's birthday party. She blew up 18 balloons this morning and 16 balloons this afternoon.,Mary blew up 34 balloons in all.,entailment,t_add_015,add-027
0089,Mary's mom is getting ready for Mary's birthday party. She blew up 60 balloons this morning and 87 balloons this afternoon.,Mary blew up 147 balloons in all.,entailment,t_add_015,add-034
0090,Mary's mom is getting ready for Mary's birthday party. She blew up 423 balloons this morning and 883 balloons this afternoon.,Mary blew up 1306 balloons in all.,entailment,t_add_015,add-047
0091,Mary's mom is getting ready for Mary's birthday party. She blew up 790 balloons this morning and 210 balloons this afternoon.,Mary blew up 1000 balloons in all.,entailment,t_add_015,add-056
0092,Mary's mom is getting ready for Mary's birthday party. She blew up 75292 balloons this morning and 18823 balloons this afternoon.,Mary blew up 94115 balloons in all.,entailment,t_add_015,add-088
0093,Mary's mom is getting ready for Mary's birthday party. She blew up 73276 balloons this morning and 73276 balloons this afternoon.,Mary blew up 146552 balloons in all.,entailment,t_add_015,add-096
0094,A mailman had to give 3 pieces of junk mail and 3 magazines to a house.,A mailman delivered 6 pieces of mail in total.,entailment,t_add_016,add-007
0095,A mailman had to give 11 pieces of junk mail and 33 magazines to a house.,A mailman delivered 44 pieces of mail in total.,entailment,t_add_016,add-021
0096,A mailman had to give 14 pieces of junk mail and 7 magazines to a house.,A mailman delivered 21 pieces of mail in total.,entailment,t_add_016,add-030
0097,At the school Halloween party 776 girls and 53 boys dressed as ghosts.,A total of 829 people dressed as a ghost.,entailment,t_add_017,add-033
0098,At the school Halloween party 35 girls and 73 boys dressed as ghosts.,A total of 108 people dressed as a ghost.,entailment,t_add_017,add-037
0099,At the school Halloween party 417 girls and 89 boys dressed as ghosts.,A total of 506 people dressed as a ghost.,entailment,t_add_017,add-040
0100,At the school Halloween party 57 girls and 93 boys dressed as ghosts.,A total of 150 people dressed as a ghost.,entailment,t_add_017,add-041
0101,At the school Halloween party 762 girls and 546 boys dressed as ghosts.,A total of 1308 people dressed as a ghost.,entailment,t_add_017,add-050
0102,At the school Halloween party 800 girls and 915 boys dressed as ghosts.,A total of 1715 people dressed as a ghost.,entailment,t_add_017,add-058
0103,At the school Halloween party 18823 girls and 75292 boys dressed as ghosts.,A total of 94115 people dressed as a ghost.,entailment,t_add_017,add-088
0104,Debby was placing her spare change into stacks. One stack had 1 coins and the other had 1.,Debby had 2 coins in total.,entailment,t_add_018,add-000
0105,Debby was placing her spare change into stacks. One stack had 3 coins and the other had 3.,Debby had 6 coins in total.,entailment,t_add_018,add-007
0106,Debby was placing her spare change into stacks. One stack had 1 coins and the other had 8.,Debby had 9 coins in total.,entailment,t_add_018,add-017
0107,Debby was placing her spare change into stacks. One stack had 776 coins and the other had 53.,Debby had 829 coins in total.,entailment,t_add_018,add-033
0108,Debby was placing her spare change into stacks. One stack had 35 coins and the other had 73.,Debby had 108 coins in total.,entailment,t_add_018,add-037
0109,Debby was placing her spare change into stacks. One stack had 107 coins and the other had 585.,Debby had 692 coins in total.,entailment,t_add_018,add-052
0110,Debby was placing her spare change into stacks. One stack had 7126 coins and the other had 3225.,Debby had 10351 coins in total.,entailment,t_add_018,add-065
0111,Debby was placing her spare change into stacks. One stack had 22 coins and the other had 9086.,Debby had 9108 coins in total.,entailment,t_add_018,add-072
0112,Debby was placing her spare change into stacks. One stack had 53292 coins and the other had 10447.,Debby had 63739 coins in total.,entailment,t_add_018,add-083
0113,Debby was placing her spare change into stacks. One stack had 25000 coins and the other had 75000.,Debby had 100000 coins in total.,entailment,t_add_018,add-087
0114,A restaurant served 5 pizzas during lunch and 7 during dinner today .,12 pizzas were served today,entailment,t_add_021,add-010
0115,A restaurant served 6 pizzas during lunch and 1 during dinner today .,7 pizzas were served today,entailment,t_add_021,add-011
0116,A restaurant served 11 pizzas during lunch and 33 during dinner today .,44 pizzas were served today,entailment,t_add_021,add-021
0117,A restaurant served 14 pizzas during lunch and 41 during dinner today .,55 pizzas were served today,entailment,t_add_021,add-024
0118,A restaurant served 524 pizzas during lunch and 904 during dinner today .,1428 pizzas were served today,entailment,t_add_021,add-049
0119,A restaurant served 600 pizzas during lunch and 500 during dinner today .,1100 pizzas were served today,entailment,t_add_021,add-053
0120,A restaurant served 2470 pizzas during lunch and 9992 during dinner today .,12462 pizzas were served today,entailment,t_add_021,add-064
0121,A restaurant served 4100 pizzas during lunch and 6900 during dinner today .,11000 pizzas were served today,entailment,t_add_021,add-069
0122,Sarah bought 5 new shirts for school. She already had 4 shirts.,Sarah owned 9 new shirts in total.,entailment,t_add_022,add-009
0123,Sarah bought 11 new shirts for school. She already had 12 shirts.,Sarah owned 23 new shirts in total.,entailment,t_add_022,add-022
0124,Sarah bought 8 new shirts for school. She already had 16 shirts.,Sarah owned 24 new shirts in total.,entailment,t_add_022,add-023
0125,Sarah bought 740 new shirts for school. She already had 62 shirts.,Sarah owned 802 new shirts in total.,entailment,t_add_022,add-036
0126,Sarah bought 81 new shirts for school. She already had 97 shirts.,Sarah owned 178 new shirts in total.,entailment,t_add_022,add-042
0127,Sarah bought 632 new shirts for school. She already had 560 shirts.,Sarah owned 1192 new shirts in total.,entailment,t_add_022,add-051
0128,Sarah bought 70727 new shirts for school. She already had 12513 shirts.,Sarah owned 83240 new shirts in total.,entailment,t_add_022,add-084
0129,Sarah bought 1570 new shirts for school. She already had 16864 shirts.,Sarah owned 18434 new shirts in total.,entailment,t_add_022,add-085
0130,Sarah bought 18823 new shirts for school. She already had 75292 shirts.,Sarah owned 94115 new shirts in total.,entailment,t_add_022,add-088
0131,Haley grew some trees in her backyard. After a typhoon 776 died. 53 trees were left.,Haley grew 829 trees.,entailment,t_add_023,add-033
0132,Haley grew some trees in her backyard. After a typhoon 98 died. 357 trees were left.,Haley grew 455 trees.,entailment,t_add_023,add-045
0133,Jovana filled her bucket with 1 pounds of shells. She adds 1 more pounds of shell to fill her bucket.,Jovana has 2 pounds now.,entailment,t_add_024,add-000
0134,Jovana filled her bucket with 7 pounds of shells. She adds 2 more pounds of shell to fill her bucket.,Jovana has 9 pounds now.,entailment,t_add_024,add-005
0135,Jovana filled her bucket with 3 pounds of shells. She adds 6 more pounds of shell to fill her bucket.,Jovana has 9 pounds now.,entailment,t_add_024,add-012
0136,Jovana filled her bucket with 6 pounds of shells. She adds 7 more pounds of shell to fill her bucket.,Jovana has 13 pounds now.,entailment,t_add_024,add-016
0137,Jovana filled her bucket with 41 pounds of shells. She adds 14 more pounds of shell to fill her bucket.,Jovana has 55 pounds now.,entailment,t_add_024,add-024
0138,Jovana filled her bucket with 97 pounds of shells. She adds 945 more pounds of shell to fill her bucket.,Jovana has 1042 pounds now.,entailment,t_add_024,add-059
0139,Jovana filled her bucket with 34851 pounds of shells. She adds 4207 more pounds of shell to fill her bucket.,Jovana has 39058 pounds now.,entailment,t_add_024,add-071
0140,Jovana filled her bucket with 50745 pounds of shells. She adds 6494 more pounds of shell to fill her bucket.,Jovana has 57239 pounds now.,entailment,t_add_024,add-075
0141,Jovana filled her bucket with 21709 pounds of shells. She adds 49790 more pounds of shell to fill her bucket.,Jovana has 71499 pounds now.,entailment,t_add_024,add-090
0142,Jovana filled her bucket with 37919 pounds of shells. She adds 73040 more pounds of shell to fill her bucket.,Jovana has 110959 pounds now.,entailment,t_add_024,add-095
0143,A waiter had some customers. After 11 customers left he still had 12 customers.,There were 23 customers at the start.,entailment,t_add_025,add-022
0144,A waiter had some customers. After 740 customers left he still had 62 customers.,There were 802 customers at the start.,entailment,t_add_025,add-036
0145,There were 3 roses in the vase and Mary cut some roses from her flower garden and put 6 more roses in the vase,9 roses are now in the vase,entailment,t_add_026,add-012
0146,There were 1 roses in the vase and Mary cut some roses from her flower garden and put 8 more roses in the vase,9 roses are now in the vase,entailment,t_add_026,add-017
0147,There were 56 roses in the vase and Mary cut some roses from her flower garden and put 22 more roses in the vase,78 roses are now in the vase,entailment,t_add_026,add-028
0148,There were 800 roses in the vase and Mary cut some roses from her flower garden and put 915 more roses in the vase,1715 roses are now in the vase,entailment,t_add_026,add-058
0149,There were 2040 roses in the vase and Mary cut some roses from her flower garden and put 2040 more roses in the vase,4080 roses are now in the vase,entailment,t_add_026,add-061
0150,There were 1906 roses in the vase and Mary cut some roses from her flower garden and put 7762 more roses in the vase,9668 roses are now in the vase,entailment,t_add_026,add-080
0151,There were 37919 roses in the vase and Mary cut some roses from her flower garden and put 73040 more roses in the vase,110959 roses are now in the vase,entailment,t_add_026,add-095
0152,Mark has 423 trees in his backyard. He plants 883 more.,Mark will have 1306 trees.,entailment,t_add_027,add-047
0153,Lucy went to the grocery store. She bought 776 packs of cookies and 53 packs of noodles.,Lucy bought 829 packs of groceries in all.,entailment,t_add_028,add-033
0154,Lucy went to the grocery store. She bought 261 packs of cookies and 413 packs of noodles.,Lucy bought 674 packs of groceries in all.,entailment,t_add_028,add-046
0155,Lucy went to the grocery store. She bought 19152 packs of cookies and 618 packs of noodles.,Lucy bought 19770 packs of groceries in all.,entailment,t_add_028,add-054
0156,Lucy went to the grocery store. She bought 9992 packs of cookies and 2470 packs of noodles.,Lucy bought 12462 packs of groceries in all.,entailment,t_add_028,add-064
0157,Lucy went to the grocery store. She bought 260 packs of cookies and 7020 packs of noodles.,Lucy bought 7280 packs of groceries in all.,entailment,t_add_028,add-077
0158,Lucy went to the grocery store. She bought 6967 packs of cookies and 7654 packs of noodles.,Lucy bought 14621 packs of groceries in all.,entailment,t_add_028,add-079
0159,The grasshopper and the frog had a jumping contest. The grasshopper jumped 9 inches. The frog jumped 3 inches farther than the grasshopper.,The frog jumped 12 inches.,entailment,t_add_031,add-019
0160,The grasshopper and the frog had a jumping contest. The grasshopper jumped 357 inches. The frog jumped 98 inches farther than the grasshopper.,The frog jumped 455 inches.,entailment,t_add_031,add-045
0161,The grasshopper and the frog had a jumping contest. The grasshopper jumped 600 inches. The frog jumped 500 inches farther than the grasshopper.,The frog jumped 1100 inches.,entailment,t_add_031,add-053
0162,Marco and his dad went strawberry picking. His strawberries weighed 1 pounds while his dad's strawberries weighed 8 pounds.,Their strawberries weigh 9 pounds together.,entailment,t_add_032,add-017
0163,Marco and his dad went strawberry picking. His strawberries weighed 41 pounds while his dad's strawberries weighed 14 pounds.,Their strawberries weigh 55 pounds together.,entailment,t_add_032,add-024
0164,Marco and his dad went strawberry picking. His strawberries weighed 35 pounds while his dad's strawberries weighed 73 pounds.,Their strawberries weigh 108 pounds together.,entailment,t_add_032,add-037
0165,Marco and his dad went strawberry picking. His strawberries weighed 98 pounds while his dad's strawberries weighed 357 pounds.,Their strawberries weigh 455 pounds together.,entailment,t_add_032,add-045
0166,Marco and his dad went strawberry picking. His strawberries weighed 68 pounds while his dad's strawberries weighed 997 pounds.,Their strawberries weigh 1065 pounds together.,entailment,t_add_032,add-060
0167,Marco and his dad went strawberry picking. His strawberries weighed 7337 pounds while his dad's strawberries weighed 4087 pounds.,Their strawberries weigh 11424 pounds together.,entailment,t_add_032,add-068
0168,Marco and his dad went strawberry picking. His strawberries weighed 50745 pounds while his dad's strawberries weighed 6494 pounds.,Their strawberries weigh 57239 pounds together.,entailment,t_add_032,add-075
0169,Marco and his dad went strawberry picking. His strawberries weighed 73360 pounds while his dad's strawberries weighed 64237 pounds.,Their strawberries weigh 137597 pounds together.,entailment,t_add_032,add-093
0170,Jose has 8 chickens and 2 ducks.,Jose has 10 fowls.,entailment,t_add_033,add-018
0171,Jose has 73 chickens and 35 ducks.,Jose has 108 fowls.,entailment,t_add_033,add-037
0172,Jose has 574 chickens and 41 ducks.,Jose has 615 fowls.,entailment,t_add_033,add-055
0173,Jose has 2040 chickens and 2040 ducks.,Jose has 4080 fowls.,entailment,t_add_033,add-061
0174,Jose has 2050 chickens and 1830 ducks.,Jose has 3880 fowls.,entailment,t_add_033,add-062
0175,Jose has 4087 chickens and 7337 ducks.,Jose has 11424 fowls.,entailment,t_add_033,add-068
0176,Jose has 12513 chickens and 70727 ducks.,Jose has 83240 fowls.,entailment,t_add_033,add-084
0177,Charlie has 2 more snowballs than Lucy. She has 3 snowballs.,Charlie has 5 snowballs.,entailment,t_add_034,add-004
0178,Charlie has 8 more snowballs than Lucy. She has 1 snowballs.,Charlie has 9 snowballs.,entailment,t_add_034,add-017
0179,Charlie has 42 more snowballs than Lucy. She has 93 snowballs.,Charlie has 135 snowballs.,entailment,t_add_034,add-031
0180,Charlie has 6903 more snowballs than Lucy. She has 220 snowballs.,Charlie has 7123 snowballs.,entailment,t_add_034,add-076
0181,Charlie has 16864 more snowballs than Lucy. She has 1570 snowballs.,Charlie has 18434 snowballs.,entailment,t_add_034,add-085
0182,Charlie has 75000 more snowballs than Lucy. She has 25000 snowballs.,Charlie has 100000 snowballs.,entailment,t_add_034,add-087
0183,Charlie has 46942 more snowballs than Lucy. She has 54572 snowballs.,Charlie has 101514 snowballs.,entailment,t_add_034,add-089
0184,"Sarah had some trucks. She gave 7 to Jeff, and now she has 5 trucks left.",Sarah had 12 trucks to start with.,entailment,t_add_036,add-010
0185,"Sarah had some trucks. She gave 3 to Jeff, and now she has 6 trucks left.",Sarah had 9 trucks to start with.,entailment,t_add_036,add-012
0186,"Sarah had some trucks. She gave 632 to Jeff, and now she has 560 trucks left.",Sarah had 1192 trucks to start with.,entailment,t_add_036,add-051
0187,"Sarah had some trucks. She gave 260 to Jeff, and now she has 7020 trucks left.",Sarah had 7280 trucks to start with.,entailment,t_add_036,add-077
0188,"Sarah had some trucks. She gave 25000 to Jeff, and now she has 75000 trucks left.",Sarah had 100000 trucks to start with.,entailment,t_add_036,add-087
0189,"Sarah had some trucks. She gave 21709 to Jeff, and now she has 49790 trucks left.",Sarah had 71499 trucks to start with.,entailment,t_add_036,add-090
0190,"Sarah had some trucks. She gave 95397 to Jeff, and now she has 90000 trucks left.",Sarah had 185397 trucks to start with.,entailment,t_add_036,add-099
0191,Denise adds 87 bananas to a jar and there were originally 60 bananas in the jar,147 bananas are left in the jar,entailment,t_add_037,add-034
0192,Paco ate 9 cookies and had 1 cookies left.,Paco had 10 cookies in the beginning.,entailment,t_add_038,add-002
0193,Paco ate 261 cookies and had 413 cookies left.,Paco had 674 cookies in the beginning.,entailment,t_add_038,add-046
0194,Paco ate 500 cookies and had 600 cookies left.,Paco had 1100 cookies in the beginning.,entailment,t_add_038,add-053
0195,Paco ate 1330 cookies and had 3740 cookies left.,Paco had 5070 cookies in the beginning.,entailment,t_add_038,add-066
0196,Paco ate 3560 cookies and had 76666 cookies left.,Paco had 80226 cookies in the beginning.,entailment,t_add_038,add-097
0197,Mrs. Sheridan has 2 cats and she bought 4 more,She has 6 cats now,entailment,t_add_039,add-008
0198,Mrs. Sheridan has 3 cats and she bought 30 more,She has 33 cats now,entailment,t_add_039,add-026
0199,Mrs. Sheridan has 77 cats and she bought 26 more,She has 103 cats now,entailment,t_add_039,add-029
0200,Mrs. Sheridan has 57 cats and she bought 93 more,She has 150 cats now,entailment,t_add_039,add-041
0201,Mrs. Sheridan has 9992 cats and she bought 2470 more,She has 12462 cats now,entailment,t_add_039,add-064
0202,Mrs. Sheridan has 34851 cats and she bought 4207 more,She has 39058 cats now,entailment,t_add_039,add-071
0203,Mrs. Sheridan has 7554 cats and she bought 5425 more,She has 12979 cats now,entailment,t_add_039,add-074
0204,Mrs. Sheridan has 50745 cats and she bought 6494 more,She has 57239 cats now,entailment,t_add_039,add-075
0205,Elizabeth studied 3 minutes for her science test. She studied 2 minutes for her math test.,Elizabeth studied for 5 minutes altogether.,entailment,t_add_040,add-004
0206,Elizabeth studied 7 minutes for her science test. She studied 2 minutes for her math test.,Elizabeth studied for 9 minutes altogether.,entailment,t_add_040,add-005
0207,Elizabeth studied 3 minutes for her science test. She studied 6 minutes for her math test.,Elizabeth studied for 9 minutes altogether.,entailment,t_add_040,add-012
0208,Elizabeth studied 1 minutes for her science test. She studied 7 minutes for her math test.,Elizabeth studied for 8 minutes altogether.,entailment,t_add_040,add-014
0209,Elizabeth studied 98 minutes for her science test. She studied 357 minutes for her math test.,Elizabeth studied for 455 minutes altogether.,entailment,t_add_040,add-045
0210,Elizabeth studied 883 minutes for her science test. She studied 423 minutes for her math test.,Elizabeth studied for 1306 minutes altogether.,entailment,t_add_040,add-047
0211,Elizabeth studied 7337 minutes for her science test. She studied 4087 minutes for her math test.,Elizabeth studied for 11424 minutes altogether.,entailment,t_add_040,add-068
0212,Elizabeth studied 6900 minutes for her science test. She studied 4100 minutes for her math test.,Elizabeth studied for 11000 minutes altogether.,entailment,t_add_040,add-069
0213,Elizabeth studied 9018 minutes for her science test. She studied 4149 minutes for her math test.,Elizabeth studied for 13167 minutes altogether.,entailment,t_add_040,add-070
0214,Elizabeth studied 6967 minutes for her science test. She studied 7654 minutes for her math test.,Elizabeth studied for 14621 minutes altogether.,entailment,t_add_040,add-079
0215,6 campers went rowing in the morning. 1 campers went rowing in the afternoon.,7 campers went rowing in all.,entailment,t_add_041,add-011
0216,6 campers went rowing in the morning. 3 campers went rowing in the afternoon.,9 campers went rowing in all.,entailment,t_add_041,add-012
0217,11 campers went rowing in the morning. 33 campers went rowing in the afternoon.,44 campers went rowing in all.,entailment,t_add_041,add-021
0218,997 campers went rowing in the morning. 68 campers went rowing in the afternoon.,1065 campers went rowing in all.,entailment,t_add_041,add-060
0219,3740 campers went rowing in the morning. 1330 campers went rowing in the afternoon.,5070 campers went rowing in all.,entailment,t_add_041,add-066
0220,4087 campers went rowing in the morning. 7337 campers went rowing in the afternoon.,11424 campers went rowing in all.,entailment,t_add_041,add-068
0221,16864 campers went rowing in the morning. 1570 campers went rowing in the afternoon.,18434 campers went rowing in all.,entailment,t_add_041,add-085
0222,75000 campers went rowing in the morning. 25000 campers went rowing in the afternoon.,100000 campers went rowing in all.,entailment,t_add_041,add-087
0223,52384 campers went rowing in the morning. 85341 campers went rowing in the afternoon.,137725 campers went rowing in all.,entailment,t_add_041,add-091
0224,60874 campers went rowing in the morning. 44542 campers went rowing in the afternoon.,105416 campers went rowing in all.,entailment,t_add_041,add-094
0225,Robin has 2 pieces of gum and her brother gave her 2 more pieces,Robin has 4 pieces of gum now,entailment,t_add_042,add-003
0226,Zachary did 2 push-ups in gym class today. David did 7 more push-ups than Zachary.,David did 9 push-ups.,entailment,t_add_043,add-005
0227,Zachary did 5 push-ups in gym class today. David did 7 more push-ups than Zachary.,David did 12 push-ups.,entailment,t_add_043,add-010
0228,Zachary did 10 push-ups in gym class today. David did 3 more push-ups than Zachary.,David did 13 push-ups.,entailment,t_add_043,add-020
0229,Zachary did 585 push-ups in gym class today. David did 107 more push-ups than Zachary.,David did 692 push-ups.,entailment,t_add_043,add-052
0230,Zachary did 915 push-ups in gym class today. David did 800 more push-ups than Zachary.,David did 1715 push-ups.,entailment,t_add_043,add-058
0231,Zachary did 4100 push-ups in gym class today. David did 6900 more push-ups than Zachary.,David did 11000 push-ups.,entailment,t_add_043,add-069
0232,Zachary did 10447 push-ups in gym class today. David did 53292 more push-ups than Zachary.,David did 63739 push-ups.,entailment,t_add_043,add-083
0233,Zachary did 73276 push-ups in gym class today. David did 73276 more push-ups than Zachary.,David did 146552 push-ups.,entailment,t_add_043,add-096
0234,"Joe had 76 toy cars, and he gets 6 more cars",He will have 82 cars then,entailment,t_add_044,add-038
0235,Paul had 8 strawberries in his basket. He picked 2 more strawberries.,Paul had 10 strawberries then.,entailment,t_add_045,add-006
0236,Paul had 3 strawberries in his basket. He picked 10 more strawberries.,Paul had 13 strawberries then.,entailment,t_add_045,add-020
0237,Paul had 93 strawberries in his basket. He picked 42 more strawberries.,Paul had 135 strawberries then.,entailment,t_add_045,add-031
0238,Paul had 7 strawberries in his basket. He picked 47 more strawberries.,Paul had 54 strawberries then.,entailment,t_add_045,add-032
0239,Paul had 261 strawberries in his basket. He picked 413 more strawberries.,Paul had 674 strawberries then.,entailment,t_add_045,add-046
0240,Paul had 883 strawberries in his basket. He picked 423 more strawberries.,Paul had 1306 strawberries then.,entailment,t_add_045,add-047
0241,Paul had 97 strawberries in his basket. He picked 945 more strawberries.,Paul had 1042 strawberries then.,entailment,t_add_045,add-059
0242,Paul had 7554 strawberries in his basket. He picked 5425 more strawberries.,Paul had 12979 strawberries then.,entailment,t_add_045,add-074
0243,Paul had 1570 strawberries in his basket. He picked 16864 more strawberries.,Paul had 18434 strawberries then.,entailment,t_add_045,add-085
0244,Paul had 18823 strawberries in his basket. He picked 75292 more strawberries.,Paul had 94115 strawberries then.,entailment,t_add_045,add-088
0245,"After the final bell rang, Buddy ran to the school bus with his new friends. On his ride home, he counted 6 students sitting on the left side of the bus and 1 sitting on the right.",There are 7 students on the bus ride home.,entailment,t_add_046,add-011
0246,"After the final bell rang, Buddy ran to the school bus with his new friends. On his ride home, he counted 945 students sitting on the left side of the bus and 97 sitting on the right.",There are 1042 students on the bus ride home.,entailment,t_add_046,add-059
0247,"After the final bell rang, Buddy ran to the school bus with his new friends. On his ride home, he counted 5406 students sitting on the left side of the bus and 8911 sitting on the right.",There are 14317 students on the bus ride home.,entailment,t_add_046,add-073
0248,"After collecting materials, they started making recycled products to sell during the school's recycling fair. Marcus made 5 pen holders from the milk bottles and Annie was able to make 4.",They made 9 pen holders.,entailment,t_add_047,add-009
0249,"After collecting materials, they started making recycled products to sell during the school's recycling fair. Marcus made 77 pen holders from the milk bottles and Annie was able to make 26.",They made 103 pen holders.,entailment,t_add_047,add-029
0250,"After collecting materials, they started making recycled products to sell during the school's recycling fair. Marcus made 81 pen holders from the milk bottles and Annie was able to make 97.",They made 178 pen holders.,entailment,t_add_047,add-042
0251,"After collecting materials, they started making recycled products to sell during the school's recycling fair. Marcus made 1330 pen holders from the milk bottles and Annie was able to make 3740.",They made 5070 pen holders.,entailment,t_add_047,add-066
0252,"After collecting materials, they started making recycled products to sell during the school's recycling fair. Marcus made 18823 pen holders from the milk bottles and Annie was able to make 75292.",They made 94115 pen holders.,entailment,t_add_047,add-088
0253,"After collecting materials, they started making recycled products to sell during the school's recycling fair. Marcus made 11730 pen holders from the milk bottles and Annie was able to make 86200.",They made 97930 pen holders.,entailment,t_add_047,add-098
0254,Danny has 8 bottle caps in his collection. He found 16 bottle caps at the park.,Danny has 24 bottle caps now.,entailment,t_add_048,add-023
0255,Danny has 97 bottle caps in his collection. He found 945 bottle caps at the park.,Danny has 1042 bottle caps now.,entailment,t_add_048,add-059
0256,Danny has 1330 bottle caps in his collection. He found 3740 bottle caps at the park.,Danny has 5070 bottle caps now.,entailment,t_add_048,add-066
0257,Danny has 34851 bottle caps in his collection. He found 4207 bottle caps at the park.,Danny has 39058 bottle caps now.,entailment,t_add_048,add-071
0258,Danny has 1570 bottle caps in his collection. He found 16864 bottle caps at the park.,Danny has 18434 bottle caps now.,entailment,t_add_048,add-085
0259,Danny has 21709 bottle caps in his collection. He found 49790 bottle caps at the park.,Danny has 71499 bottle caps now.,entailment,t_add_048,add-090
0260,Daniel had some noodles. He gave 7 noodles to William. Now Daniel only has 5 noodles.,Daniel had 12 noodles to begin with.,entailment,t_add_049,add-010
0261,Daniel had some noodles. He gave 1 noodles to William. Now Daniel only has 8 noodles.,Daniel had 9 noodles to begin with.,entailment,t_add_049,add-017
0262,Daniel had some noodles. He gave 3 noodles to William. Now Daniel only has 30 noodles.,Daniel had 33 noodles to begin with.,entailment,t_add_049,add-026
0263,Daniel had some noodles. He gave 740 noodles to William. Now Daniel only has 62 noodles.,Daniel had 802 noodles to begin with.,entailment,t_add_049,add-036
0264,Daniel had some noodles. He gave 1830 noodles to William. Now Daniel only has 2050 noodles.,Daniel had 3880 noodles to begin with.,entailment,t_add_049,add-062
0265,Daniel had some noodles. He gave 9992 noodles to William. Now Daniel only has 2470 noodles.,Daniel had 12462 noodles to begin with.,entailment,t_add_049,add-064
0266,Daniel had some noodles. He gave 83 noodles to William. Now Daniel only has 3878 noodles.,Daniel had 3961 noodles to begin with.,entailment,t_add_049,add-067
0267,Daniel had some noodles. He gave 6900 noodles to William. Now Daniel only has 4100 noodles.,Daniel had 11000 noodles to begin with.,entailment,t_add_049,add-069
0268,Daniel had some noodles. He gave 70727 noodles to William. Now Daniel only has 12513 noodles.,Daniel had 83240 noodles to begin with.,entailment,t_add_049,add-084
0269,Sara had 1 quarters in her bank and her dad gave her 1 more quarters,She has 2 quarters now,entailment,t_add_050,add-000
0270,Sara had 41 quarters in her bank and her dad gave her 574 more quarters,She has 615 quarters now,entailment,t_add_050,add-055
0271,Todd has 7 pieces of gum and Steve gave him 1 more pieces,Todd has 8 pieces of gum now,entailment,t_add_051,add-014
0272,Todd has 574 pieces of gum and Steve gave him 41 more pieces,Todd has 615 pieces of gum now,entailment,t_add_051,add-055
0273,Todd has 915 pieces of gum and Steve gave him 800 more pieces,Todd has 1715 pieces of gum now,entailment,t_add_051,add-058
0274,Todd has 945 pieces of gum and Steve gave him 97 more pieces,Todd has 1042 pieces of gum now,entailment,t_add_051,add-059
0275,There are 97 rulers in the drawer and Tim put 81 more rulers into the drawer,178 rulers are now in the drawer,entailment,t_add_052,add-042
0276,Mrs. Santiago has 5 red roses and Mrs. Garrett has 7,The total number of roses is 12,entailment,t_add_053,add-010
0277,Mrs. Santiago has 6 red roses and Mrs. Garrett has 8,The total number of roses is 14,entailment,t_add_053,add-013
0278,Mrs. Santiago has 16 red roses and Mrs. Garrett has 8,The total number of roses is 24,entailment,t_add_053,add-023
0279,Mrs. Santiago has 18 red roses and Mrs. Garrett has 16,The total number of roses is 34,entailment,t_add_053,add-027
0280,Mrs. Santiago has 423 red roses and Mrs. Garrett has 883,The total number of roses is 1306,entailment,t_add_053,add-047
0281,Mrs. Santiago has 2050 red roses and Mrs. Garrett has 1830,The total number of roses is 3880,entailment,t_add_053,add-062
0282,Mrs. Santiago has 3225 red roses and Mrs. Garrett has 7126,The total number of roses is 10351,entailment,t_add_053,add-065
0283,Mrs. Santiago has 10447 red roses and Mrs. Garrett has 53292,The total number of roses is 63739,entailment,t_add_053,add-083
0284,Mrs. Santiago has 31926 red roses and Mrs. Garrett has 25103,The total number of roses is 57029,entailment,t_add_053,add-086
0285,Mrs. Santiago has 86200 red roses and Mrs. Garrett has 11730,The total number of roses is 97930,entailment,t_add_053,add-098
0286,Mike has 81 books in his library and he bought 97 more books at a yard sale over the weekend,Mike has 178 books now,entailment,t_add_054,add-042
0287,Mike has 1570 books in his library and he bought 16864 more books at a yard sale over the weekend,Mike has 18434 books now,entailment,t_add_054,add-085
0288,Mike has 25103 books in his library and he bought 31926 more books at a yard sale over the weekend,Mike has 57029 books now,entailment,t_add_054,add-086
0289,Danny collects bottle caps. He lost 6 bottle caps at the park. Now he has 8 bottle caps in his collection.,Danny had 14 bottle caps at first.,entailment,t_add_055,add-013
0290,Danny collects bottle caps. He lost 7 bottle caps at the park. Now he has 5 bottle caps in his collection.,Danny had 12 bottle caps at first.,entailment,t_add_055,add-015
0291,Danny collects bottle caps. He lost 7654 bottle caps at the park. Now he has 6967 bottle caps in his collection.,Danny had 14621 bottle caps at first.,entailment,t_add_055,add-079
0292,Danny collects bottle caps. He lost 31926 bottle caps at the park. Now he has 25103 bottle caps in his collection.,Danny had 57029 bottle caps at first.,entailment,t_add_055,add-086
0293,If the group was able to make 1 recycled materials from what they gathered and the teachers were able to make 1.,They will be able to sell 2 recycled products at the fair.,entailment,t_add_056,add-000
0294,If the group was able to make 3 recycled materials from what they gathered and the teachers were able to make 3.,They will be able to sell 6 recycled products at the fair.,entailment,t_add_056,add-007
0295,If the group was able to make 6 recycled materials from what they gathered and the teachers were able to make 3.,They will be able to sell 9 recycled products at the fair.,entailment,t_add_056,add-012
0296,If the group was able to make 7 recycled materials from what they gathered and the teachers were able to make 1.,They will be able to sell 8 recycled products at the fair.,entailment,t_add_056,add-014
0297,If the group was able to make 12 recycled materials from what they gathered and the teachers were able to make 11.,They will be able to sell 23 recycled products at the fair.,entailment,t_add_056,add-022
0298,If the group was able to make 14 recycled materials from what they gathered and the teachers were able to make 7.,They will be able to sell 21 recycled products at the fair.,entailment,t_add_056,add-030
0299,If the group was able to make 3225 recycled materials from what they gathered and the teachers were able to make 7126.,They will be able to sell 10351 recycled products at the fair.,entailment,t_add_056,add-065
0300,If the group was able to make 5406 recycled materials from what they gathered and the teachers were able to make 8911.,They will be able to sell 14317 recycled products at the fair.,entailment,t_add_056,add-073
0301,If the group was able to make 7195 recycled materials from what they gathered and the teachers were able to make 713.,They will be able to sell 7908 recycled products at the fair.,entailment,t_add_056,add-078
0302,If the group was able to make 86200 recycled materials from what they gathered and the teachers were able to make 11730.,They will be able to sell 97930 recycled products at the fair.,entailment,t_add_056,add-098
0303,Mikayla has a huge collection of music CDs. She gave 625 CDs to her friend. Now she has 200 CDs left.,Mikayla's collection had 825 CDs at first.,entailment,t_add_057,add-043
0304,"Their next destination is Lake Erie. Still in a contest, Hazel caught 2 different fishes while her father caught 3.",They caught 5 fishes from Lake Erie.,entailment,t_add_058,add-004
0305,"Their next destination is Lake Erie. Still in a contest, Hazel caught 5 different fishes while her father caught 7.",They caught 12 fishes from Lake Erie.,entailment,t_add_058,add-010
0306,"Their next destination is Lake Erie. Still in a contest, Hazel caught 6 different fishes while her father caught 3.",They caught 9 fishes from Lake Erie.,entailment,t_add_058,add-012
0307,"Their next destination is Lake Erie. Still in a contest, Hazel caught 62 different fishes while her father caught 2.",They caught 64 fishes from Lake Erie.,entailment,t_add_058,add-035
0308,"Their next destination is Lake Erie. Still in a contest, Hazel caught 93 different fishes while her father caught 57.",They caught 150 fishes from Lake Erie.,entailment,t_add_058,add-041
0309,"Their next destination is Lake Erie. Still in a contest, Hazel caught 436 different fishes while her father caught 396.",They caught 832 fishes from Lake Erie.,entailment,t_add_058,add-048
0310,"Their next destination is Lake Erie. Still in a contest, Hazel caught 790 different fishes while her father caught 210.",They caught 1000 fishes from Lake Erie.,entailment,t_add_058,add-056
0311,"Their next destination is Lake Erie. Still in a contest, Hazel caught 16864 different fishes while her father caught 1570.",They caught 18434 fishes from Lake Erie.,entailment,t_add_058,add-085
0312,"Their next destination is Lake Erie. Still in a contest, Hazel caught 75000 different fishes while her father caught 25000.",They caught 100000 fishes from Lake Erie.,entailment,t_add_058,add-087
0313,"Their next destination is Lake Erie. Still in a contest, Hazel caught 64237 different fishes while her father caught 73360.",They caught 137597 fishes from Lake Erie.,entailment,t_add_058,add-093
0314,A book has two chapters. The first chapter is 8 pages long. The second chapter is 2 pages long.,The book has 10 pages altogether.,entailment,t_add_059,add-018
0315,A book has two chapters. The first chapter is 10 pages long. The second chapter is 3 pages long.,The book has 13 pages altogether.,entailment,t_add_059,add-020
0316,A book has two chapters. The first chapter is 11 pages long. The second chapter is 33 pages long.,The book has 44 pages altogether.,entailment,t_add_059,add-021
0317,A book has two chapters. The first chapter is 42 pages long. The second chapter is 93 pages long.,The book has 135 pages altogether.,entailment,t_add_059,add-031
0318,A book has two chapters. The first chapter is 585 pages long. The second chapter is 107 pages long.,The book has 692 pages altogether.,entailment,t_add_059,add-052
0319,A book has two chapters. The first chapter is 4149 pages long. The second chapter is 9018 pages long.,The book has 13167 pages altogether.,entailment,t_add_059,add-070
0320,A book has two chapters. The first chapter is 5406 pages long. The second chapter is 8911 pages long.,The book has 14317 pages altogether.,entailment,t_add_059,add-073
0321,A book has two chapters. The first chapter is 6494 pages long. The second chapter is 50745 pages long.,The book has 57239 pages altogether.,entailment,t_add_059,add-075
0322,A book has two chapters. The first chapter is 10447 pages long. The second chapter is 53292 pages long.,The book has 63739 pages altogether.,entailment,t_add_059,add-083
0323,There were 5 geese and 7 ducks in the marsh.,There were 12 birds in all.,entailment,t_add_060,add-010
0324,There were 7 geese and 5 ducks in the marsh.,There were 12 birds in all.,entailment,t_add_060,add-015
0325,There were 15 geese and 12 ducks in the marsh.,There were 27 birds in all.,entailment,t_add_060,add-025
0326,There were 22 geese and 56 ducks in the marsh.,There were 78 birds in all.,entailment,t_add_060,add-028
0327,There were 42 geese and 93 ducks in the marsh.,There were 135 birds in all.,entailment,t_add_060,add-031
0328,There were 413 geese and 261 ducks in the marsh.,There were 674 birds in all.,entailment,t_add_060,add-046
0329,There were 790 geese and 210 ducks in the marsh.,There were 1000 birds in all.,entailment,t_add_060,add-056
0330,There were 90000 geese and 95397 ducks in the marsh.,There were 185397 birds in all.,entailment,t_add_060,add-099
0331,Cade had 2 marbles and he got 3 from Dylan,He has 5 marbles now,entailment,t_add_061,add-004
0332,Cade had 6 marbles and he got 1 from Dylan,He has 7 marbles now,entailment,t_add_061,add-011
0333,Cade had 30 marbles and he got 3 from Dylan,He has 33 marbles now,entailment,t_add_061,add-026
0334,Cade had 89 marbles and he got 417 from Dylan,He has 506 marbles now,entailment,t_add_061,add-040
0335,Cade had 2040 marbles and he got 2040 from Dylan,He has 4080 marbles now,entailment,t_add_061,add-061
0336,Cade had 4100 marbles and he got 6900 from Dylan,He has 11000 marbles now,entailment,t_add_061,add-069
0337,Cade had 9086 marbles and he got 22 from Dylan,He has 9108 marbles now,entailment,t_add_061,add-072
0338,Cade had 7195 marbles and he got 713 from Dylan,He has 7908 marbles now,entailment,t_add_061,add-078
0339,Cade had 76666 marbles and he got 3560 from Dylan,He has 80226 marbles now,entailment,t_add_061,add-097
0340,"Still a little behind, Robyn asked her mother to drive them around town on Wednesday to cover more houses. That day Robyn sold 11 packs of cookies while Lucy sold 33.",They were able to sell 44 packs that day.,entailment,t_add_062,add-021
0341,"Still a little behind, Robyn asked her mother to drive them around town on Wednesday to cover more houses. That day Robyn sold 5406 packs of cookies while Lucy sold 8911.",They were able to sell 14317 packs that day.,entailment,t_add_062,add-073
0342,Adolfo made a tower with 11 blocks and he added 12 more blocks to the tower,23 total blocks are in the tower now,entailment,t_add_063,add-022
0343,Adolfo made a tower with 12 blocks and he added 15 more blocks to the tower,27 total blocks are in the tower now,entailment,t_add_063,add-025
0344,Adolfo made a tower with 261 blocks and he added 413 more blocks to the tower,674 total blocks are in the tower now,entailment,t_add_063,add-046
0345,Adolfo made a tower with 548 blocks and he added 2255 more blocks to the tower,2803 total blocks are in the tower now,entailment,t_add_063,add-063
0346,Rangers from Flora Natural Park and Wildlife Reserve also joined the activities on that day. They planted 9086 redwood trees and 22 cypress trees to replace the trees that were destroyed during a recent forest fire.,The rangers planted 9108 trees.,entailment,t_add_064,add-072
0347,Rangers from Flora Natural Park and Wildlife Reserve also joined the activities on that day. They planted 52384 redwood trees and 85341 cypress trees to replace the trees that were destroyed during a recent forest fire.,The rangers planted 137725 trees.,entailment,t_add_064,add-091
0348,Rangers from Flora Natural Park and Wildlife Reserve also joined the activities on that day. They planted 90000 redwood trees and 95397 cypress trees to replace the trees that were destroyed during a recent forest fire.,The rangers planted 185397 trees.,entailment,t_add_064,add-099
0349,Mike has 15 baseball cards and Sam gave Mike 12 more baseball cards,Mike has 27 baseball cards now,entailment,t_add_065,add-025
0350,Mike has 73 baseball cards and Sam gave Mike 35 more baseball cards,Mike has 108 baseball cards now,entailment,t_add_065,add-037
0351,Mike has 7762 baseball cards and Sam gave Mike 1906 more baseball cards,Mike has 9668 baseball cards now,entailment,t_add_065,add-080
0352,Mike has 12513 baseball cards and Sam gave Mike 70727 more baseball cards,Mike has 83240 baseball cards now,entailment,t_add_065,add-084
0353,Mike has 86200 baseball cards and Sam gave Mike 11730 more baseball cards,Mike has 97930 baseball cards now,entailment,t_add_065,add-098
0354,Summer is almost here and most animals are migrating back to cooler countries. There are 3 bird families living near a mountain. 3 new bird families joined them.,A total of 6 bird families live near the mountain now.,entailment,t_add_066,add-007
0355,Summer is almost here and most animals are migrating back to cooler countries. There are 5 bird families living near a mountain. 7 new bird families joined them.,A total of 12 bird families live near the mountain now.,entailment,t_add_066,add-010
0356,Summer is almost here and most animals are migrating back to cooler countries. There are 76 bird families living near a mountain. 6 new bird families joined them.,A total of 82 bird families live near the mountain now.,entailment,t_add_066,add-038
0357,Summer is almost here and most animals are migrating back to cooler countries. There are 80 bird families living near a mountain. 47 new bird families joined them.,A total of 127 bird families live near the mountain now.,entailment,t_add_066,add-039
0358,Summer is almost here and most animals are migrating back to cooler countries. There are 93 bird families living near a mountain. 57 new bird families joined them.,A total of 150 bird families live near the mountain now.,entailment,t_add_066,add-041
0359,Summer is almost here and most animals are migrating back to cooler countries. There are 997 bird families living near a mountain. 68 new bird families joined them.,A total of 1065 bird families live near the mountain now.,entailment,t_add_066,add-060
0360,Summer is almost here and most animals are migrating back to cooler countries. There are 64237 bird families living near a mountain. 73360 new bird families joined them.,A total of 137597 bird families live near the mountain now.,entailment,t_add_066,add-093
0361,Olivia spent 75000 dollars at a supermarket. She has 25000 dollars left with her.,Olivia had 100000 dollars initially.,entailment,t_add_068,add-087
0362,Gino has 2 popsicle sticks. I have 8 popsicle sticks.,The sum of the popsicle sticks is 10.,entailment,t_add_069,add-006
0363,Gino has 5 popsicle sticks. I have 7 popsicle sticks.,The sum of the popsicle sticks is 12.,entailment,t_add_069,add-010
0364,Gino has 6 popsicle sticks. I have 8 popsicle sticks.,The sum of the popsicle sticks is 14.,entailment,t_add_069,add-013
0365,Gino has 97 popsicle sticks. I have 81 popsicle sticks.,The sum of the popsicle sticks is 178.,entailment,t_add_069,add-042
0366,Gino has 3878 popsicle sticks. I have 83 popsicle sticks.,The sum of the popsicle sticks is 3961.,entailment,t_add_069,add-067
0367,Gino has 4149 popsicle sticks. I have 9018 popsicle sticks.,The sum of the popsicle sticks is 13167.,entailment,t_add_069,add-070
0368,Gino has 9000 popsicle sticks. I have 1200 popsicle sticks.,The sum of the popsicle sticks is 10200.,entailment,t_add_069,add-081
0369,Gino has 10447 popsicle sticks. I have 53292 popsicle sticks.,The sum of the popsicle sticks is 63739.,entailment,t_add_069,add-083
0370,Gino has 16864 popsicle sticks. I have 1570 popsicle sticks.,The sum of the popsicle sticks is 18434.,entailment,t_add_069,add-085
0371,Gino has 90000 popsicle sticks. I have 95397 popsicle sticks.,The sum of the popsicle sticks is 185397.,entailment,t_add_069,add-099
0372,"Upon arriving at the school, Buddy immediately went to his teacher where he was introduced to all the third grade students in the school. There were 1 girl students and 1 boy students.",Buddy met 2 third graders in the school.,entailment,t_add_070,add-000
0373,"Upon arriving at the school, Buddy immediately went to his teacher where he was introduced to all the third grade students in the school. There were 11 girl students and 12 boy students.",Buddy met 23 third graders in the school.,entailment,t_add_070,add-022
0374,"Upon arriving at the school, Buddy immediately went to his teacher where he was introduced to all the third grade students in the school. There were 2 girl students and 62 boy students.",Buddy met 64 third graders in the school.,entailment,t_add_070,add-035
0375,"Upon arriving at the school, Buddy immediately went to his teacher where he was introduced to all the third grade students in the school. There were 883 girl students and 423 boy students.",Buddy met 1306 third graders in the school.,entailment,t_add_070,add-047
0376,"Upon arriving at the school, Buddy immediately went to his teacher where he was introduced to all the third grade students in the school. There were 107 girl students and 585 boy students.",Buddy met 692 third graders in the school.,entailment,t_add_070,add-052
0377,"Upon arriving at the school, Buddy immediately went to his teacher where he was introduced to all the third grade students in the school. There were 34851 girl students and 4207 boy students.",Buddy met 39058 third graders in the school.,entailment,t_add_070,add-071
0378,"Upon arriving at the school, Buddy immediately went to his teacher where he was introduced to all the third grade students in the school. There were 8911 girl students and 5406 boy students.",Buddy met 14317 third graders in the school.,entailment,t_add_070,add-073
0379,"Upon arriving at the school, Buddy immediately went to his teacher where he was introduced to all the third grade students in the school. There were 1200 girl students and 9000 boy students.",Buddy met 10200 third graders in the school.,entailment,t_add_070,add-081
0380,There are 33 boys and 11 girls on the playground.,44 children are on the playground,entailment,t_add_071,add-021
0381,There are 87 boys and 60 girls on the playground.,147 children are on the playground,entailment,t_add_071,add-034
0382,There are 35 boys and 73 girls on the playground.,108 children are on the playground,entailment,t_add_071,add-037
0383,There are 417 boys and 89 girls on the playground.,506 children are on the playground,entailment,t_add_071,add-040
0384,There are 81 boys and 97 girls on the playground.,178 children are on the playground,entailment,t_add_071,add-042
0385,There are 261 boys and 413 girls on the playground.,674 children are on the playground,entailment,t_add_071,add-046
0386,There are 6900 boys and 4100 girls on the playground.,11000 children are on the playground,entailment,t_add_071,add-069
0387,Kelly gives away 93 nintendo games. She still has 42 games left.,Kelly initially had 135 games.,entailment,t_add_072,add-031
0388,Kelly gives away 632 nintendo games. She still has 560 games left.,Kelly initially had 1192 games.,entailment,t_add_072,add-051
0389,Kelly gives away 800 nintendo games. She still has 915 games left.,Kelly initially had 1715 games.,entailment,t_add_072,add-058
0390,Kelly gives away 6900 nintendo games. She still has 4100 games left.,Kelly initially had 11000 games.,entailment,t_add_072,add-069
0391,Kelly gives away 73360 nintendo games. She still has 64237 games left.,Kelly initially had 137597 games.,entailment,t_add_072,add-093
0392,Pinky made 7 miniature pumpkin pies for everyone and Helen made 1.,They have 8 miniature pies in total.,entailment,t_add_073,add-014
0393,Pinky made 574 miniature pumpkin pies for everyone and Helen made 41.,They have 615 miniature pies in total.,entailment,t_add_073,add-055
0394,Pinky made 817 miniature pumpkin pies for everyone and Helen made 623.,They have 1440 miniature pies in total.,entailment,t_add_073,add-057
0395,Pinky made 7020 miniature pumpkin pies for everyone and Helen made 260.,They have 7280 miniature pies in total.,entailment,t_add_073,add-077
0396,Pinky made 75000 miniature pumpkin pies for everyone and Helen made 25000.,They have 100000 miniature pies in total.,entailment,t_add_073,add-087
0397,Paul had some books. After selling 6 in a garage sale he had 3 left.,Paul had 9 books at the start.,entailment,t_add_074,add-012
0398,Paul had some books. After selling 15 in a garage sale he had 12 left.,Paul had 27 books at the start.,entailment,t_add_074,add-025
0399,Paul had some books. After selling 53 in a garage sale he had 776 left.,Paul had 829 books at the start.,entailment,t_add_074,add-033
0400,Paul had some books. After selling 585 in a garage sale he had 107 left.,Paul had 692 books at the start.,entailment,t_add_074,add-052
0401,Paul had some books. After selling 7020 in a garage sale he had 260 left.,Paul had 7280 books at the start.,entailment,t_add_074,add-077
0402,Paul had some books. After selling 9222 in a garage sale he had 20 left.,Paul had 9242 books at the start.,entailment,t_add_074,add-082
0403,Because of the decision Sofia asked the students to suggest specific types of food. 1 students suggested adding mashed potatoes while others suggested adding bacon to the menu. 1 more students suggested adding bacon than those that suggested mashed potatoes.,2 students suggested bacon.,entailment,t_add_076,add-000
0404,Because of the decision Sofia asked the students to suggest specific types of food. 2 students suggested adding mashed potatoes while others suggested adding bacon to the menu. 2 more students suggested adding bacon than those that suggested mashed potatoes.,4 students suggested bacon.,entailment,t_add_076,add-003
0405,Because of the decision Sofia asked the students to suggest specific types of food. 10 students suggested adding mashed potatoes while others suggested adding bacon to the menu. 3 more students suggested adding bacon than those that suggested mashed potatoes.,13 students suggested bacon.,entailment,t_add_076,add-020
0406,Because of the decision Sofia asked the students to suggest specific types of food. 11 students suggested adding mashed potatoes while others suggested adding bacon to the menu. 33 more students suggested adding bacon than those that suggested mashed potatoes.,44 students suggested bacon.,entailment,t_add_076,add-021
0407,Because of the decision Sofia asked the students to suggest specific types of food. 16 students suggested adding mashed potatoes while others suggested adding bacon to the menu. 8 more students suggested adding bacon than those that suggested mashed potatoes.,24 students suggested bacon.,entailment,t_add_076,add-023
0408,Because of the decision Sofia asked the students to suggest specific types of food. 423 students suggested adding mashed potatoes while others suggested adding bacon to the menu. 883 more students suggested adding bacon than those that suggested mashed potatoes.,1306 students suggested bacon.,entailment,t_add_076,add-047
0409,Because of the decision Sofia asked the students to suggest specific types of food. 817 students suggested adding mashed potatoes while others suggested adding bacon to the menu. 623 more students suggested adding bacon than those that suggested mashed potatoes.,1440 students suggested bacon.,entailment,t_add_076,add-057
0410,Because of the decision Sofia asked the students to suggest specific types of food. 75292 students suggested adding mashed potatoes while others suggested adding bacon to the menu. 18823 more students suggested adding bacon than those that suggested mashed potatoes.,94115 students suggested bacon.,entailment,t_add_076,add-088
0411,"Helen's mother brought 47 hotdogs. After a few hours, Dylan's mother arrived with 80 hotdogs.",They have 127 hotdogs altogether.,entailment,t_add_077,add-039
0412,"Helen's mother brought 500 hotdogs. After a few hours, Dylan's mother arrived with 600 hotdogs.",They have 1100 hotdogs altogether.,entailment,t_add_077,add-053
0413,Lucy has 6 fish and then she buys 7 more fish,She has 13 fish now,entailment,t_add_078,add-016
0414,Lucy has 7126 fish and then she buys 3225 more fish,She has 10351 fish now,entailment,t_add_078,add-065
0415,Lucy has 260 fish and then she buys 7020 more fish,She has 7280 fish now,entailment,t_add_078,add-077
0416,Lucy has 85341 fish and then she buys 52384 more fish,She has 137725 fish now,entailment,t_add_078,add-091
0417,Lucy has 11730 fish and then she buys 86200 more fish,She has 97930 fish now,entailment,t_add_078,add-098
0418,"Because of the decision, Sofia asked the students to suggest specific types of food. 7 students suggested adding mashed potatoes while 6 suggested adding bacon to the menu.",13 students participated in the suggestion of new food items.,entailment,t_add_079,add-016
0419,"Because of the decision, Sofia asked the students to suggest specific types of food. 47 students suggested adding mashed potatoes while 7 suggested adding bacon to the menu.",54 students participated in the suggestion of new food items.,entailment,t_add_079,add-032
0420,"Because of the decision, Sofia asked the students to suggest specific types of food. 790 students suggested adding mashed potatoes while 210 suggested adding bacon to the menu.",1000 students participated in the suggestion of new food items.,entailment,t_add_079,add-056
0421,"Because of the decision, Sofia asked the students to suggest specific types of food. 945 students suggested adding mashed potatoes while 97 suggested adding bacon to the menu.",1042 students participated in the suggestion of new food items.,entailment,t_add_079,add-059
0422,"Because of the decision, Sofia asked the students to suggest specific types of food. 5425 students suggested adding mashed potatoes while 7554 suggested adding bacon to the menu.",12979 students participated in the suggestion of new food items.,entailment,t_add_079,add-074
0423,"Because of the decision, Sofia asked the students to suggest specific types of food. 46942 students suggested adding mashed potatoes while 54572 suggested adding bacon to the menu.",101514 students participated in the suggestion of new food items.,entailment,t_add_079,add-089
0424,"Because of the decision, Sofia asked the students to suggest specific types of food. 49790 students suggested adding mashed potatoes while 21709 suggested adding bacon to the menu.",71499 students participated in the suggestion of new food items.,entailment,t_add_079,add-090
0425,Next on his checklist is wax to stick the feathers together. He has 42 g of wax and right now he just needs 93 g.,The feathers require a total of 135 grams of wax.,entailment,t_add_080,add-031
0426,Next on his checklist is wax to stick the feathers together. He has 62 g of wax and right now he just needs 740 g.,The feathers require a total of 802 grams of wax.,entailment,t_add_080,add-036
0427,Next on his checklist is wax to stick the feathers together. He has 97 g of wax and right now he just needs 81 g.,The feathers require a total of 178 grams of wax.,entailment,t_add_080,add-042
0428,Next on his checklist is wax to stick the feathers together. He has 4207 g of wax and right now he just needs 34851 g.,The feathers require a total of 39058 grams of wax.,entailment,t_add_080,add-071
0429,Next on his checklist is wax to stick the feathers together. He has 7762 g of wax and right now he just needs 1906 g.,The feathers require a total of 9668 grams of wax.,entailment,t_add_080,add-080
0430,Next on his checklist is wax to stick the feathers together. He has 59111 g of wax and right now he just needs 58298 g.,The feathers require a total of 117409 grams of wax.,entailment,t_add_080,add-092
0431,"After visiting France, Rachel's sister Bella, requested that they see the Buckingham Palace in London. They travelled 89 miles by land and 417 miles by sea across the English Channel.",They traveled a total distance of 506 miles.,entailment,t_add_081,add-040
0432,"After visiting France, Rachel's sister Bella, requested that they see the Buckingham Palace in London. They travelled 436 miles by land and 396 miles by sea across the English Channel.",They traveled a total distance of 832 miles.,entailment,t_add_081,add-048
0433,"After visiting France, Rachel's sister Bella, requested that they see the Buckingham Palace in London. They travelled 4207 miles by land and 34851 miles by sea across the English Channel.",They traveled a total distance of 39058 miles.,entailment,t_add_081,add-071
0434,Dylan the Dog prepared 1 hotdog sticks in a brown bag. His father placed 1 more hotdog sticks in the same brown bag.,Dylan and his father placed 2 hotdog sticks in the brown bag.,entailment,t_add_082,add-000
0435,Dylan the Dog prepared 7 hotdog sticks in a brown bag. His father placed 14 more hotdog sticks in the same brown bag.,Dylan and his father placed 21 hotdog sticks in the brown bag.,entailment,t_add_082,add-030
0436,Dylan the Dog prepared 35 hotdog sticks in a brown bag. His father placed 73 more hotdog sticks in the same brown bag.,Dylan and his father placed 108 hotdog sticks in the brown bag.,entailment,t_add_082,add-037
0437,Dylan the Dog prepared 6 hotdog sticks in a brown bag. His father placed 76 more hotdog sticks in the same brown bag.,Dylan and his father placed 82 hotdog sticks in the brown bag.,entailment,t_add_082,add-038
0438,Dylan the Dog prepared 883 hotdog sticks in a brown bag. His father placed 423 more hotdog sticks in the same brown bag.,Dylan and his father placed 1306 hotdog sticks in the brown bag.,entailment,t_add_082,add-047
0439,Dylan the Dog prepared 904 hotdog sticks in a brown bag. His father placed 524 more hotdog sticks in the same brown bag.,Dylan and his father placed 1428 hotdog sticks in the brown bag.,entailment,t_add_082,add-049
0440,Dylan the Dog prepared 20 hotdog sticks in a brown bag. His father placed 9222 more hotdog sticks in the same brown bag.,Dylan and his father placed 9242 hotdog sticks in the brown bag.,entailment,t_add_082,add-082
0441,Dylan the Dog prepared 25103 hotdog sticks in a brown bag. His father placed 31926 more hotdog sticks in the same brown bag.,Dylan and his father placed 57029 hotdog sticks in the brown bag.,entailment,t_add_082,add-086
0442,"It's spring break at Rosewood High so Rachel and her family decided to take a trip across Europe. Since Rachel has always been fascinated by the French people, they began their tour with a visit to France. During their stay there, Rachel went to the famous Eiffel Tower. She climbed 1 flights of stairs going up and 7 going down.",Rachel took a total of 8 steps.,entailment,t_add_084,add-001
0443,"It's spring break at Rosewood High so Rachel and her family decided to take a trip across Europe. Since Rachel has always been fascinated by the French people, they began their tour with a visit to France. During their stay there, Rachel went to the famous Eiffel Tower. She climbed 4 flights of stairs going up and 5 going down.",Rachel took a total of 9 steps.,entailment,t_add_084,add-009
0444,"It's spring break at Rosewood High so Rachel and her family decided to take a trip across Europe. Since Rachel has always been fascinated by the French people, they began their tour with a visit to France. During their stay there, Rachel went to the famous Eiffel Tower. She climbed 6 flights of stairs going up and 3 going down.",Rachel took a total of 9 steps.,entailment,t_add_084,add-012
0445,"It's spring break at Rosewood High so Rachel and her family decided to take a trip across Europe. Since Rachel has always been fascinated by the French people, they began their tour with a visit to France. During their stay there, Rachel went to the famous Eiffel Tower. She climbed 53 flights of stairs going up and 776 going down.",Rachel took a total of 829 steps.,entailment,t_add_084,add-033
0446,"It's spring break at Rosewood High so Rachel and her family decided to take a trip across Europe. Since Rachel has always been fascinated by the French people, they began their tour with a visit to France. During their stay there, Rachel went to the famous Eiffel Tower. She climbed 423 flights of stairs going up and 883 going down.",Rachel took a total of 1306 steps.,entailment,t_add_084,add-047
0447,"It's spring break at Rosewood High so Rachel and her family decided to take a trip across Europe. Since Rachel has always been fascinated by the French people, they began their tour with a visit to France. During their stay there, Rachel went to the famous Eiffel Tower. She climbed 574 flights of stairs going up and 41 going down.",Rachel took a total of 615 steps.,entailment,t_add_084,add-055
0448,"It's spring break at Rosewood High so Rachel and her family decided to take a trip across Europe. Since Rachel has always been fascinated by the French people, they began their tour with a visit to France. During their stay there, Rachel went to the famous Eiffel Tower. She climbed 4149 flights of stairs going up and 9018 going down.",Rachel took a total of 13167 steps.,entailment,t_add_084,add-070
0449,"It's spring break at Rosewood High so Rachel and her family decided to take a trip across Europe. Since Rachel has always been fascinated by the French people, they began their tour with a visit to France. During their stay there, Rachel went to the famous Eiffel Tower. She climbed 9000 flights of stairs going up and 1200 going down.",Rachel took a total of 10200 steps.,entailment,t_add_084,add-081
0450,"It's spring break at Rosewood High so Rachel and her family decided to take a trip across Europe. Since Rachel has always been fascinated by the French people, they began their tour with a visit to France. During their stay there, Rachel went to the famous Eiffel Tower. She climbed 9222 flights of stairs going up and 20 going down.",Rachel took a total of 9242 steps.,entailment,t_add_084,add-082
0451,Jason has 73276 Pokemon cards  and Alyssa bought Jason 73276 new Pokemon cards ,Jason has 146552 Pokemon cards now,entailment,t_add_085,add-096
0452,A pet supply store has 6 bags of dog food and they receive 8 bags of cat food.,There are 14 bags,entailment,t_add_086,add-013
0453,A pet supply store has 22 bags of dog food and they receive 56 bags of cat food.,There are 78 bags,entailment,t_add_086,add-028
0454,A pet supply store has 60 bags of dog food and they receive 87 bags of cat food.,There are 147 bags,entailment,t_add_086,add-034
0455,A pet supply store has 62 bags of dog food and they receive 740 bags of cat food.,There are 802 bags,entailment,t_add_086,add-036
0456,A pet supply store has 76 bags of dog food and they receive 6 bags of cat food.,There are 82 bags,entailment,t_add_086,add-038
0457,A pet supply store has 80 bags of dog food and they receive 47 bags of cat food.,There are 127 bags,entailment,t_add_086,add-039
0458,A pet supply store has 618 bags of dog food and they receive 19152 bags of cat food.,There are 19770 bags,entailment,t_add_086,add-054
0459,A pet supply store has 2040 bags of dog food and they receive 2040 bags of cat food.,There are 4080 bags,entailment,t_add_086,add-061
0460,A pet supply store has 90000 bags of dog food and they receive 95397 bags of cat food.,There are 185397 bags,entailment,t_add_086,add-099
0461,"Feeling good about what he did, Mr. Anderson decided to continue giving to others. He went around the city and gave clothes to homeless people. He gave 2 shirts and 2 trousers.",Mr. Anderson gave out a total of 4 pieces of clothing.,entailment,t_add_087,add-003
0462,"Feeling good about what he did, Mr. Anderson decided to continue giving to others. He went around the city and gave clothes to homeless people. He gave 76 shirts and 6 trousers.",Mr. Anderson gave out a total of 82 pieces of clothing.,entailment,t_add_087,add-038
0463,"Feeling good about what he did, Mr. Anderson decided to continue giving to others. He went around the city and gave clothes to homeless people. He gave 2470 shirts and 9992 trousers.",Mr. Anderson gave out a total of 12462 pieces of clothing.,entailment,t_add_087,add-064
0464,"Feeling good about what he did, Mr. Anderson decided to continue giving to others. He went around the city and gave clothes to homeless people. He gave 4087 shirts and 7337 trousers.",Mr. Anderson gave out a total of 11424 pieces of clothing.,entailment,t_add_087,add-068
0465,It's getting dark so he decided to take one last stop. He took a cab to the Metropolitan Museum of Art. He saw 904 pieces of Asian art and 524 pieces of Egyptian art.,He saw 1428 pieces of art.,entailment,t_add_088,add-049
0466,It's getting dark so he decided to take one last stop. He took a cab to the Metropolitan Museum of Art. He saw 68 pieces of Asian art and 997 pieces of Egyptian art.,He saw 1065 pieces of art.,entailment,t_add_088,add-060
0467,It's getting dark so he decided to take one last stop. He took a cab to the Metropolitan Museum of Art. He saw 7337 pieces of Asian art and 4087 pieces of Egyptian art.,He saw 11424 pieces of art.,entailment,t_add_088,add-068
0468,It's getting dark so he decided to take one last stop. He took a cab to the Metropolitan Museum of Art. He saw 85341 pieces of Asian art and 52384 pieces of Egyptian art.,He saw 137725 pieces of art.,entailment,t_add_088,add-091
0469,It's getting dark so he decided to take one last stop. He took a cab to the Metropolitan Museum of Art. He saw 37919 pieces of Asian art and 73040 pieces of Egyptian art.,He saw 110959 pieces of art.,entailment,t_add_088,add-095
0470,Sally had 1 quarters in her bank and she received 1 more quarters,She has 2 quarters now,entailment,t_add_089,add-000
0471,Sally had 1 quarters in her bank and she received 8 more quarters,She has 9 quarters now,entailment,t_add_089,add-017
0472,Sally had 93 quarters in her bank and she received 42 more quarters,She has 135 quarters now,entailment,t_add_089,add-031
0473,Sally had 417 quarters in her bank and she received 89 more quarters,She has 506 quarters now,entailment,t_add_089,add-040
0474,Sally had 2040 quarters in her bank and she received 2040 more quarters,She has 4080 quarters now,entailment,t_add_089,add-061
0475,Sally had 20 quarters in her bank and she received 9222 more quarters,She has 9242 quarters now,entailment,t_add_089,add-082
0476,Sally had 3560 quarters in her bank and she received 76666 more quarters,She has 80226 quarters now,entailment,t_add_089,add-097
0477,Next on his list is the famous Empire State Building. There he learned that the building stands 7 feet to the top floor and the antenna spire is 6 feet.,"The Empire State Building is 1,454 feet tall.",entailment,t_add_090,add-016
0478,Next on his list is the famous Empire State Building. There he learned that the building stands 75000 feet to the top floor and the antenna spire is 25000 feet.,"The Empire State Building is 1,454 feet tall.",entailment,t_add_090,add-087
0479,"Jazmin had 7126 dolls and Geraldine had 3225 dolls, and they put their dolls together",They would have 10351 dolls ,entailment,t_add_092,add-065
0480,"A cell phone company has a total of 9000 customers across the world, and they get 1200 more customers in the United States",They will have 10200 total customers ,entailment,t_add_093,add-081
0481,A worker at a medical lab is studying blood samples. The first sample contained 7 blood cells. The second one contained 2 more than the first.,There were 9 blood cells in the second sample.,entailment,t_add_094,add-005
0482,A worker at a medical lab is studying blood samples. The first sample contained 6 blood cells. The second one contained 7 more than the first.,There were 13 blood cells in the second sample.,entailment,t_add_094,add-016
0483,A worker at a medical lab is studying blood samples. The first sample contained 3 blood cells. The second one contained 10 more than the first.,There were 13 blood cells in the second sample.,entailment,t_add_094,add-020
0484,A worker at a medical lab is studying blood samples. The first sample contained 632 blood cells. The second one contained 560 more than the first.,There were 1192 blood cells in the second sample.,entailment,t_add_094,add-051
0485,A worker at a medical lab is studying blood samples. The first sample contained 500 blood cells. The second one contained 600 more than the first.,There were 1100 blood cells in the second sample.,entailment,t_add_094,add-053
0486,A worker at a medical lab is studying blood samples. The first sample contained 41 blood cells. The second one contained 574 more than the first.,There were 615 blood cells in the second sample.,entailment,t_add_094,add-055
0487,A worker at a medical lab is studying blood samples. The first sample contained 260 blood cells. The second one contained 7020 more than the first.,There were 7280 blood cells in the second sample.,entailment,t_add_094,add-077
0488,A worker at a medical lab is studying blood samples. The first sample contained 1906 blood cells. The second one contained 7762 more than the first.,There were 9668 blood cells in the second sample.,entailment,t_add_094,add-080
0489,A worker at a medical lab is studying blood samples. The first sample contained 20 blood cells. The second one contained 9222 more than the first.,There were 9242 blood cells in the second sample.,entailment,t_add_094,add-082
0490,A worker at a medical lab is studying blood samples. The first sample contained 3560 blood cells. The second one contained 76666 more than the first.,There were 80226 blood cells in the second sample.,entailment,t_add_094,add-097
0491,"A petri dish originally contained 33 bacteria  and a scientist let the bacteria grow, and now there are 11 more of them",44 bacteria are there now ,entailment,t_add_095,add-021
0492,"A petri dish originally contained 81 bacteria  and a scientist let the bacteria grow, and now there are 97 more of them",178 bacteria are there now ,entailment,t_add_095,add-042
0493,"A petri dish originally contained 762 bacteria  and a scientist let the bacteria grow, and now there are 546 more of them",1308 bacteria are there now ,entailment,t_add_095,add-050
0494,"A petri dish originally contained 548 bacteria  and a scientist let the bacteria grow, and now there are 2255 more of them",2803 bacteria are there now ,entailment,t_add_095,add-063
0495,"A petri dish originally contained 7126 bacteria  and a scientist let the bacteria grow, and now there are 3225 more of them",10351 bacteria are there now ,entailment,t_add_095,add-065
0496,"A petri dish originally contained 6900 bacteria  and a scientist let the bacteria grow, and now there are 4100 more of them",11000 bacteria are there now ,entailment,t_add_095,add-069
0497,"A petri dish originally contained 54572 bacteria  and a scientist let the bacteria grow, and now there are 46942 more of them",101514 bacteria are there now ,entailment,t_add_095,add-089
0498,"A petri dish originally contained 85341 bacteria  and a scientist let the bacteria grow, and now there are 52384 more of them",137725 bacteria are there now ,entailment,t_add_095,add-091
0499,"A petri dish originally contained 58298 bacteria  and a scientist let the bacteria grow, and now there are 59111 more of them",117409 bacteria are there now ,entailment,t_add_095,add-092
0500,"A petri dish originally contained 3560 bacteria  and a scientist let the bacteria grow, and now there are 76666 more of them",80226 bacteria are there now ,entailment,t_add_095,add-097
0501,The Richmond Tigers sold tickets last season and they sold 76 tickets at the gate and then an additional 6 tickets online,82 tickets were sold in total,entailment,t_add_097,add-038
0502,"A dust storm sweeps across the prairie and it covers 7 acres of the prairie in the dust, and leaves 1 acres untouched",8 acres are in the prarie,entailment,t_add_098,add-014
0503,"A dust storm sweeps across the prairie and it covers 22 acres of the prairie in the dust, and leaves 56 acres untouched",78 acres are in the prarie,entailment,t_add_098,add-028
0504,"A dust storm sweeps across the prairie and it covers 26 acres of the prairie in the dust, and leaves 77 acres untouched",103 acres are in the prarie,entailment,t_add_098,add-029
0505,"A dust storm sweeps across the prairie and it covers 89 acres of the prairie in the dust, and leaves 417 acres untouched",506 acres are in the prarie,entailment,t_add_098,add-040
0506,"A dust storm sweeps across the prairie and it covers 817 acres of the prairie in the dust, and leaves 623 acres untouched",1440 acres are in the prarie,entailment,t_add_098,add-057
0507,"A dust storm sweeps across the prairie and it covers 2050 acres of the prairie in the dust, and leaves 1830 acres untouched",3880 acres are in the prarie,entailment,t_add_098,add-062
0508,"A dust storm sweeps across the prairie and it covers 4207 acres of the prairie in the dust, and leaves 34851 acres untouched",39058 acres are in the prarie,entailment,t_add_098,add-071
0509,"A dust storm sweeps across the prairie and it covers 75292 acres of the prairie in the dust, and leaves 18823 acres untouched",94115 acres are in the prarie,entailment,t_add_098,add-088
0510,Allan and Jake brought 357 balloons to the park. Allan brought 98 balloons.,Jake brought 259 balloon to the park.,entailment,t_sub_000,sub-039
0511,Allan and Jake brought 585 balloons to the park. Allan brought 107 balloons.,Jake brought 478 balloon to the park.,entailment,t_sub_000,sub-044
0512,Allan and Jake brought 766 balloons to the park. Allan brought 86 balloons.,Jake brought 680 balloon to the park.,entailment,t_sub_000,sub-048
0513,Allan and Jake brought 125000 balloons to the park. Allan brought 20000 balloons.,Jake brought 105000 balloon to the park.,entailment,t_sub_000,sub-099
0514,62 raccoons are playing in the woods. 2 go home to eat dinner.,60 raccoon is left in the woods.,entailment,t_sub_001,sub-024
0515,Every day Ryan spends 3 hours on learning english and some more hours on learning chinese. He spends a total of 6 hours on learning english and chinese everyday.,Ryan spends 3 hour on learning Chinese.,entailment,t_sub_002,sub-001
0516,Every day Ryan spends 1 hours on learning english and some more hours on learning chinese. He spends a total of 8 hours on learning english and chinese everyday.,Ryan spends 7 hour on learning Chinese.,entailment,t_sub_002,sub-006
0517,Every day Ryan spends 3 hours on learning english and some more hours on learning chinese. He spends a total of 14 hours on learning english and chinese everyday.,Ryan spends 11 hour on learning Chinese.,entailment,t_sub_002,sub-011
0518,Every day Ryan spends 98 hours on learning english and some more hours on learning chinese. He spends a total of 357 hours on learning english and chinese everyday.,Ryan spends 259 hour on learning Chinese.,entailment,t_sub_002,sub-039
0519,Every day Ryan spends 396 hours on learning english and some more hours on learning chinese. He spends a total of 436 hours on learning english and chinese everyday.,Ryan spends 40 hour on learning Chinese.,entailment,t_sub_002,sub-042
0520,Every day Ryan spends 958 hours on learning english and some more hours on learning chinese. He spends a total of 6447 hours on learning english and chinese everyday.,Ryan spends 5489 hour on learning Chinese.,entailment,t_sub_002,sub-064
0521,Every day Ryan spends 5000 hours on learning english and some more hours on learning chinese. He spends a total of 7500 hours on learning english and chinese everyday.,Ryan spends 2500 hour on learning Chinese.,entailment,t_sub_002,sub-069
0522,Every day Ryan spends 12886 hours on learning english and some more hours on learning chinese. He spends a total of 61226 hours on learning english and chinese everyday.,Ryan spends 48340 hour on learning Chinese.,entailment,t_sub_002,sub-086
0523,Every day Ryan spends 36233 hours on learning english and some more hours on learning chinese. He spends a total of 92396 hours on learning english and chinese everyday.,Ryan spends 56163 hour on learning Chinese.,entailment,t_sub_002,sub-094
0524,There were some birds sitting on the fence. 1830 more birds came to join them. There are a total of 2050 birds on the fence now.,There was 220 bird sitting on the fence at the start.,entailment,t_sub_003,sub-056
0525,There were some birds sitting on the fence. 9280 more birds came to join them. There are a total of 9924 birds on the fence now.,There was 644 bird sitting on the fence at the start.,entailment,t_sub_003,sub-077
0526,Dave had 5 apps on his phone. After adding some he had 18 left.,Dave added 13 app.,entailment,t_sub_004,sub-014
0527,Dave had 35 apps on his phone. After adding some he had 73 left.,Dave added 38 app.,entailment,t_sub_004,sub-026
0528,Dave had 591 apps on his phone. After adding some he had 682 left.,Dave added 91 app.,entailment,t_sub_004,sub-046
0529,Dave had 86 apps on his phone. After adding some he had 766 left.,Dave added 680 app.,entailment,t_sub_004,sub-048
0530,Dave had 181 apps on his phone. After adding some he had 1057 left.,Dave added 876 app.,entailment,t_sub_004,sub-055
0531,Dave had 1600 apps on his phone. After adding some he had 2400 left.,Dave added 800 app.,entailment,t_sub_004,sub-059
0532,Dave had 1200 apps on his phone. After adding some he had 9000 left.,Dave added 7800 app.,entailment,t_sub_004,sub-074
0533,Dave had 21709 apps on his phone. After adding some he had 49790 left.,Dave added 28081 app.,entailment,t_sub_004,sub-083
0534,Dave had 64331 apps on his phone. After adding some he had 78312 left.,Dave added 13981 app.,entailment,t_sub_004,sub-092
0535,7 birds were sitting on the fence and 1 more birds flew away,6 birds are now sitting on the fence,entailment,t_sub_005,sub-003
0536,62 birds were sitting on the fence and 2 more birds flew away,60 birds are now sitting on the fence,entailment,t_sub_005,sub-024
0537,6447 birds were sitting on the fence and 958 more birds flew away,5489 birds are now sitting on the fence,entailment,t_sub_005,sub-064
0538,9000 birds were sitting on the fence and 1200 more birds flew away,7800 birds are now sitting on the fence,entailment,t_sub_005,sub-074
0539,16864 birds were sitting on the fence and 1570 more birds flew away,15294 birds are now sitting on the fence,entailment,t_sub_005,sub-080
0540,For a potluck lunch Debby brought 10 bottles of soda. Everyone only drank 3 of the sodas.,Debby had to take 7 sodas back home.,entailment,t_sub_006,sub-009
0541,For a potluck lunch Debby brought 61 bottles of soda. Everyone only drank 9 of the sodas.,Debby had to take 52 sodas back home.,entailment,t_sub_006,sub-023
0542,For a potluck lunch Debby brought 62 bottles of soda. Everyone only drank 2 of the sodas.,Debby had to take 60 sodas back home.,entailment,t_sub_006,sub-024
0543,For a potluck lunch Debby brought 1057 bottles of soda. Everyone only drank 181 of the sodas.,Debby had to take 876 sodas back home.,entailment,t_sub_006,sub-055
0544,For a potluck lunch Debby brought 8977 bottles of soda. Everyone only drank 5249 of the sodas.,Debby had to take 3728 sodas back home.,entailment,t_sub_006,sub-073
0545,For a potluck lunch Debby brought 9222 bottles of soda. Everyone only drank 20 of the sodas.,Debby had to take 9202 sodas back home.,entailment,t_sub_006,sub-075
0546,For a potluck lunch Debby brought 16864 bottles of soda. Everyone only drank 1570 of the sodas.,Debby had to take 15294 sodas back home.,entailment,t_sub_006,sub-080
0547,For a potluck lunch Debby brought 76666 bottles of soda. Everyone only drank 3560 of the sodas.,Debby had to take 73106 sodas back home.,entailment,t_sub_006,sub-090
0548,A grocery store had a total of 6 bottles of which 5 were bottles of regular soda and the rest were bottles of diet soda.,They had 1 bottles of diet soda.,entailment,t_sub_008,sub-002
0549,A grocery store had a total of 9 bottles of which 3 were bottles of regular soda and the rest were bottles of diet soda.,They had 6 bottles of diet soda.,entailment,t_sub_008,sub-008
0550,A grocery store had a total of 75292 bottles of which 18823 were bottles of regular soda and the rest were bottles of diet soda.,They had 56469 bottles of diet soda.,entailment,t_sub_008,sub-088
0551,Carol collects 93 peanuts and she gives her father 57 peanuts.,Carol has 36 peanuts left,entailment,t_sub_009,sub-032
0552,Carol collects 78312 peanuts and she gives her father 64331 peanuts.,Carol has 13981 peanuts left,entailment,t_sub_009,sub-092
0553,Rachel had to complete 6 pages of math homework. She had to complete 5 more pages of math homework than reading homework.,Rachel had to complete 1 pages of reading homework.,entailment,t_sub_011,sub-002
0554,Rachel had to complete 12 pages of math homework. She had to complete 11 more pages of math homework than reading homework.,Rachel had to complete 1 pages of reading homework.,entailment,t_sub_011,sub-010
0555,Rachel had to complete 61 pages of math homework. She had to complete 9 more pages of math homework than reading homework.,Rachel had to complete 52 pages of reading homework.,entailment,t_sub_011,sub-023
0556,Rachel had to complete 817 pages of math homework. She had to complete 623 more pages of math homework than reading homework.,Rachel had to complete 194 pages of reading homework.,entailment,t_sub_011,sub-050
0557,Rachel had to complete 2050 pages of math homework. She had to complete 1830 more pages of math homework than reading homework.,Rachel had to complete 220 pages of reading homework.,entailment,t_sub_011,sub-056
0558,Rachel had to complete 7020 pages of math homework. She had to complete 260 more pages of math homework than reading homework.,Rachel had to complete 6760 pages of reading homework.,entailment,t_sub_011,sub-067
0559,Rachel had to complete 7195 pages of math homework. She had to complete 713 more pages of math homework than reading homework.,Rachel had to complete 6482 pages of reading homework.,entailment,t_sub_011,sub-068
0560,Rachel had to complete 35304 pages of math homework. She had to complete 17386 more pages of math homework than reading homework.,Rachel had to complete 17918 pages of reading homework.,entailment,t_sub_011,sub-082
0561,Rachel had to complete 61226 pages of math homework. She had to complete 12886 more pages of math homework than reading homework.,Rachel had to complete 48340 pages of reading homework.,entailment,t_sub_011,sub-086
0562,Connie had 9000 marbles and she gave 1200 to Juan,Connie has 7800 marbles now,entailment,t_sub_012,sub-074
0563,Joan is baking a cake. The recipe calls for 7 cups of flour. She already put in 5 cups.,Joan needs to add 2 more cups.,entailment,t_sub_013,sub-004
0564,Joan is baking a cake. The recipe calls for 57 cups of flour. She already put in 49 cups.,Joan needs to add 8 more cups.,entailment,t_sub_013,sub-021
0565,Joan is baking a cake. The recipe calls for 5329 cups of flour. She already put in 97 cups.,Joan needs to add 5232 more cups.,entailment,t_sub_013,sub-062
0566,Joan is baking a cake. The recipe calls for 123456 cups of flour. She already put in 56789 cups.,Joan needs to add 66667 more cups.,entailment,t_sub_013,sub-098
0567,Katie had 17 math problems for homework. She finished 8 of them on the bus ride home.,Katie has 9 math problems left to do.,entailment,t_sub_014,sub-013
0568,Katie had 57 math problems for homework. She finished 49 of them on the bus ride home.,Katie has 8 math problems left to do.,entailment,t_sub_014,sub-021
0569,Katie had 78 math problems for homework. She finished 46 of them on the bus ride home.,Katie has 32 math problems left to do.,entailment,t_sub_014,sub-028
0570,Katie had 6868 math problems for homework. She finished 3082 of them on the bus ride home.,Katie has 3786 math problems left to do.,entailment,t_sub_014,sub-065
0571,Katie had 7500 math problems for homework. She finished 5000 of them on the bus ride home.,Katie has 2500 math problems left to do.,entailment,t_sub_014,sub-069
0572,Katie had 77148 math problems for homework. She finished 62935 of them on the bus ride home.,Katie has 14213 math problems left to do.,entailment,t_sub_014,sub-091
0573,Katie had 94374 math problems for homework. She finished 12842 of them on the bus ride home.,Katie has 81532 math problems left to do.,entailment,t_sub_014,sub-096
0574,There are 8656 different books in the 'Crazy Silly School' series. You read 3533 of the books.,You still have 5123 books to read.,entailment,t_sub_015,sub-072
0575,There are 31926 different books in the 'Crazy Silly School' series. You read 25103 of the books.,You still have 6823 books to read.,entailment,t_sub_015,sub-081
0576,There are 59111 different books in the 'Crazy Silly School' series. You read 58298 of the books.,You still have 813 books to read.,entailment,t_sub_015,sub-084
0577,There are 94374 different books in the 'Crazy Silly School' series. You read 12842 of the books.,You still have 81532 books to read.,entailment,t_sub_015,sub-096
0578,Robin's hair was 17 inches long. He cut off some inches of her hair. His hair is now 8 inches long.,Robin cut 9 inches of his hair.,entailment,t_sub_016,sub-013
0579,Robin's hair was 9000 inches long. He cut off some inches of her hair. His hair is now 1200 inches long.,Robin cut 7800 inches of his hair.,entailment,t_sub_016,sub-074
0580,Robin's hair was 59111 inches long. He cut off some inches of her hair. His hair is now 58298 inches long.,Robin cut 813 inches of his hair.,entailment,t_sub_016,sub-084
0581,Baker sold 9 cakes. He had made 63 cakes initially.,Baker would still have 54 cakes.,entailment,t_sub_017,sub-030
0582,Baker sold 396 cakes. He had made 436 cakes initially.,Baker would still have 40 cakes.,entailment,t_sub_017,sub-042
0583,Baker sold 3560 cakes. He had made 76666 cakes initially.,Baker would still have 73106 cakes.,entailment,t_sub_017,sub-090
0584,Baker sold 11730 cakes. He had made 86200 cakes initially.,Baker would still have 74470 cakes.,entailment,t_sub_017,sub-093
0585,Baker sold 36233 cakes. He had made 92396 cakes initially.,Baker would still have 56163 cakes.,entailment,t_sub_017,sub-094
0586,At the arcade Dave had won 9 tickets. He used some tickets to buy toys. He still has 3 tickets left.,Dave used 6 tickets to buy toys.,entailment,t_sub_019,sub-008
0587,At the arcade Dave had won 47 tickets. He used some tickets to buy toys. He still has 7 tickets left.,Dave used 40 tickets to buy toys.,entailment,t_sub_019,sub-019
0588,At the arcade Dave had won 93 tickets. He used some tickets to buy toys. He still has 57 tickets left.,Dave used 36 tickets to buy toys.,entailment,t_sub_019,sub-032
0589,At the arcade Dave had won 7195 tickets. He used some tickets to buy toys. He still has 713 tickets left.,Dave used 6482 tickets to buy toys.,entailment,t_sub_019,sub-068
0590,At the arcade Dave had won 76666 tickets. He used some tickets to buy toys. He still has 3560 tickets left.,Dave used 73106 tickets to buy toys.,entailment,t_sub_019,sub-090
0591,At the arcade Dave had won 78312 tickets. He used some tickets to buy toys. He still has 64331 tickets left.,Dave used 13981 tickets to buy toys.,entailment,t_sub_019,sub-092
0592,At the arcade Dave had won 86200 tickets. He used some tickets to buy toys. He still has 11730 tickets left.,Dave used 74470 tickets to buy toys.,entailment,t_sub_019,sub-093
0593,At the arcade Dave had won 94374 tickets. He used some tickets to buy toys. He still has 12842 tickets left.,Dave used 81532 tickets to buy toys.,entailment,t_sub_019,sub-096
0594,Jason had 9 Pokemon cards  and he gave 2 to his friends ,He has 7 Pokemon cards now,entailment,t_sub_020,sub-007
0595,Jason had 180 Pokemon cards  and he gave 12 to his friends ,He has 168 Pokemon cards now,entailment,t_sub_020,sub-037
0596,Jason had 3740 Pokemon cards  and he gave 1330 to his friends ,He has 2410 Pokemon cards now,entailment,t_sub_020,sub-060
0597,Jason had 9222 Pokemon cards  and he gave 20 to his friends ,He has 9202 Pokemon cards now,entailment,t_sub_020,sub-075
0598,Jason had 9733 Pokemon cards  and he gave 150 to his friends ,He has 9583 Pokemon cards now,entailment,t_sub_020,sub-076
0599,Jason had 86200 Pokemon cards  and he gave 11730 to his friends ,He has 74470 Pokemon cards now,entailment,t_sub_020,sub-093
0600,Haley bought 132 new shirts for school. She returned 11 of them.,Haley ended up with 121 new shirts.,entailment,t_sub_021,sub-034
0601,Haley bought 94374 new shirts for school. She returned 12842 of them.,Haley ended up with 81532 new shirts.,entailment,t_sub_021,sub-096
0602,Joan 's cat had 6 kittens  and she gave 3 to her friends ,She has 3 kittens now,entailment,t_sub_022,sub-001
0603,Joan 's cat had 9 kittens  and she gave 2 to her friends ,She has 7 kittens now,entailment,t_sub_022,sub-007
0604,Joan 's cat had 78 kittens  and she gave 46 to her friends ,She has 32 kittens now,entailment,t_sub_022,sub-028
0605,Joan 's cat had 93 kittens  and she gave 57 to her friends ,She has 36 kittens now,entailment,t_sub_022,sub-032
0606,Joan 's cat had 7500 kittens  and she gave 5000 to her friends ,She has 2500 kittens now,entailment,t_sub_022,sub-069
0607,Joan 's cat had 77148 kittens  and she gave 62935 to her friends ,She has 14213 kittens now,entailment,t_sub_022,sub-091
0608,Joan 's cat had 125000 kittens  and she gave 20000 to her friends ,She has 105000 kittens now,entailment,t_sub_022,sub-099
0609,A restaurant made 36 hamburgers to serve during lunch  and only 13 were actually served ,23 hamburgers were left over from lunch ,entailment,t_sub_024,sub-017
0610,A restaurant made 248 hamburgers to serve during lunch  and only 119 were actually served ,129 hamburgers were left over from lunch ,entailment,t_sub_024,sub-035
0611,A restaurant made 413 hamburgers to serve during lunch  and only 261 were actually served ,152 hamburgers were left over from lunch ,entailment,t_sub_024,sub-041
0612,A restaurant made 682 hamburgers to serve during lunch  and only 591 were actually served ,91 hamburgers were left over from lunch ,entailment,t_sub_024,sub-046
0613,A restaurant made 3740 hamburgers to serve during lunch  and only 1330 were actually served ,2410 hamburgers were left over from lunch ,entailment,t_sub_024,sub-060
0614,A restaurant made 78312 hamburgers to serve during lunch  and only 64331 were actually served ,13981 hamburgers were left over from lunch ,entailment,t_sub_024,sub-092
0615,Oliver won 12 tickets playing games at the arcade. He spent 11 tickets buying a water gun.,Oliver had 1 tickets left.,entailment,t_sub_025,sub-010
0616,Oliver won 93 tickets playing games at the arcade. He spent 57 tickets buying a water gun.,Oliver had 36 tickets left.,entailment,t_sub_025,sub-032
0617,Oliver won 333 tickets playing games at the arcade. He spent 23 tickets buying a water gun.,Oliver had 310 tickets left.,entailment,t_sub_025,sub-038
0618,Oliver won 766 tickets playing games at the arcade. He spent 86 tickets buying a water gun.,Oliver had 680 tickets left.,entailment,t_sub_025,sub-048
0619,Oliver won 5329 tickets playing games at the arcade. He spent 97 tickets buying a water gun.,Oliver had 5232 tickets left.,entailment,t_sub_025,sub-062
0620,Oliver won 6903 tickets playing games at the arcade. He spent 220 tickets buying a water gun.,Oliver had 6683 tickets left.,entailment,t_sub_025,sub-066
0621,Oliver won 7020 tickets playing games at the arcade. He spent 260 tickets buying a water gun.,Oliver had 6760 tickets left.,entailment,t_sub_025,sub-067
0622,Oliver won 94374 tickets playing games at the arcade. He spent 12842 tickets buying a water gun.,Oliver had 81532 tickets left.,entailment,t_sub_025,sub-096
0623,Oliver won 125000 tickets playing games at the arcade. He spent 20000 tickets buying a water gun.,Oliver had 105000 tickets left.,entailment,t_sub_025,sub-099
0624,You have read 11 books from the ' crazy silly school ' series. There are a total of 12 different books in the ' crazy silly school ' series.,You still have to read 1 more books.,entailment,t_sub_026,sub-010
0625,You have read 5 books from the ' crazy silly school ' series. There are a total of 25 different books in the ' crazy silly school ' series.,You still have to read 20 more books.,entailment,t_sub_026,sub-016
0626,You have read 49 books from the ' crazy silly school ' series. There are a total of 57 different books in the ' crazy silly school ' series.,You still have to read 8 more books.,entailment,t_sub_026,sub-021
0627,You have read 83 books from the ' crazy silly school ' series. There are a total of 3878 different books in the ' crazy silly school ' series.,You still have to read 3795 more books.,entailment,t_sub_026,sub-061
0628,You have read 9917 books from the ' crazy silly school ' series. There are a total of 10132 different books in the ' crazy silly school ' series.,You still have to read 215 more books.,entailment,t_sub_026,sub-078
0629,You have read 64331 books from the ' crazy silly school ' series. There are a total of 78312 different books in the ' crazy silly school ' series.,You still have to read 13981 more books.,entailment,t_sub_026,sub-092
0630,You have read 20000 books from the ' crazy silly school ' series. There are a total of 125000 different books in the ' crazy silly school ' series.,You still have to read 105000 more books.,entailment,t_sub_026,sub-099
0631,Isabella's hair is 7945 inches long. By the end of the year her hair is 10679 inches long.,Isabella grew 2734 inches of hair.,entailment,t_sub_027,sub-079
0632,Isabella's hair is 1570 inches long. By the end of the year her hair is 16864 inches long.,Isabella grew 15294 inches of hair.,entailment,t_sub_027,sub-080
0633,6 ducks are swimming in a lake and 5 ducks leave,1 ducks are swimming in the lake,entailment,t_sub_028,sub-002
0634,There were some roses in the vase. Jessica cut 3 more roses from her flower garden and put them in the vase. There are now 6 roses in the vase.,There were 3 roses in the vase at the beginning.,entailment,t_sub_029,sub-001
0635,There were some roses in the vase. Jessica cut 5 more roses from her flower garden and put them in the vase. There are now 7 roses in the vase.,There were 2 roses in the vase at the beginning.,entailment,t_sub_029,sub-004
0636,There were some roses in the vase. Jessica cut 3082 more roses from her flower garden and put them in the vase. There are now 6868 roses in the vase.,There were 3786 roses in the vase at the beginning.,entailment,t_sub_029,sub-065
0637,There were some roses in the vase. Jessica cut 220 more roses from her flower garden and put them in the vase. There are now 6903 roses in the vase.,There were 6683 roses in the vase at the beginning.,entailment,t_sub_029,sub-066
0638,There were some roses in the vase. Jessica cut 44542 more roses from her flower garden and put them in the vase. There are now 60874 roses in the vase.,There were 16332 roses in the vase at the beginning.,entailment,t_sub_029,sub-085
0639,"3 children were riding on the bus. At the bus stop, some more children got on the bus. Then there were 6 children altogether on the bus.",3 children got on the bus at the bus stop.,entailment,t_sub_030,sub-001
0640,"46 children were riding on the bus. At the bus stop, some more children got on the bus. Then there were 78 children altogether on the bus.",32 children got on the bus at the bus stop.,entailment,t_sub_030,sub-028
0641,"35 children were riding on the bus. At the bus stop, some more children got on the bus. Then there were 83 children altogether on the bus.",48 children got on the bus at the bus stop.,entailment,t_sub_030,sub-031
0642,"81 children were riding on the bus. At the bus stop, some more children got on the bus. Then there were 97 children altogether on the bus.",16 children got on the bus at the bus stop.,entailment,t_sub_030,sub-033
0643,"86 children were riding on the bus. At the bus stop, some more children got on the bus. Then there were 766 children altogether on the bus.",680 children got on the bus at the bus stop.,entailment,t_sub_030,sub-048
0644,"623 children were riding on the bus. At the bus stop, some more children got on the bus. Then there were 817 children altogether on the bus.",194 children got on the bus at the bus stop.,entailment,t_sub_030,sub-050
0645,"1830 children were riding on the bus. At the bus stop, some more children got on the bus. Then there were 2050 children altogether on the bus.",220 children got on the bus at the bus stop.,entailment,t_sub_030,sub-056
0646,"958 children were riding on the bus. At the bus stop, some more children got on the bus. Then there were 6447 children altogether on the bus.",5489 children got on the bus at the bus stop.,entailment,t_sub_030,sub-064
0647,"11730 children were riding on the bus. At the bus stop, some more children got on the bus. Then there were 86200 children altogether on the bus.",74470 children got on the bus at the bus stop.,entailment,t_sub_030,sub-093
0648,"56789 children were riding on the bus. At the bus stop, some more children got on the bus. Then there were 123456 children altogether on the bus.",66667 children got on the bus at the bus stop.,entailment,t_sub_030,sub-098
0649,Bobby ate 591 pieces of candy. He initially had 682 pieces of candy.,Bobby still has 91 pieces of candy left.,entailment,t_sub_031,sub-046
0650,Bobby ate 3533 pieces of candy. He initially had 8656 pieces of candy.,Bobby still has 5123 pieces of candy left.,entailment,t_sub_031,sub-072
0651,After finding some bottle caps at the park danny has 14 bottle caps in his collection. He had 7 bottle caps in his collection earlier.,Danny found 7 bottle caps at the park.,entailment,t_sub_032,sub-018
0652,After finding some bottle caps at the park danny has 585 bottle caps in his collection. He had 107 bottle caps in his collection earlier.,Danny found 478 bottle caps at the park.,entailment,t_sub_032,sub-044
0653,After finding some bottle caps at the park danny has 705 bottle caps in his collection. He had 396 bottle caps in his collection earlier.,Danny found 309 bottle caps at the park.,entailment,t_sub_032,sub-047
0654,After finding some bottle caps at the park danny has 3740 bottle caps in his collection. He had 1330 bottle caps in his collection earlier.,Danny found 2410 bottle caps at the park.,entailment,t_sub_032,sub-060
0655,After finding some bottle caps at the park danny has 9000 bottle caps in his collection. He had 1200 bottle caps in his collection earlier.,Danny found 7800 bottle caps at the park.,entailment,t_sub_032,sub-074
0656,After finding some bottle caps at the park danny has 100000 bottle caps in his collection. He had 44444 bottle caps in his collection earlier.,Danny found 55556 bottle caps at the park.,entailment,t_sub_032,sub-097
0657,David did 261 more push-ups than Zachary in gym class today. David did 413 push-ups.,Zachary did 152 push-ups.,entailment,t_sub_033,sub-041
0658,David did 107 more push-ups than Zachary in gym class today. David did 585 push-ups.,Zachary did 478 push-ups.,entailment,t_sub_033,sub-044
0659,David did 17386 more push-ups than Zachary in gym class today. David did 35304 push-ups.,Zachary did 17918 push-ups.,entailment,t_sub_033,sub-082
0660,Robin bought 7 sodas for her and her friends. They only drank 1 of them.,Robin had 6 extras.,entailment,t_sub_034,sub-003
0661,Robin bought 54 sodas for her and her friends. They only drank 18 of them.,Robin had 36 extras.,entailment,t_sub_034,sub-022
0662,Robin bought 270 sodas for her and her friends. They only drank 72 of them.,Robin had 198 extras.,entailment,t_sub_034,sub-036
0663,Robin bought 682 sodas for her and her friends. They only drank 591 of them.,Robin had 91 extras.,entailment,t_sub_034,sub-046
0664,Robin bought 945 sodas for her and her friends. They only drank 97 of them.,Robin had 848 extras.,entailment,t_sub_034,sub-053
0665,Robin bought 7500 sodas for her and her friends. They only drank 5000 of them.,Robin had 2500 extras.,entailment,t_sub_034,sub-069
0666,Robin bought 9924 sodas for her and her friends. They only drank 9280 of them.,Robin had 644 extras.,entailment,t_sub_034,sub-077
0667,Robin bought 10679 sodas for her and her friends. They only drank 7945 of them.,Robin had 2734 extras.,entailment,t_sub_034,sub-079
0668,Robin bought 31926 sodas for her and her friends. They only drank 25103 of them.,Robin had 6823 extras.,entailment,t_sub_034,sub-081
0669,Josh lost 98 marbles. He had 357 marbles in his collection earlier.,Josh has 259 marbles now.,entailment,t_sub_035,sub-039
0670,Josh lost 396 marbles. He had 436 marbles in his collection earlier.,Josh has 40 marbles now.,entailment,t_sub_035,sub-042
0671,Josh lost 250 marbles. He had 350 marbles in his collection earlier.,Josh has 100 marbles now.,entailment,t_sub_035,sub-049
0672,Josh lost 83 marbles. He had 3878 marbles in his collection earlier.,Josh has 3795 marbles now.,entailment,t_sub_035,sub-061
0673,Josh lost 5000 marbles. He had 7500 marbles in his collection earlier.,Josh has 2500 marbles now.,entailment,t_sub_035,sub-069
0674,Brian ran around the school track in 6 seconds. Todd ran around it in 5 seconds.,It took Todd 1 fewer seconds to run around the track.,entailment,t_sub_037,sub-002
0675,Brian ran around the school track in 17 seconds. Todd ran around it in 8 seconds.,It took Todd 9 fewer seconds to run around the track.,entailment,t_sub_037,sub-013
0676,Brian ran around the school track in 50 seconds. Todd ran around it in 25 seconds.,It took Todd 25 fewer seconds to run around the track.,entailment,t_sub_037,sub-020
0677,Brian ran around the school track in 62 seconds. Todd ran around it in 2 seconds.,It took Todd 60 fewer seconds to run around the track.,entailment,t_sub_037,sub-024
0678,Brian ran around the school track in 3878 seconds. Todd ran around it in 83 seconds.,It took Todd 3795 fewer seconds to run around the track.,entailment,t_sub_037,sub-061
0679,Brian ran around the school track in 8977 seconds. Todd ran around it in 5249 seconds.,It took Todd 3728 fewer seconds to run around the track.,entailment,t_sub_037,sub-073
0680,Brian ran around the school track in 59111 seconds. Todd ran around it in 58298 seconds.,It took Todd 813 fewer seconds to run around the track.,entailment,t_sub_037,sub-084
0681,Brian ran around the school track in 100000 seconds. Todd ran around it in 44444 seconds.,It took Todd 55556 fewer seconds to run around the track.,entailment,t_sub_037,sub-097
0682,Isabella's hair is 54 inches long. She gets a haircut and now her hair is 18 inches long.,Isabella cut off 36 inches of her hair.,entailment,t_sub_038,sub-022
0683,Isabella's hair is 31926 inches long. She gets a haircut and now her hair is 25103 inches long.,Isabella cut off 6823 inches of her hair.,entailment,t_sub_038,sub-081
0684,Isabella's hair is 59111 inches long. She gets a haircut and now her hair is 58298 inches long.,Isabella cut off 813 inches of her hair.,entailment,t_sub_038,sub-084
0685,There are 25 students in Mrs. Riley's class but she only has 5 pencils.,Mrs. Riley needs 20 more pencils.,entailment,t_sub_039,sub-016
0686,There are 83 students in Mrs. Riley's class but she only has 35 pencils.,Mrs. Riley needs 48 more pencils.,entailment,t_sub_039,sub-031
0687,There are 817 students in Mrs. Riley's class but she only has 623 pencils.,Mrs. Riley needs 194 more pencils.,entailment,t_sub_039,sub-050
0688,There are 839 students in Mrs. Riley's class but she only has 31 pencils.,Mrs. Riley needs 808 more pencils.,entailment,t_sub_039,sub-051
0689,The Empire State Building is 5 meters tall and the Petronas Towers are 25 meters tall.,The height difference is 20 meters.,entailment,t_sub_040,sub-016
0690,The Empire State Building is 548 meters tall and the Petronas Towers are 2255 meters tall.,The height difference is 1707 meters.,entailment,t_sub_040,sub-057
0691,The Empire State Building is 20 meters tall and the Petronas Towers are 9222 meters tall.,The height difference is 9202 meters.,entailment,t_sub_040,sub-075
0692,Edward had $ 413. He spent some money. Now he has $ 261.,Edward spent $152.,entailment,t_sub_041,sub-041
0693,Edward had $ 5329. He spent some money. Now he has $ 97.,Edward spent $5232.,entailment,t_sub_041,sub-062
0694,"At Mrs. Hilt's house, there was 14 inches of snow, and Brecknock Elementary School received 3 inches of snow.",Mrs. Hilt's house had 11 inches more snow.,entailment,t_sub_042,sub-011
0695,"At Mrs. Hilt's house, there was 47 inches of snow, and Brecknock Elementary School received 7 inches of snow.",Mrs. Hilt's house had 40 inches more snow.,entailment,t_sub_042,sub-019
0696,"At Mrs. Hilt's house, there was 80 inches of snow, and Brecknock Elementary School received 47 inches of snow.",Mrs. Hilt's house had 33 inches more snow.,entailment,t_sub_042,sub-029
0697,"At Mrs. Hilt's house, there was 93 inches of snow, and Brecknock Elementary School received 57 inches of snow.",Mrs. Hilt's house had 36 inches more snow.,entailment,t_sub_042,sub-032
0698,"At Mrs. Hilt's house, there was 97 inches of snow, and Brecknock Elementary School received 81 inches of snow.",Mrs. Hilt's house had 16 inches more snow.,entailment,t_sub_042,sub-033
0699,"At Mrs. Hilt's house, there was 415 inches of snow, and Brecknock Elementary School received 32 inches of snow.",Mrs. Hilt's house had 383 inches more snow.,entailment,t_sub_042,sub-040
0700,"At Mrs. Hilt's house, there was 585 inches of snow, and Brecknock Elementary School received 107 inches of snow.",Mrs. Hilt's house had 478 inches more snow.,entailment,t_sub_042,sub-044
0701,"At Mrs. Hilt's house, there was 3878 inches of snow, and Brecknock Elementary School received 83 inches of snow.",Mrs. Hilt's house had 3795 inches more snow.,entailment,t_sub_042,sub-061
0702,"At Mrs. Hilt's house, there was 75000 inches of snow, and Brecknock Elementary School received 25000 inches of snow.",Mrs. Hilt's house had 50000 inches more snow.,entailment,t_sub_042,sub-087
0703,Mrs. Hilt saw 50 butterflies. Some of the butterflies were red and others were orange. 25 of the butterflies were orange.,25 butterflies were red.,entailment,t_sub_043,sub-020
0704,Mrs. Hilt saw 585 butterflies. Some of the butterflies were red and others were orange. 107 of the butterflies were orange.,478 butterflies were red.,entailment,t_sub_043,sub-044
0705,Mrs. Hilt saw 2400 butterflies. Some of the butterflies were red and others were orange. 1600 of the butterflies were orange.,800 butterflies were red.,entailment,t_sub_043,sub-059
0706,Mrs. Hilt saw 7195 butterflies. Some of the butterflies were red and others were orange. 713 of the butterflies were orange.,6482 butterflies were red.,entailment,t_sub_043,sub-068
0707,Mrs. Hilt saw 78312 butterflies. Some of the butterflies were red and others were orange. 64331 of the butterflies were orange.,13981 butterflies were red.,entailment,t_sub_043,sub-092
0708,3 birds were sitting in a tree. Some more fly up to the tree. Then there were 4 birds in the tree.,1 more birds flew up to the tree.,entailment,t_sub_044,sub-000
0709,8 birds were sitting in a tree. Some more fly up to the tree. Then there were 17 birds in the tree.,9 more birds flew up to the tree.,entailment,t_sub_044,sub-013
0710,9 birds were sitting in a tree. Some more fly up to the tree. Then there were 61 birds in the tree.,52 more birds flew up to the tree.,entailment,t_sub_044,sub-023
0711,46 birds were sitting in a tree. Some more fly up to the tree. Then there were 78 birds in the tree.,32 more birds flew up to the tree.,entailment,t_sub_044,sub-028
0712,44444 birds were sitting in a tree. Some more fly up to the tree. Then there were 100000 birds in the tree.,55556 more birds flew up to the tree.,entailment,t_sub_044,sub-097
0713,Baker made 18 cakes. His friend bought 16 cakes from him.,Baker would still have 2 cakes.,entailment,t_sub_045,sub-015
0714,Baker made 2270 cakes. His friend bought 677 cakes from him.,Baker would still have 1593 cakes.,entailment,t_sub_045,sub-058
0715,Baker made 5329 cakes. His friend bought 97 cakes from him.,Baker would still have 5232 cakes.,entailment,t_sub_045,sub-062
0716,Baker made 78312 cakes. His friend bought 64331 cakes from him.,Baker would still have 13981 cakes.,entailment,t_sub_045,sub-092
0717,Gary had 4 dollars. He spent 3 dollars on a pet snake.,Gary had 1 dollars left.,entailment,t_sub_048,sub-000
0718,Gary had 97 dollars. He spent 81 dollars on a pet snake.,Gary had 16 dollars left.,entailment,t_sub_048,sub-033
0719,Gary had 585 dollars. He spent 107 dollars on a pet snake.,Gary had 478 dollars left.,entailment,t_sub_048,sub-044
0720,Gary had 682 dollars. He spent 591 dollars on a pet snake.,Gary had 91 dollars left.,entailment,t_sub_048,sub-046
0721,Gary had 705 dollars. He spent 396 dollars on a pet snake.,Gary had 309 dollars left.,entailment,t_sub_048,sub-047
0722,Gary had 1057 dollars. He spent 181 dollars on a pet snake.,Gary had 876 dollars left.,entailment,t_sub_048,sub-055
0723,Gary had 2270 dollars. He spent 677 dollars on a pet snake.,Gary had 1593 dollars left.,entailment,t_sub_048,sub-058
0724,Gary had 3740 dollars. He spent 1330 dollars on a pet snake.,Gary had 2410 dollars left.,entailment,t_sub_048,sub-060
0725,Marco and his dad went strawberry picking. Marco's dad's strawberries weighed 12 pounds. Together their strawberries weighed 15 pounds.,Marco's strawberries weigh 3 pounds.,entailment,t_sub_049,sub-012
0726,Marco and his dad went strawberry picking. Marco's dad's strawberries weighed 261 pounds. Together their strawberries weighed 413 pounds.,Marco's strawberries weigh 152 pounds.,entailment,t_sub_049,sub-041
0727,Marco and his dad went strawberry picking. Marco's dad's strawberries weighed 107 pounds. Together their strawberries weighed 585 pounds.,Marco's strawberries weigh 478 pounds.,entailment,t_sub_049,sub-044
0728,Marco and his dad went strawberry picking. Marco's dad's strawberries weighed 396 pounds. Together their strawberries weighed 705 pounds.,Marco's strawberries weigh 309 pounds.,entailment,t_sub_049,sub-047
0729,Marco and his dad went strawberry picking. Marco's dad's strawberries weighed 1330 pounds. Together their strawberries weighed 3740 pounds.,Marco's strawberries weigh 2410 pounds.,entailment,t_sub_049,sub-060
0730,Marco and his dad went strawberry picking. Marco's dad's strawberries weighed 97 pounds. Together their strawberries weighed 5329 pounds.,Marco's strawberries weigh 5232 pounds.,entailment,t_sub_049,sub-062
0731,Marco and his dad went strawberry picking. Marco's dad's strawberries weighed 5000 pounds. Together their strawberries weighed 7500 pounds.,Marco's strawberries weigh 2500 pounds.,entailment,t_sub_049,sub-069
0732,Marco and his dad went strawberry picking. Marco's dad's strawberries weighed 20 pounds. Together their strawberries weighed 9222 pounds.,Marco's strawberries weigh 9202 pounds.,entailment,t_sub_049,sub-075
0733,Marco and his dad went strawberry picking. Marco's dad's strawberries weighed 17386 pounds. Together their strawberries weighed 35304 pounds.,Marco's strawberries weigh 17918 pounds.,entailment,t_sub_049,sub-082
0734,Marco and his dad went strawberry picking. Marco's dad's strawberries weighed 37919 pounds. Together their strawberries weighed 73040 pounds.,Marco's strawberries weigh 35121 pounds.,entailment,t_sub_049,sub-089
0735,"Wendy is a very generous kid. Every time her parents buy her some stuff, she always gives some of it to her friends. For her birthday this year, she received a new set of shoes. She now has a total of 14 pairs of shoes. She gave away 7 pairs of shoes to her friends.",Wendy was left with 7 pairs of shoes.,entailment,t_sub_050,sub-018
0736,"Wendy is a very generous kid. Every time her parents buy her some stuff, she always gives some of it to her friends. For her birthday this year, she received a new set of shoes. She now has a total of 73 pairs of shoes. She gave away 35 pairs of shoes to her friends.",Wendy was left with 38 pairs of shoes.,entailment,t_sub_050,sub-026
0737,"Wendy is a very generous kid. Every time her parents buy her some stuff, she always gives some of it to her friends. For her birthday this year, she received a new set of shoes. She now has a total of 600 pairs of shoes. She gave away 500 pairs of shoes to her friends.",Wendy was left with 100 pairs of shoes.,entailment,t_sub_050,sub-045
0738,"Wendy is a very generous kid. Every time her parents buy her some stuff, she always gives some of it to her friends. For her birthday this year, she received a new set of shoes. She now has a total of 6868 pairs of shoes. She gave away 3082 pairs of shoes to her friends.",Wendy was left with 3786 pairs of shoes.,entailment,t_sub_050,sub-065
0739,"Wendy is a very generous kid. Every time her parents buy her some stuff, she always gives some of it to her friends. For her birthday this year, she received a new set of shoes. She now has a total of 9000 pairs of shoes. She gave away 1200 pairs of shoes to her friends.",Wendy was left with 7800 pairs of shoes.,entailment,t_sub_050,sub-074
0740,"Wendy is a very generous kid. Every time her parents buy her some stuff, she always gives some of it to her friends. For her birthday this year, she received a new set of shoes. She now has a total of 78312 pairs of shoes. She gave away 64331 pairs of shoes to her friends.",Wendy was left with 13981 pairs of shoes.,entailment,t_sub_050,sub-092
0741,"Wendy is a very generous kid. Every time her parents buy her some stuff, she always gives some of it to her friends. For her birthday this year, she received a new set of shoes. She now has a total of 92614 pairs of shoes. She gave away 35356 pairs of shoes to her friends.",Wendy was left with 57258 pairs of shoes.,entailment,t_sub_050,sub-095
0742,"For the championship game, they faced the powerful Red Team. Wanting redemption, Chuck and his teammates did their best and gave everything that they've got. In the end, they won the game with the final score of 57. The Red Team scored 49 points.",The difference of their scores is 8 points.,entailment,t_sub_051,sub-021
0743,"For the championship game, they faced the powerful Red Team. Wanting redemption, Chuck and his teammates did their best and gave everything that they've got. In the end, they won the game with the final score of 62. The Red Team scored 2 points.",The difference of their scores is 60 points.,entailment,t_sub_051,sub-024
0744,"For the championship game, they faced the powerful Red Team. Wanting redemption, Chuck and his teammates did their best and gave everything that they've got. In the end, they won the game with the final score of 97. The Red Team scored 81 points.",The difference of their scores is 16 points.,entailment,t_sub_051,sub-033
0745,"For the championship game, they faced the powerful Red Team. Wanting redemption, Chuck and his teammates did their best and gave everything that they've got. In the end, they won the game with the final score of 180. The Red Team scored 12 points.",The difference of their scores is 168 points.,entailment,t_sub_051,sub-037
0746,"For the championship game, they faced the powerful Red Team. Wanting redemption, Chuck and his teammates did their best and gave everything that they've got. In the end, they won the game with the final score of 413. The Red Team scored 261 points.",The difference of their scores is 152 points.,entailment,t_sub_051,sub-041
0747,"For the championship game, they faced the powerful Red Team. Wanting redemption, Chuck and his teammates did their best and gave everything that they've got. In the end, they won the game with the final score of 3878. The Red Team scored 83 points.",The difference of their scores is 3795 points.,entailment,t_sub_051,sub-061
0748,"For the championship game, they faced the powerful Red Team. Wanting redemption, Chuck and his teammates did their best and gave everything that they've got. In the end, they won the game with the final score of 5329. The Red Team scored 97 points.",The difference of their scores is 5232 points.,entailment,t_sub_051,sub-062
0749,"For the championship game, they faced the powerful Red Team. Wanting redemption, Chuck and his teammates did their best and gave everything that they've got. In the end, they won the game with the final score of 9924. The Red Team scored 9280 points.",The difference of their scores is 644 points.,entailment,t_sub_051,sub-077
0750,"For the championship game, they faced the powerful Red Team. Wanting redemption, Chuck and his teammates did their best and gave everything that they've got. In the end, they won the game with the final score of 92396. The Red Team scored 36233 points.",The difference of their scores is 56163 points.,entailment,t_sub_051,sub-094
0751,Sandy has 8 pet fish and her cat ate 1,Sandy has 7 now,entailment,t_sub_052,sub-006
0752,"During Halloween, she was able to get a lot of candies from trick or treating. She decided to give away some of them to the homeless kids nearby. She has 36 candies and gave away 13.",She has 23 candies left.,entailment,t_sub_053,sub-017
0753,"During Halloween, she was able to get a lot of candies from trick or treating. She decided to give away some of them to the homeless kids nearby. She has 415 candies and gave away 32.",She has 383 candies left.,entailment,t_sub_053,sub-040
0754,Marco and his dad went strawberry picking. Marco's strawberries weighed 5 pounds. together their strawberries weighed 6 pounds.,His dad's strawberries weigh 1 pounds.,entailment,t_sub_054,sub-002
0755,Marco and his dad went strawberry picking. Marco's strawberries weighed 49 pounds. together their strawberries weighed 57 pounds.,His dad's strawberries weigh 8 pounds.,entailment,t_sub_054,sub-021
0756,Marco and his dad went strawberry picking. Marco's strawberries weighed 2 pounds. together their strawberries weighed 62 pounds.,His dad's strawberries weigh 60 pounds.,entailment,t_sub_054,sub-024
0757,Marco and his dad went strawberry picking. Marco's strawberries weighed 548 pounds. together their strawberries weighed 2255 pounds.,His dad's strawberries weigh 1707 pounds.,entailment,t_sub_054,sub-057
0758,Marco and his dad went strawberry picking. Marco's strawberries weighed 260 pounds. together their strawberries weighed 7020 pounds.,His dad's strawberries weigh 6760 pounds.,entailment,t_sub_054,sub-067
0759,Marco and his dad went strawberry picking. Marco's strawberries weighed 1570 pounds. together their strawberries weighed 16864 pounds.,His dad's strawberries weigh 15294 pounds.,entailment,t_sub_054,sub-080
0760,Marco and his dad went strawberry picking. Marco's strawberries weighed 18823 pounds. together their strawberries weighed 75292 pounds.,His dad's strawberries weigh 56469 pounds.,entailment,t_sub_054,sub-088
0761,James had 12 stickers. He got some more stickers for his birthday. Then he had 15 stickers.,James got 3 stickers for his birthday.,entailment,t_sub_055,sub-012
0762,James had 35 stickers. He got some more stickers for his birthday. Then he had 73 stickers.,James got 38 stickers for his birthday.,entailment,t_sub_055,sub-026
0763,James had 9 stickers. He got some more stickers for his birthday. Then he had 63 stickers.,James got 54 stickers for his birthday.,entailment,t_sub_055,sub-030
0764,James had 86 stickers. He got some more stickers for his birthday. Then he had 766 stickers.,James got 680 stickers for his birthday.,entailment,t_sub_055,sub-048
0765,James had 1330 stickers. He got some more stickers for his birthday. Then he had 3740 stickers.,James got 2410 stickers for his birthday.,entailment,t_sub_055,sub-060
0766,James had 11730 stickers. He got some more stickers for his birthday. Then he had 86200 stickers.,James got 74470 stickers for his birthday.,entailment,t_sub_055,sub-093
0767,Randy has 6 blocks. He uses some blocks to build a tower. There are 5 blocks left.,Randy used 1 blocks to build the tower.,entailment,t_sub_057,sub-002
0768,Randy has 7 blocks. He uses some blocks to build a tower. There are 6 blocks left.,Randy used 1 blocks to build the tower.,entailment,t_sub_057,sub-005
0769,Randy has 17 blocks. He uses some blocks to build a tower. There are 8 blocks left.,Randy used 9 blocks to build the tower.,entailment,t_sub_057,sub-013
0770,Randy has 18 blocks. He uses some blocks to build a tower. There are 5 blocks left.,Randy used 13 blocks to build the tower.,entailment,t_sub_057,sub-014
0771,Randy has 54 blocks. He uses some blocks to build a tower. There are 18 blocks left.,Randy used 36 blocks to build the tower.,entailment,t_sub_057,sub-022
0772,Randy has 62 blocks. He uses some blocks to build a tower. There are 31 blocks left.,Randy used 31 blocks to build the tower.,entailment,t_sub_057,sub-025
0773,Randy has 78 blocks. He uses some blocks to build a tower. There are 46 blocks left.,Randy used 32 blocks to build the tower.,entailment,t_sub_057,sub-028
0774,Randy has 600 blocks. He uses some blocks to build a tower. There are 500 blocks left.,Randy used 100 blocks to build the tower.,entailment,t_sub_057,sub-045
0775,Randy has 2255 blocks. He uses some blocks to build a tower. There are 548 blocks left.,Randy used 1707 blocks to build the tower.,entailment,t_sub_057,sub-057
0776,Randy has 77148 blocks. He uses some blocks to build a tower. There are 62935 blocks left.,Randy used 14213 blocks to build the tower.,entailment,t_sub_057,sub-091
0777,"Tommy had some balloons. His mom gave him 3 more balloons for his birthday. Then, Tommy had 6 balloons.",Tommy had 3 balloons to start with.,entailment,t_sub_058,sub-001
0778,"Tommy had some balloons. His mom gave him 98 more balloons for his birthday. Then, Tommy had 357 balloons.",Tommy had 259 balloons to start with.,entailment,t_sub_058,sub-039
0779,"Tommy had some balloons. His mom gave him 396 more balloons for his birthday. Then, Tommy had 436 balloons.",Tommy had 40 balloons to start with.,entailment,t_sub_058,sub-042
0780,"Tommy had some balloons. His mom gave him 1830 more balloons for his birthday. Then, Tommy had 2050 balloons.",Tommy had 220 balloons to start with.,entailment,t_sub_058,sub-056
0781,"Tommy had some balloons. His mom gave him 1727 more balloons for his birthday. Then, Tommy had 5587 balloons.",Tommy had 3860 balloons to start with.,entailment,t_sub_058,sub-063
0782,"Tommy had some balloons. His mom gave him 150 more balloons for his birthday. Then, Tommy had 9733 balloons.",Tommy had 9583 balloons to start with.,entailment,t_sub_058,sub-076
0783,"Tommy had some balloons. His mom gave him 62935 more balloons for his birthday. Then, Tommy had 77148 balloons.",Tommy had 14213 balloons to start with.,entailment,t_sub_058,sub-091
0784,There are 54 books on the shelf and Marta takes 18 books off the shelf,36 books are on the shelf now,entailment,t_sub_060,sub-022
0785,Nell collects baseball cards. She had 10 cards. She gave some of her cards to Jeff and now has 3 cards left.,Nell gave 7 cards to Jeff.,entailment,t_sub_061,sub-009
0786,Nell collects baseball cards. She had 585 cards. She gave some of her cards to Jeff and now has 107 cards left.,Nell gave 478 cards to Jeff.,entailment,t_sub_061,sub-044
0787,Nell collects baseball cards. She had 92614 cards. She gave some of her cards to Jeff and now has 35356 cards left.,Nell gave 57258 cards to Jeff.,entailment,t_sub_061,sub-095
0788,Paco had 76 cookies. He ate 6 of them.,Paco has 70 cookies left.,entailment,t_sub_062,sub-027
0789,Paco had 132 cookies. He ate 11 of them.,Paco has 121 cookies left.,entailment,t_sub_062,sub-034
0790,Paco had 6447 cookies. He ate 958 of them.,Paco has 5489 cookies left.,entailment,t_sub_062,sub-064
0791,Paco had 9222 cookies. He ate 20 of them.,Paco has 9202 cookies left.,entailment,t_sub_062,sub-075
0792,Bryan has 61 skittles. Ben has 9 M&M's.,Brian has 52 more skittles.,entailment,t_sub_063,sub-023
0793,Danny has 5 bottle caps in his collection. He found some more bottle caps at the park. He has 7 bottle caps now.,Danny found 2 bottle caps at the park.,entailment,t_sub_064,sub-004
0794,Danny has 31 bottle caps in his collection. He found some more bottle caps at the park. He has 62 bottle caps now.,Danny found 31 bottle caps at the park.,entailment,t_sub_064,sub-025
0795,Danny has 98 bottle caps in his collection. He found some more bottle caps at the park. He has 357 bottle caps now.,Danny found 259 bottle caps at the park.,entailment,t_sub_064,sub-039
0796,Danny has 396 bottle caps in his collection. He found some more bottle caps at the park. He has 436 bottle caps now.,Danny found 40 bottle caps at the park.,entailment,t_sub_064,sub-042
0797,Danny has 396 bottle caps in his collection. He found some more bottle caps at the park. He has 705 bottle caps now.,Danny found 309 bottle caps at the park.,entailment,t_sub_064,sub-047
0798,Danny has 44444 bottle caps in his collection. He found some more bottle caps at the park. He has 100000 bottle caps now.,Danny found 55556 bottle caps at the park.,entailment,t_sub_064,sub-097
0799,Winter is almost here and most animals are migrating to warmer countries. There are 6 bird families living near the mountain. 5 bird families flew away for winter.,1 bird families were left near the mountain.,entailment,t_sub_066,sub-002
0800,Winter is almost here and most animals are migrating to warmer countries. There are 25 bird families living near the mountain. 5 bird families flew away for winter.,20 bird families were left near the mountain.,entailment,t_sub_066,sub-016
0801,Winter is almost here and most animals are migrating to warmer countries. There are 50 bird families living near the mountain. 25 bird families flew away for winter.,25 bird families were left near the mountain.,entailment,t_sub_066,sub-020
0802,Winter is almost here and most animals are migrating to warmer countries. There are 270 bird families living near the mountain. 72 bird families flew away for winter.,198 bird families were left near the mountain.,entailment,t_sub_066,sub-036
0803,Winter is almost here and most animals are migrating to warmer countries. There are 600 bird families living near the mountain. 500 bird families flew away for winter.,100 bird families were left near the mountain.,entailment,t_sub_066,sub-045
0804,Winter is almost here and most animals are migrating to warmer countries. There are 10679 bird families living near the mountain. 7945 bird families flew away for winter.,2734 bird families were left near the mountain.,entailment,t_sub_066,sub-079
0805,Winter is almost here and most animals are migrating to warmer countries. There are 92396 bird families living near the mountain. 36233 bird families flew away for winter.,56163 bird families were left near the mountain.,entailment,t_sub_066,sub-094
0806,Paul had 18 books. He sold 5 books in a garage sale.,Paul has 13 books left with him.,entailment,t_sub_067,sub-014
0807,Paul had 57 books. He sold 49 books in a garage sale.,Paul has 8 books left with him.,entailment,t_sub_067,sub-021
0808,Paul had 62 books. He sold 31 books in a garage sale.,Paul has 31 books left with him.,entailment,t_sub_067,sub-025
0809,Paul had 63 books. He sold 9 books in a garage sale.,Paul has 54 books left with him.,entailment,t_sub_067,sub-030
0810,Paul had 97 books. He sold 81 books in a garage sale.,Paul has 16 books left with him.,entailment,t_sub_067,sub-033
0811,Paul had 270 books. He sold 72 books in a garage sale.,Paul has 198 books left with him.,entailment,t_sub_067,sub-036
0812,Paul had 1057 books. He sold 181 books in a garage sale.,Paul has 876 books left with him.,entailment,t_sub_067,sub-055
0813,Paul had 2400 books. He sold 1600 books in a garage sale.,Paul has 800 books left with him.,entailment,t_sub_067,sub-059
0814,Paul had 35304 books. He sold 17386 books in a garage sale.,Paul has 17918 books left with him.,entailment,t_sub_067,sub-082
0815,"Joe had 63 toy cars, and he gives away 9 cars",He will have 54 cars remaining,entailment,t_sub_068,sub-030
0816,"Joe had 8977 toy cars, and he gives away 5249 cars",He will have 3728 cars remaining,entailment,t_sub_068,sub-073
0817,"Joe had 10132 toy cars, and he gives away 9917 cars",He will have 215 cars remaining,entailment,t_sub_068,sub-078
0818,Diane wants to buy a package of cookies. The cookies cost 9 cents. Diane has 2 cents.,Diane needs 7 cents more.,entailment,t_sub_069,sub-007
0819,Diane wants to buy a package of cookies. The cookies cost 62 cents. Diane has 2 cents.,Diane needs 60 cents more.,entailment,t_sub_069,sub-024
0820,Diane wants to buy a package of cookies. The cookies cost 915 cents. Diane has 800 cents.,Diane needs 115 cents more.,entailment,t_sub_069,sub-052
0821,Diane wants to buy a package of cookies. The cookies cost 2255 cents. Diane has 548 cents.,Diane needs 1707 cents more.,entailment,t_sub_069,sub-057
0822,Diane wants to buy a package of cookies. The cookies cost 7195 cents. Diane has 713 cents.,Diane needs 6482 cents more.,entailment,t_sub_069,sub-068
0823,Diane wants to buy a package of cookies. The cookies cost 8977 cents. Diane has 5249 cents.,Diane needs 3728 cents more.,entailment,t_sub_069,sub-073
0824,Diane wants to buy a package of cookies. The cookies cost 86200 cents. Diane has 11730 cents.,Diane needs 74470 cents more.,entailment,t_sub_069,sub-093
0825,Diane wants to buy a package of cookies. The cookies cost 125000 cents. Diane has 20000 cents.,Diane needs 105000 cents more.,entailment,t_sub_069,sub-099
0826,Wendy bought 270 inches of ribbon. She used 72 inches to wrap presents.,Wendy had 198 inches of ribbon left.,entailment,t_sub_071,sub-036
0827,Wendy bought 10132 inches of ribbon. She used 9917 inches to wrap presents.,Wendy had 215 inches of ribbon left.,entailment,t_sub_071,sub-078
0828,Wendy bought 31926 inches of ribbon. She used 25103 inches to wrap presents.,Wendy had 6823 inches of ribbon left.,entailment,t_sub_071,sub-081
0829,The next museum on her list is the Guggenheim in New York as well. There she gave 11 sets of Egyptian mask from her collection of 12.,Alicia has 1 sets of masks left in her collection.,entailment,t_sub_072,sub-010
0830,The next museum on her list is the Guggenheim in New York as well. There she gave 5 sets of Egyptian mask from her collection of 25.,Alicia has 20 sets of masks left in her collection.,entailment,t_sub_072,sub-016
0831,The next museum on her list is the Guggenheim in New York as well. There she gave 119 sets of Egyptian mask from her collection of 248.,Alicia has 129 sets of masks left in her collection.,entailment,t_sub_072,sub-035
0832,The next museum on her list is the Guggenheim in New York as well. There she gave 90 sets of Egyptian mask from her collection of 490.,Alicia has 400 sets of masks left in her collection.,entailment,t_sub_072,sub-043
0833,The next museum on her list is the Guggenheim in New York as well. There she gave 623 sets of Egyptian mask from her collection of 817.,Alicia has 194 sets of masks left in her collection.,entailment,t_sub_072,sub-050
0834,The next museum on her list is the Guggenheim in New York as well. There she gave 5249 sets of Egyptian mask from her collection of 8977.,Alicia has 3728 sets of masks left in her collection.,entailment,t_sub_072,sub-073
0835,The next museum on her list is the Guggenheim in New York as well. There she gave 150 sets of Egyptian mask from her collection of 9733.,Alicia has 9583 sets of masks left in her collection.,entailment,t_sub_072,sub-076
0836,The next museum on her list is the Guggenheim in New York as well. There she gave 7945 sets of Egyptian mask from her collection of 10679.,Alicia has 2734 sets of masks left in her collection.,entailment,t_sub_072,sub-079
0837,The next museum on her list is the Guggenheim in New York as well. There she gave 44444 sets of Egyptian mask from her collection of 100000.,Alicia has 55556 sets of masks left in her collection.,entailment,t_sub_072,sub-097
0838,"After making some pies, chef had 12 apples left. Initially he had 15 apples.",Chef used 3 apples.,entailment,t_sub_073,sub-012
0839,"After making some pies, chef had 16 apples left. Initially he had 18 apples.",Chef used 2 apples.,entailment,t_sub_073,sub-015
0840,"After making some pies, chef had 5 apples left. Initially he had 25 apples.",Chef used 20 apples.,entailment,t_sub_073,sub-016
0841,"After making some pies, chef had 35 apples left. Initially he had 73 apples.",Chef used 38 apples.,entailment,t_sub_073,sub-026
0842,"After making some pies, chef had 9 apples left. Initially he had 63 apples.",Chef used 54 apples.,entailment,t_sub_073,sub-030
0843,"After making some pies, chef had 500 apples left. Initially he had 600 apples.",Chef used 100 apples.,entailment,t_sub_073,sub-045
0844,"After making some pies, chef had 17386 apples left. Initially he had 35304 apples.",Chef used 17918 apples.,entailment,t_sub_073,sub-082
0845,"After making some pies, chef had 64331 apples left. Initially he had 78312 apples.",Chef used 13981 apples.,entailment,t_sub_073,sub-092
0846,"After making some pies, chef had 11730 apples left. Initially he had 86200 apples.",Chef used 74470 apples.,entailment,t_sub_073,sub-093
0847,Denise removes 2 bananas from a jar and there were originally 62 bananas in the jar,60 bananas are left in the jar,entailment,t_sub_074,sub-024
0848,Denise removes 72 bananas from a jar and there were originally 270 bananas in the jar,198 bananas are left in the jar,entailment,t_sub_074,sub-036
0849,Daniel had 6 noodles and he gave 5 noodles to William,Daniel has 1 noodles left,entailment,t_sub_075,sub-002
0850,Daniel had 73040 noodles and he gave 37919 noodles to William,Daniel has 35121 noodles left,entailment,t_sub_075,sub-089
0851,Daniel had 100000 noodles and he gave 44444 noodles to William,Daniel has 55556 noodles left,entailment,t_sub_075,sub-097
0852,Her last stop was the post office. There she sent her rock collection to the Geological Museum in London. She was left with her 2 favorite stones after sending away a part of her collection. She originally has 9 stones in her collection.,She sent away 7 stones.,entailment,t_sub_078,sub-007
0853,Her last stop was the post office. There she sent her rock collection to the Geological Museum in London. She was left with her 12 favorite stones after sending away a part of her collection. She originally has 15 stones in her collection.,She sent away 3 stones.,entailment,t_sub_078,sub-012
0854,Her last stop was the post office. There she sent her rock collection to the Geological Museum in London. She was left with her 31 favorite stones after sending away a part of her collection. She originally has 62 stones in her collection.,She sent away 31 stones.,entailment,t_sub_078,sub-025
0855,Her last stop was the post office. There she sent her rock collection to the Geological Museum in London. She was left with her 5249 favorite stones after sending away a part of her collection. She originally has 8977 stones in her collection.,She sent away 3728 stones.,entailment,t_sub_078,sub-073
0856,Her last stop was the post office. There she sent her rock collection to the Geological Museum in London. She was left with her 17386 favorite stones after sending away a part of her collection. She originally has 35304 stones in her collection.,She sent away 17918 stones.,entailment,t_sub_078,sub-082
0857,Her last stop was the post office. There she sent her rock collection to the Geological Museum in London. She was left with her 37919 favorite stones after sending away a part of her collection. She originally has 73040 stones in her collection.,She sent away 35121 stones.,entailment,t_sub_078,sub-089
0858,"Scott and Sam decided to sell their old comic books. They had 80 comic books altogether. After the sale, they only had 47 comic books.",Scott and Sam sold 33 comic books.,entailment,t_sub_079,sub-029
0859,"Scott and Sam decided to sell their old comic books. They had 92396 comic books altogether. After the sale, they only had 36233 comic books.",Scott and Sam sold 56163 comic books.,entailment,t_sub_079,sub-094
0860,Cade had 50 marbles. He gave 25 to Dylan.,Cade has 25 marbles left.,entailment,t_sub_080,sub-020
0861,Cade had 62 marbles. He gave 2 to Dylan.,Cade has 60 marbles left.,entailment,t_sub_080,sub-024
0862,Cade had 78 marbles. He gave 46 to Dylan.,Cade has 32 marbles left.,entailment,t_sub_080,sub-028
0863,Cade had 270 marbles. He gave 72 to Dylan.,Cade has 198 marbles left.,entailment,t_sub_080,sub-036
0864,Cade had 59111 marbles. He gave 58298 to Dylan.,Cade has 813 marbles left.,entailment,t_sub_080,sub-084
0865,Cade had 75000 marbles. He gave 25000 to Dylan.,Cade has 50000 marbles left.,entailment,t_sub_080,sub-087
0866,Cade had 86200 marbles. He gave 11730 to Dylan.,Cade has 74470 marbles left.,entailment,t_sub_080,sub-093
0867,"On Tuesday, Mrs. Hilt saw 7 raisins on a tray in the cafeteria. That was 5 more raisins than she saw the day before.",There were 2 raisins on the table on Monday.,entailment,t_sub_081,sub-004
0868,"On Tuesday, Mrs. Hilt saw 14 raisins on a tray in the cafeteria. That was 7 more raisins than she saw the day before.",There were 7 raisins on the table on Monday.,entailment,t_sub_081,sub-018
0869,"On Tuesday, Mrs. Hilt saw 585 raisins on a tray in the cafeteria. That was 107 more raisins than she saw the day before.",There were 478 raisins on the table on Monday.,entailment,t_sub_081,sub-044
0870,"On Tuesday, Mrs. Hilt saw 915 raisins on a tray in the cafeteria. That was 800 more raisins than she saw the day before.",There were 115 raisins on the table on Monday.,entailment,t_sub_081,sub-052
0871,"On Tuesday, Mrs. Hilt saw 76666 raisins on a tray in the cafeteria. That was 3560 more raisins than she saw the day before.",There were 73106 raisins on the table on Monday.,entailment,t_sub_081,sub-090
0872,Paul had 5 books. After buying some in a garage sale he had 7 left.,Paul bought 2 books.,entailment,t_sub_082,sub-004
0873,Paul had 25 books. After buying some in a garage sale he had 50 left.,Paul bought 25 books.,entailment,t_sub_082,sub-020
0874,Paul had 31 books. After buying some in a garage sale he had 62 left.,Paul bought 31 books.,entailment,t_sub_082,sub-025
0875,Paul had 90 books. After buying some in a garage sale he had 490 left.,Paul bought 400 books.,entailment,t_sub_082,sub-043
0876,Paul had 83 books. After buying some in a garage sale he had 3878 left.,Paul bought 3795 books.,entailment,t_sub_082,sub-061
0877,Paul had 58298 books. After buying some in a garage sale he had 59111 left.,Paul bought 813 books.,entailment,t_sub_082,sub-084
0878,Paul sold some books in a garage sale leaving him with 1 books. He had 7 books initially.,Paul sold 6 books.,entailment,t_sub_083,sub-003
0879,Paul sold some books in a garage sale leaving him with 6 books. He had 7 books initially.,Paul sold 1 books.,entailment,t_sub_083,sub-005
0880,Paul sold some books in a garage sale leaving him with 3 books. He had 14 books initially.,Paul sold 11 books.,entailment,t_sub_083,sub-011
0881,Paul sold some books in a garage sale leaving him with 47 books. He had 80 books initially.,Paul sold 33 books.,entailment,t_sub_083,sub-029
0882,Paul sold some books in a garage sale leaving him with 35 books. He had 83 books initially.,Paul sold 48 books.,entailment,t_sub_083,sub-031
0883,Paul sold some books in a garage sale leaving him with 83 books. He had 3878 books initially.,Paul sold 3795 books.,entailment,t_sub_083,sub-061
0884,Paul sold some books in a garage sale leaving him with 150 books. He had 9733 books initially.,Paul sold 9583 books.,entailment,t_sub_083,sub-076
0885,Paul sold some books in a garage sale leaving him with 36233 books. He had 92396 books initially.,Paul sold 56163 books.,entailment,t_sub_083,sub-094
0886,Paul sold some books in a garage sale leaving him with 44444 books. He had 100000 books initially.,Paul sold 55556 books.,entailment,t_sub_083,sub-097
0887,"For the frosting and final touches, Willie will need to have 4 lbs. of whipped cream. He got 3 lbs. of cream from his farm.",Willie needs 1 more pounds of cream.,entailment,t_sub_084,sub-000
0888,"For the frosting and final touches, Willie will need to have 9 lbs. of whipped cream. He got 3 lbs. of cream from his farm.",Willie needs 6 more pounds of cream.,entailment,t_sub_084,sub-008
0889,"For the frosting and final touches, Willie will need to have 14 lbs. of whipped cream. He got 7 lbs. of cream from his farm.",Willie needs 7 more pounds of cream.,entailment,t_sub_084,sub-018
0890,"For the frosting and final touches, Willie will need to have 270 lbs. of whipped cream. He got 72 lbs. of cream from his farm.",Willie needs 198 more pounds of cream.,entailment,t_sub_084,sub-036
0891,"For the frosting and final touches, Willie will need to have 915 lbs. of whipped cream. He got 800 lbs. of cream from his farm.",Willie needs 115 more pounds of cream.,entailment,t_sub_084,sub-052
0892,"For the frosting and final touches, Willie will need to have 8977 lbs. of whipped cream. He got 5249 lbs. of cream from his farm.",Willie needs 3728 more pounds of cream.,entailment,t_sub_084,sub-073
0893,"For the frosting and final touches, Willie will need to have 61226 lbs. of whipped cream. He got 12886 lbs. of cream from his farm.",Willie needs 48340 more pounds of cream.,entailment,t_sub_084,sub-086
0894,"For the frosting and final touches, Willie will need to have 75000 lbs. of whipped cream. He got 25000 lbs. of cream from his farm.",Willie needs 50000 more pounds of cream.,entailment,t_sub_084,sub-087
0895,Paul got a box of 10 crayons for his birthday. By the end of the school year he had either lost or given away 3 of them.,Paul had 7 crayons left by the end of the school year.,entailment,t_sub_085,sub-009
0896,Paul got a box of 18 crayons for his birthday. By the end of the school year he had either lost or given away 16 of them.,Paul had 2 crayons left by the end of the school year.,entailment,t_sub_085,sub-015
0897,Paul got a box of 3878 crayons for his birthday. By the end of the school year he had either lost or given away 83 of them.,Paul had 3795 crayons left by the end of the school year.,entailment,t_sub_085,sub-061
0898,Paul got a box of 7654 crayons for his birthday. By the end of the school year he had either lost or given away 6967 of them.,Paul had 687 crayons left by the end of the school year.,entailment,t_sub_085,sub-070
0899,Paul got a box of 8977 crayons for his birthday. By the end of the school year he had either lost or given away 5249 of them.,Paul had 3728 crayons left by the end of the school year.,entailment,t_sub_085,sub-073
0900,Paul got a box of 60874 crayons for his birthday. By the end of the school year he had either lost or given away 44542 of them.,Paul had 16332 crayons left by the end of the school year.,entailment,t_sub_085,sub-085
0901,Paul got a box of 86200 crayons for his birthday. By the end of the school year he had either lost or given away 11730 of them.,Paul had 74470 crayons left by the end of the school year.,entailment,t_sub_085,sub-093
0902,Next on his checklist are wax glues to stick the feathers together. The feathers require 9 g of wax and right now he just needs 3 g.,He already has 6 grams of wax glue.,entailment,t_sub_087,sub-008
0903,Next on his checklist are wax glues to stick the feathers together. The feathers require 14 g of wax and right now he just needs 7 g.,He already has 7 grams of wax glue.,entailment,t_sub_087,sub-018
0904,Next on his checklist are wax glues to stick the feathers together. The feathers require 50 g of wax and right now he just needs 25 g.,He already has 25 grams of wax glue.,entailment,t_sub_087,sub-020
0905,Next on his checklist are wax glues to stick the feathers together. The feathers require 270 g of wax and right now he just needs 72 g.,He already has 198 grams of wax glue.,entailment,t_sub_087,sub-036
0906,Next on his checklist are wax glues to stick the feathers together. The feathers require 766 g of wax and right now he just needs 86 g.,He already has 680 grams of wax glue.,entailment,t_sub_087,sub-048
0907,Next on his checklist are wax glues to stick the feathers together. The feathers require 3878 g of wax and right now he just needs 83 g.,He already has 3795 grams of wax glue.,entailment,t_sub_087,sub-061
0908,Next on his checklist are wax glues to stick the feathers together. The feathers require 7654 g of wax and right now he just needs 6967 g.,He already has 687 grams of wax glue.,entailment,t_sub_087,sub-070
0909,Next on his checklist are wax glues to stick the feathers together. The feathers require 9000 g of wax and right now he just needs 1200 g.,He already has 7800 grams of wax glue.,entailment,t_sub_087,sub-074
0910,Sally had 93 quarters in her bank  and she spent 57 of her quarters ,She has 36 quarters now,entailment,t_sub_088,sub-032
0911,Sally had 248 quarters in her bank  and she spent 119 of her quarters ,She has 129 quarters now,entailment,t_sub_088,sub-035
0912,If the cave is 7 feet deep and they are already at 5 feet.,They need to go 2 feet farther until they reach the end of the cave.,entailment,t_sub_089,sub-004
0913,If the cave is 54 feet deep and they are already at 18 feet.,They need to go 36 feet farther until they reach the end of the cave.,entailment,t_sub_089,sub-022
0914,If the cave is 600 feet deep and they are already at 500 feet.,They need to go 100 feet farther until they reach the end of the cave.,entailment,t_sub_089,sub-045
0915,If the cave is 682 feet deep and they are already at 591 feet.,They need to go 91 feet farther until they reach the end of the cave.,entailment,t_sub_089,sub-046
0916,If the cave is 915 feet deep and they are already at 800 feet.,They need to go 115 feet farther until they reach the end of the cave.,entailment,t_sub_089,sub-052
0917,If the cave is 7195 feet deep and they are already at 713 feet.,They need to go 6482 feet farther until they reach the end of the cave.,entailment,t_sub_089,sub-068
0918,If the cave is 9924 feet deep and they are already at 9280 feet.,They need to go 644 feet farther until they reach the end of the cave.,entailment,t_sub_089,sub-077
0919,If the cave is 92614 feet deep and they are already at 35356 feet.,They need to go 57258 feet farther until they reach the end of the cave.,entailment,t_sub_089,sub-095
0920,The wings now need to be heated. The oven is at 6 degrees and the required temperature is 76 degrees.,The oven temperature needs to increase by 70 degrees.,entailment,t_sub_090,sub-027
0921,The wings now need to be heated. The oven is at 107 degrees and the required temperature is 585 degrees.,The oven temperature needs to increase by 478 degrees.,entailment,t_sub_090,sub-044
0922,The wings now need to be heated. The oven is at 97 degrees and the required temperature is 945 degrees.,The oven temperature needs to increase by 848 degrees.,entailment,t_sub_090,sub-053
0923,The wings now need to be heated. The oven is at 1200 degrees and the required temperature is 9000 degrees.,The oven temperature needs to increase by 7800 degrees.,entailment,t_sub_090,sub-074
0924,The wings now need to be heated. The oven is at 20 degrees and the required temperature is 9222 degrees.,The oven temperature needs to increase by 9202 degrees.,entailment,t_sub_090,sub-075
0925,The wings now need to be heated. The oven is at 1570 degrees and the required temperature is 16864 degrees.,The oven temperature needs to increase by 15294 degrees.,entailment,t_sub_090,sub-080
0926,The wings now need to be heated. The oven is at 21709 degrees and the required temperature is 49790 degrees.,The oven temperature needs to increase by 28081 degrees.,entailment,t_sub_090,sub-083
0927,Jason has 6 Pokemon cards  and Alyssa bought 5 of Jason 's Pokemon cards ,Jason has 1 Pokemon cards now,entailment,t_sub_091,sub-002
0928,Jason has 8 Pokemon cards  and Alyssa bought 1 of Jason 's Pokemon cards ,Jason has 7 Pokemon cards now,entailment,t_sub_091,sub-006
0929,Jason has 17 Pokemon cards  and Alyssa bought 8 of Jason 's Pokemon cards ,Jason has 9 Pokemon cards now,entailment,t_sub_091,sub-013
0930,Jason has 62 Pokemon cards  and Alyssa bought 31 of Jason 's Pokemon cards ,Jason has 31 Pokemon cards now,entailment,t_sub_091,sub-025
0931,Jason has 490 Pokemon cards  and Alyssa bought 90 of Jason 's Pokemon cards ,Jason has 400 Pokemon cards now,entailment,t_sub_091,sub-043
0932,Jason has 997 Pokemon cards  and Alyssa bought 68 of Jason 's Pokemon cards ,Jason has 929 Pokemon cards now,entailment,t_sub_091,sub-054
0933,Jason has 3878 Pokemon cards  and Alyssa bought 83 of Jason 's Pokemon cards ,Jason has 3795 Pokemon cards now,entailment,t_sub_091,sub-061
0934,Jason has 9924 Pokemon cards  and Alyssa bought 9280 of Jason 's Pokemon cards ,Jason has 644 Pokemon cards now,entailment,t_sub_091,sub-077
0935,Jason has 16864 Pokemon cards  and Alyssa bought 1570 of Jason 's Pokemon cards ,Jason has 15294 Pokemon cards now,entailment,t_sub_091,sub-080
0936,Jason has 92396 Pokemon cards  and Alyssa bought 36233 of Jason 's Pokemon cards ,Jason has 56163 Pokemon cards now,entailment,t_sub_091,sub-094
0937,There was 14 children taking a test and 7 passed,7 children had to sit it again,entailment,t_sub_092,sub-018
0938,There was 61226 children taking a test and 12886 passed,48340 children had to sit it again,entailment,t_sub_092,sub-086
0939,The town of Milburg has 7 grown-ups and children and 5 are children,2 adults live in Milburg,entailment,t_sub_093,sub-004
0940,The town of Milburg has 132 grown-ups and children and 11 are children,121 adults live in Milburg,entailment,t_sub_093,sub-034
0941,The town of Milburg has 248 grown-ups and children and 119 are children,129 adults live in Milburg,entailment,t_sub_093,sub-035
0942,The town of Milburg has 817 grown-ups and children and 623 are children,194 adults live in Milburg,entailment,t_sub_093,sub-050
0943,The town of Milburg has 49790 grown-ups and children and 21709 are children,28081 adults live in Milburg,entailment,t_sub_093,sub-083
0944,The town of Milburg has 60874 grown-ups and children and 44542 are children,16332 adults live in Milburg,entailment,t_sub_093,sub-085
0945,The town of Milburg has 61226 grown-ups and children and 12886 are children,48340 adults live in Milburg,entailment,t_sub_093,sub-086
0946,The town of Milburg has 77148 grown-ups and children and 62935 are children,14213 adults live in Milburg,entailment,t_sub_093,sub-091
0947,"A ship has 47 tons of cargo and at the Bahamas, sailors unloaded 7 tons of cargo",40 tons of cargo is left on the ship,entailment,t_sub_094,sub-019
0948,"A ship has 73 tons of cargo and at the Bahamas, sailors unloaded 35 tons of cargo",38 tons of cargo is left on the ship,entailment,t_sub_094,sub-026
0949,"A ship has 132 tons of cargo and at the Bahamas, sailors unloaded 11 tons of cargo",121 tons of cargo is left on the ship,entailment,t_sub_094,sub-034
0950,"A ship has 180 tons of cargo and at the Bahamas, sailors unloaded 12 tons of cargo",168 tons of cargo is left on the ship,entailment,t_sub_094,sub-037
0951,"A ship has 413 tons of cargo and at the Bahamas, sailors unloaded 261 tons of cargo",152 tons of cargo is left on the ship,entailment,t_sub_094,sub-041
0952,"A ship has 6868 tons of cargo and at the Bahamas, sailors unloaded 3082 tons of cargo",3786 tons of cargo is left on the ship,entailment,t_sub_094,sub-065
0953,"A ship has 9222 tons of cargo and at the Bahamas, sailors unloaded 20 tons of cargo",9202 tons of cargo is left on the ship,entailment,t_sub_094,sub-075
0954,"A ship has 9924 tons of cargo and at the Bahamas, sailors unloaded 9280 tons of cargo",644 tons of cargo is left on the ship,entailment,t_sub_094,sub-077
0955,"A ship has 92614 tons of cargo and at the Bahamas, sailors unloaded 35356 tons of cargo",57258 tons of cargo is left on the ship,entailment,t_sub_094,sub-095
0956,"A ship has 125000 tons of cargo and at the Bahamas, sailors unloaded 20000 tons of cargo",105000 tons of cargo is left on the ship,entailment,t_sub_094,sub-099
0957,"Abe 's family moved from the Bahamas to Japan , so they had convert their money into Japanese yen  and their checking account  had 270 yen, and he has spent 72 yen since then ",They have 198 yen left,entailment,t_sub_095,sub-036
0958,There were 54 pieces of candy in a jar. 18 pieces were red and the rest were blue.,36 pieces of candy were blue.,entailment,t_sub_096,sub-022
0959,There were 132 pieces of candy in a jar. 11 pieces were red and the rest were blue.,121 pieces of candy were blue.,entailment,t_sub_096,sub-034
0960,"Before December, customers bought 4 ear muffs from the mall and During December, they bought 3 less earmuffs than before",1 earmuffs were sold in December,entailment,t_sub_097,sub-000
0961,"Before December, customers bought 59111 ear muffs from the mall and During December, they bought 58298 less earmuffs than before",813 earmuffs were sold in December,entailment,t_sub_097,sub-084
0962,"Before December, customers bought 100000 ear muffs from the mall and During December, they bought 44444 less earmuffs than before",55556 earmuffs were sold in December,entailment,t_sub_097,sub-097
0963,Each of farmer Cunningham 's 6 lambs is either black or white  and there are 5 white ones ,1 of Farmer Cunningham 's lambs are black ,entailment,t_sub_098,sub-002
0964,Each of farmer Cunningham 's 7 lambs is either black or white  and there are 1 white ones ,6 of Farmer Cunningham 's lambs are black ,entailment,t_sub_098,sub-003
0965,Each of farmer Cunningham 's 25 lambs is either black or white  and there are 5 white ones ,20 of Farmer Cunningham 's lambs are black ,entailment,t_sub_098,sub-016
0966,Each of farmer Cunningham 's 63 lambs is either black or white  and there are 9 white ones ,54 of Farmer Cunningham 's lambs are black ,entailment,t_sub_098,sub-030
0967,Each of farmer Cunningham 's 132 lambs is either black or white  and there are 11 white ones ,121 of Farmer Cunningham 's lambs are black ,entailment,t_sub_098,sub-034
0968,Each of farmer Cunningham 's 413 lambs is either black or white  and there are 261 white ones ,152 of Farmer Cunningham 's lambs are black ,entailment,t_sub_098,sub-041
0969,Each of farmer Cunningham 's 350 lambs is either black or white  and there are 250 white ones ,100 of Farmer Cunningham 's lambs are black ,entailment,t_sub_098,sub-049
0970,Each of farmer Cunningham 's 5329 lambs is either black or white  and there are 97 white ones ,5232 of Farmer Cunningham 's lambs are black ,entailment,t_sub_098,sub-062
0971,Each of farmer Cunningham 's 5587 lambs is either black or white  and there are 1727 white ones ,3860 of Farmer Cunningham 's lambs are black ,entailment,t_sub_098,sub-063
0972,Each of farmer Cunningham 's 86200 lambs is either black or white  and there are 11730 white ones ,74470 of Farmer Cunningham 's lambs are black ,entailment,t_sub_098,sub-093
0973,Mrs. Heine is buying Valentine's Day treats for her 5 dogs. She wants to buy them 25 heart biscuits each.,Mrs. Heine needs to buy 125 biscuits.,entailment,t_mul_000,mul-025
0974,Mrs. Heine is buying Valentine's Day treats for her 276 dogs. She wants to buy them 934 heart biscuits each.,Mrs. Heine needs to buy 257784 biscuits.,entailment,t_mul_000,mul-083
0975,Paige's dresser drawers could hold 2 pieces of clothing each. She had 4 drawers.,It could hold 8 pieces of clothing.,entailment,t_mul_001,mul-003
0976,Paige's dresser drawers could hold 33 pieces of clothing each. She had 11 drawers.,It could hold 363 pieces of clothing.,entailment,t_mul_001,mul-017
0977,Paige's dresser drawers could hold 5 pieces of clothing each. She had 25 drawers.,It could hold 125 pieces of clothing.,entailment,t_mul_001,mul-025
0978,Paige's dresser drawers could hold 35 pieces of clothing each. She had 73 drawers.,It could hold 2555 pieces of clothing.,entailment,t_mul_001,mul-043
0979,Paige's dresser drawers could hold 46 pieces of clothing each. She had 78 drawers.,It could hold 3588 pieces of clothing.,entailment,t_mul_001,mul-045
0980,Paige's dresser drawers could hold 396 pieces of clothing each. She had 436 drawers.,It could hold 172656 pieces of clothing.,entailment,t_mul_001,mul-068
0981,Paige's dresser drawers could hold 4 pieces of clothing each. She had 2500 drawers.,It could hold 10000 pieces of clothing.,entailment,t_mul_001,mul-087
0982,He also made some juice from fresh oranges. He used 7 oranges per glass of juice and he made 5 glasses of juice.,He used 35 oranges.,entailment,t_mul_003,mul-007
0983,He also made some juice from fresh oranges. He used 5 oranges per glass of juice and he made 7 glasses of juice.,He used 35 oranges.,entailment,t_mul_003,mul-010
0984,Vanessa had to complete 11 pages of homework. Each page had 12 problems on it.,Vanessa had to complete 132 problems in total.,entailment,t_mul_004,mul-019
0985,Vanessa had to complete 71 pages of homework. Each page had 39 problems on it.,Vanessa had to complete 2769 problems in total.,entailment,t_mul_004,mul-029
0986,"Being his favorite, Michael has 3 times more flying robots than Tom. Tom has 3 flying robots.",Michael has 9 flying robots.,entailment,t_mul_005,mul-002
0987,"Being his favorite, Michael has 5 times more flying robots than Tom. Tom has 5 flying robots.",Michael has 25 flying robots.,entailment,t_mul_005,mul-006
0988,"Being his favorite, Michael has 16 times more flying robots than Tom. Tom has 8 flying robots.",Michael has 128 flying robots.,entailment,t_mul_005,mul-021
0989,"Being his favorite, Michael has 57 times more flying robots than Tom. Tom has 49 flying robots.",Michael has 2793 flying robots.,entailment,t_mul_005,mul-035
0990,"Being his favorite, Michael has 73 times more flying robots than Tom. Tom has 35 flying robots.",Michael has 2555 flying robots.,entailment,t_mul_005,mul-043
0991,"Being his favorite, Michael has 85 times more flying robots than Tom. Tom has 13 flying robots.",Michael has 1105 flying robots.,entailment,t_mul_005,mul-048
0992,"Being his favorite, Michael has 81 times more flying robots than Tom. Tom has 9 flying robots.",Michael has 729 flying robots.,entailment,t_mul_005,mul-050
0993,"Being his favorite, Michael has 291 times more flying robots than Tom. Tom has 74 flying robots.",Michael has 21534 flying robots.,entailment,t_mul_005,mul-059
0994,"Being his favorite, Michael has 357 times more flying robots than Tom. Tom has 98 flying robots.",Michael has 34986 flying robots.,entailment,t_mul_005,mul-065
0995,"Being his favorite, Michael has 5527 times more flying robots than Tom. Tom has 9 flying robots.",Michael has 49743 flying robots.,entailment,t_mul_005,mul-094
0996,"At the end of the party, Mona gave away some souvenirs to her 5 closest friends. Each of them received 7 souvenir items.",Mona gave away 35 souvenirs.,entailment,t_mul_006,mul-007
0997,"At the end of the party, Mona gave away some souvenirs to her 9 closest friends. Each of them received 9 souvenir items.",Mona gave away 81 souvenirs.,entailment,t_mul_006,mul-014
0998,"At the end of the party, Mona gave away some souvenirs to her 36 closest friends. Each of them received 13 souvenir items.",Mona gave away 468 souvenirs.,entailment,t_mul_006,mul-027
0999,"At the end of the party, Mona gave away some souvenirs to her 465 closest friends. Each of them received 679 souvenir items.",Mona gave away 315735 souvenirs.,entailment,t_mul_006,mul-069
1000,"At the end of the party, Mona gave away some souvenirs to her 490 closest friends. Each of them received 90 souvenir items.",Mona gave away 44100 souvenirs.,entailment,t_mul_006,mul-070
1001,"At the end of the party, Mona gave away some souvenirs to her 585 closest friends. Each of them received 107 souvenir items.",Mona gave away 62595 souvenirs.,entailment,t_mul_006,mul-074
1002,"At the end of the party, Mona gave away some souvenirs to her 5527 closest friends. Each of them received 9 souvenir items.",Mona gave away 49743 souvenirs.,entailment,t_mul_006,mul-094
1003,"For the final touches, John wanted to paint the house using the 3 primary colors. He has 30 liters of paint for each color.",John has 90 liters of paint in all.,entailment,t_mul_007,mul-018
1004,"For the final touches, John wanted to paint the house using the 5 primary colors. He has 25 liters of paint for each color.",John has 125 liters of paint in all.,entailment,t_mul_007,mul-025
1005,"For the final touches, John wanted to paint the house using the 81 primary colors. He has 97 liters of paint for each color.",John has 7857 liters of paint in all.,entailment,t_mul_007,mul-049
1006,"For the final touches, John wanted to paint the house using the 612 primary colors. He has 104 liters of paint for each color.",John has 63648 liters of paint in all.,entailment,t_mul_007,mul-051
1007,"For the final touches, John wanted to paint the house using the 32 primary colors. He has 415 liters of paint for each color.",John has 13280 liters of paint in all.,entailment,t_mul_007,mul-066
1008,"For the final touches, John wanted to paint the house using the 396 primary colors. He has 436 liters of paint for each color.",John has 172656 liters of paint in all.,entailment,t_mul_007,mul-068
1009,"For the final touches, John wanted to paint the house using the 59 primary colors. He has 626 liters of paint for each color.",John has 36934 liters of paint in all.,entailment,t_mul_007,mul-076
1010,"For the final touches, John wanted to paint the house using the 31 primary colors. He has 839 liters of paint for each color.",John has 26009 liters of paint in all.,entailment,t_mul_007,mul-081
1011,"For the final touches, John wanted to paint the house using the 276 primary colors. He has 934 liters of paint for each color.",John has 257784 liters of paint in all.,entailment,t_mul_007,mul-083
1012,Andrew's 81 friends decided to bring food as well. Each of them brought 9 slices of pizza.,They have 729 slices of pizza in total.,entailment,t_mul_009,mul-050
1013,Charles strolled at 7 miles per hour for 5 hours,Charles travelled for 35 miles,entailment,t_mul_010,mul-007
1014,Charles strolled at 8 miles per hour for 6 hours,Charles travelled for 48 miles,entailment,t_mul_010,mul-008
1015,Charles strolled at 3 miles per hour for 9 hours,Charles travelled for 27 miles,entailment,t_mul_010,mul-009
1016,Charles strolled at 3 miles per hour for 6 hours,Charles travelled for 18 miles,entailment,t_mul_010,mul-012
1017,Charles strolled at 3 miles per hour for 30 hours,Charles travelled for 90 miles,entailment,t_mul_010,mul-018
1018,Charles strolled at 46 miles per hour for 78 hours,Charles travelled for 3588 miles,entailment,t_mul_010,mul-045
1019,Charles strolled at 169 miles per hour for 670 hours,Charles travelled for 113230 miles,entailment,t_mul_010,mul-077
1020,At the back of the zoo is a mountain where the birds can roam free in a natural habitat. The children saw 30 types of eagles living on each section of the mountain. The mountain has 8 sections.,They saw 240 types of eagles in total.,entailment,t_mul_011,mul-024
1021,At the back of the zoo is a mountain where the birds can roam free in a natural habitat. The children saw 42 types of eagles living on each section of the mountain. The mountain has 6 sections.,They saw 252 types of eagles in total.,entailment,t_mul_011,mul-033
1022,At the back of the zoo is a mountain where the birds can roam free in a natural habitat. The children saw 73 types of eagles living on each section of the mountain. The mountain has 35 sections.,They saw 2555 types of eagles in total.,entailment,t_mul_011,mul-043
1023,At the back of the zoo is a mountain where the birds can roam free in a natural habitat. The children saw 109 types of eagles living on each section of the mountain. The mountain has 60 sections.,They saw 6540 types of eagles in total.,entailment,t_mul_011,mul-052
1024,At the back of the zoo is a mountain where the birds can roam free in a natural habitat. The children saw 2865 types of eagles living on each section of the mountain. The mountain has 64 sections.,They saw 183360 types of eagles in total.,entailment,t_mul_011,mul-090
1025,"John is building a tree house to serve as his hideout whenever he wanted to spend some time alone with himself. The first thing he did is to gather some materials. For the pillars, he needs two sets of wood with different lengths. The first set of wood is 836 feet long and the second set is 943 times longer than the first set.",The second set of wood is 788348 feet long.,entailment,t_mul_012,mul-084
1026,"John is building a tree house to serve as his hideout whenever he wanted to spend some time alone with himself. The first thing he did is to gather some materials. For the pillars, he needs two sets of wood with different lengths. The first set of wood is 32 feet long and the second set is 6000 times longer than the first set.",The second set of wood is 192000 feet long.,entailment,t_mul_012,mul-095
1027,"The kids from Oakwood Elementary School are visiting a bird zoo for their field trip. To get to the bird zoo from the school, the kids have to ride some buses. There are 36 buses and each bus has 13 adult supervisors to guide the children.",There are 468 supervisors in total.,entailment,t_mul_013,mul-027
1028,"The kids from Oakwood Elementary School are visiting a bird zoo for their field trip. To get to the bird zoo from the school, the kids have to ride some buses. There are 61 buses and each bus has 9 adult supervisors to guide the children.",There are 549 supervisors in total.,entailment,t_mul_013,mul-037
1029,"The kids from Oakwood Elementary School are visiting a bird zoo for their field trip. To get to the bird zoo from the school, the kids have to ride some buses. There are 78 buses and each bus has 46 adult supervisors to guide the children.",There are 3588 supervisors in total.,entailment,t_mul_013,mul-045
1030,"The kids from Oakwood Elementary School are visiting a bird zoo for their field trip. To get to the bird zoo from the school, the kids have to ride some buses. There are 333 buses and each bus has 23 adult supervisors to guide the children.",There are 7659 supervisors in total.,entailment,t_mul_013,mul-061
1031,Matthew had some crackers. Matthew gave 56 crackers to each of his 22 friends.,Matthew had 1232 crackers.,entailment,t_mul_015,mul-023
1032,Matthew had some crackers. Matthew gave 35 crackers to each of his 83 friends.,Matthew had 2905 crackers.,entailment,t_mul_015,mul-047
1033,Matthew had some crackers. Matthew gave 56 crackers to each of his 541 friends.,Matthew had 30296 crackers.,entailment,t_mul_015,mul-072
1034,Matthew had some crackers. Matthew gave 836 crackers to each of his 943 friends.,Matthew had 788348 crackers.,entailment,t_mul_015,mul-084
1035,Then he started to prepare the games. Each game takes 14 minutes to prepare and he prepared a total of 7 games.,It took Andrew 98 minutes to prepare all the games.,entailment,t_mul_016,mul-020
1036,Then he started to prepare the games. Each game takes 2865 minutes to prepare and he prepared a total of 64 games.,It took Andrew 183360 minutes to prepare all the games.,entailment,t_mul_016,mul-090
1037,Tiffany was buying hand towels for her house. She bought 291 packs with each pack having 74 towels in it.,Tiffany bought 21534 towels.,entailment,t_mul_017,mul-059
1038,Nancy has 9 black balloons and Mary has 3 times more  black balloons than Nancy,Mary has 27 black balloons now,entailment,t_mul_018,mul-009
1039,Nancy has 10 black balloons and Mary has 3 times more  black balloons than Nancy,Mary has 30 black balloons now,entailment,t_mul_018,mul-015
1040,Nancy has 30 black balloons and Mary has 8 times more  black balloons than Nancy,Mary has 240 black balloons now,entailment,t_mul_018,mul-024
1041,Nancy has 790 black balloons and Mary has 210 times more  black balloons than Nancy,Mary has 165900 black balloons now,entailment,t_mul_018,mul-080
1042,Nancy has 4465 black balloons and Mary has 2 times more  black balloons than Nancy,Mary has 8930 black balloons now,entailment,t_mul_018,mul-093
1043,For Bianca's birthday 5 of her friends gave her 5 dollars.,Bianca got 25 dollars for her birthday.,entailment,t_mul_019,mul-006
1044,For Bianca's birthday 8 of her friends gave her 16 dollars.,Bianca got 128 dollars for her birthday.,entailment,t_mul_019,mul-021
1045,For Bianca's birthday 25 of her friends gave her 50 dollars.,Bianca got 1250 dollars for her birthday.,entailment,t_mul_019,mul-034
1046,For Bianca's birthday 81 of her friends gave her 97 dollars.,Bianca got 7857 dollars for her birthday.,entailment,t_mul_019,mul-049
1047,For Bianca's birthday 169 of her friends gave her 670 dollars.,Bianca got 113230 dollars for her birthday.,entailment,t_mul_019,mul-077
1048,For Bianca's birthday 47 of her friends gave her 747 dollars.,Bianca got 35109 dollars for her birthday.,entailment,t_mul_019,mul-079
1049,Another material that he needs is rope. He already has 6 feet of rope and he needs additional ropes having 8 times the length of what he already have.,The additional rope should be 48 feet long.,entailment,t_mul_020,mul-008
1050,Another material that he needs is rope. He already has 37 feet of rope and he needs additional ropes having 1 times the length of what he already have.,The additional rope should be 37 feet long.,entailment,t_mul_020,mul-028
1051,Another material that he needs is rope. He already has 73 feet of rope and he needs additional ropes having 35 times the length of what he already have.,The additional rope should be 2555 feet long.,entailment,t_mul_020,mul-043
1052,Another material that he needs is rope. He already has 76 feet of rope and he needs additional ropes having 6 times the length of what he already have.,The additional rope should be 456 feet long.,entailment,t_mul_020,mul-044
1053,Another material that he needs is rope. He already has 270 feet of rope and he needs additional ropes having 72 times the length of what he already have.,The additional rope should be 19440 feet long.,entailment,t_mul_020,mul-058
1054,For the walls of the house John would use large planks of wood. Each plank needs 7 pieces of nails to be secured and he would use 14 planks.,John needs 98 nails for the house wall.,entailment,t_mul_021,mul-020
1055,For the walls of the house John would use large planks of wood. Each plank needs 7 pieces of nails to be secured and he would use 47 planks.,John needs 329 nails for the house wall.,entailment,t_mul_021,mul-032
1056,For the walls of the house John would use large planks of wood. Each plank needs 25 pieces of nails to be secured and he would use 50 planks.,John needs 1250 nails for the house wall.,entailment,t_mul_021,mul-034
1057,For the walls of the house John would use large planks of wood. Each plank needs 47 pieces of nails to be secured and he would use 80 planks.,John needs 3760 nails for the house wall.,entailment,t_mul_021,mul-046
1058,Each CD rack holds 4 CDs and a shelf can hold 3 racks,12 total CDs can fit on the shelf,entailment,t_mul_022,mul-004
1059,Each CD rack holds 5 CDs and a shelf can hold 7 racks,35 total CDs can fit on the shelf,entailment,t_mul_022,mul-007
1060,Each CD rack holds 62 CDs and a shelf can hold 2 racks,124 total CDs can fit on the shelf,entailment,t_mul_022,mul-038
1061,Each CD rack holds 62 CDs and a shelf can hold 740 racks,45880 total CDs can fit on the shelf,entailment,t_mul_022,mul-039
1062,Each CD rack holds 415 CDs and a shelf can hold 32 racks,13280 total CDs can fit on the shelf,entailment,t_mul_022,mul-066
1063,Each CD rack holds 2500 CDs and a shelf can hold 4 racks,10000 total CDs can fit on the shelf,entailment,t_mul_022,mul-087
1064,"She also estimated the number of candies that she will receive from each block. She will receive around 9 pieces of candies from every house, and there are 9 houses in a block.",She will receive 81 candies from each block.,entailment,t_mul_023,mul-014
1065,"She also estimated the number of candies that she will receive from each block. She will receive around 541 pieces of candies from every house, and there are 56 houses in a block.",She will receive 30296 candies from each block.,entailment,t_mul_023,mul-072
1066,"At the bird zoo, the kids were able to visit 6 different bird cages, each containing 7 different kinds of birds.",The children saw 42 different kinds of birds from the bird cages.,entailment,t_mul_024,mul-011
1067,"At the bird zoo, the kids were able to visit 3 different bird cages, each containing 6 different kinds of birds.",The children saw 18 different kinds of birds from the bird cages.,entailment,t_mul_024,mul-012
1068,"At the bird zoo, the kids were able to visit 9 different bird cages, each containing 8 different kinds of birds.",The children saw 72 different kinds of birds from the bird cages.,entailment,t_mul_024,mul-013
1069,"At the bird zoo, the kids were able to visit 35 different bird cages, each containing 73 different kinds of birds.",The children saw 2555 different kinds of birds from the bird cages.,entailment,t_mul_024,mul-043
1070,"At the bird zoo, the kids were able to visit 612 different bird cages, each containing 104 different kinds of birds.",The children saw 63648 different kinds of birds from the bird cages.,entailment,t_mul_024,mul-051
1071,"At the bird zoo, the kids were able to visit 85 different bird cages, each containing 164 different kinds of birds.",The children saw 13940 different kinds of birds from the bird cages.,entailment,t_mul_024,mul-053
1072,A contractor was buying wall outlets for a new house he was building. Each room needed 8 outlets. The house has 16 rooms.,A contractor needs a total of 128 outlets.,entailment,t_mul_027,mul-021
1073,A contractor was buying wall outlets for a new house he was building. Each room needed 32 outlets. The house has 415 rooms.,A contractor needs a total of 13280 outlets.,entailment,t_mul_027,mul-066
1074,A contractor was buying wall outlets for a new house he was building. Each room needed 169 outlets. The house has 670 rooms.,A contractor needs a total of 113230 outlets.,entailment,t_mul_027,mul-077
1075,A contractor was buying wall outlets for a new house he was building. Each room needed 836 outlets. The house has 943 rooms.,A contractor needs a total of 788348 outlets.,entailment,t_mul_027,mul-084
1076,A contractor was buying wall outlets for a new house he was building. Each room needed 6 outlets. The house has 8460 rooms.,A contractor needs a total of 50760 outlets.,entailment,t_mul_027,mul-096
1077,"Annie takes trick or treating seriously. So, days before Halloween, she makes sure that the details of her trick or treating are well planned. First, she wanted to find out the number of houses in her village. The village has 7 houses per block and has a total of 5 blocks.",There are 35 houses in her village.,entailment,t_mul_028,mul-007
1078,"Annie takes trick or treating seriously. So, days before Halloween, she makes sure that the details of her trick or treating are well planned. First, she wanted to find out the number of houses in her village. The village has 11 houses per block and has a total of 12 blocks.",There are 132 houses in her village.,entailment,t_mul_028,mul-019
1079,"Annie takes trick or treating seriously. So, days before Halloween, she makes sure that the details of her trick or treating are well planned. First, she wanted to find out the number of houses in her village. The village has 5 houses per block and has a total of 25 blocks.",There are 125 houses in her village.,entailment,t_mul_028,mul-025
1080,"Annie takes trick or treating seriously. So, days before Halloween, she makes sure that the details of her trick or treating are well planned. First, she wanted to find out the number of houses in her village. The village has 836 houses per block and has a total of 943 blocks.",There are 788348 houses in her village.,entailment,t_mul_028,mul-084
1081,The roller coaster at the state fair costs 7 tickets per ride. 5 friends were going to ride the roller coaster.,They would need 35 tickets.,entailment,t_mul_029,mul-007
1082,The roller coaster at the state fair costs 3 tickets per ride. 10 friends were going to ride the roller coaster.,They would need 30 tickets.,entailment,t_mul_029,mul-015
1083,The roller coaster at the state fair costs 7 tickets per ride. 14 friends were going to ride the roller coaster.,They would need 98 tickets.,entailment,t_mul_029,mul-020
1084,The roller coaster at the state fair costs 7 tickets per ride. 47 friends were going to ride the roller coaster.,They would need 329 tickets.,entailment,t_mul_029,mul-032
1085,The roller coaster at the state fair costs 9 tickets per ride. 63 friends were going to ride the roller coaster.,They would need 567 tickets.,entailment,t_mul_029,mul-040
1086,The roller coaster at the state fair costs 5 tickets per ride. 67 friends were going to ride the roller coaster.,They would need 335 tickets.,entailment,t_mul_029,mul-041
1087,The roller coaster at the state fair costs 57 tickets per ride. 166 friends were going to ride the roller coaster.,They would need 9462 tickets.,entailment,t_mul_029,mul-054
1088,The roller coaster at the state fair costs 660 tickets per ride. 200 friends were going to ride the roller coaster.,They would need 132000 tickets.,entailment,t_mul_029,mul-055
1089,The roller coaster at the state fair costs 24 tickets per ride. 420 friends were going to ride the roller coaster.,They would need 10080 tickets.,entailment,t_mul_029,mul-067
1090,The roller coaster at the state fair costs 679 tickets per ride. 465 friends were going to ride the roller coaster.,They would need 315735 tickets.,entailment,t_mul_029,mul-069
1091,She wants to know how many children will go trick or treating in their village. There are 2 children on each of the 2 blocks.,4 children will go trick-or-treating in Annie's village.,entailment,t_mul_030,mul-000
1092,She wants to know how many children will go trick or treating in their village. There are 3 children on each of the 4 blocks.,12 children will go trick-or-treating in Annie's village.,entailment,t_mul_030,mul-004
1093,She wants to know how many children will go trick or treating in their village. There are 7 children on each of the 5 blocks.,35 children will go trick-or-treating in Annie's village.,entailment,t_mul_030,mul-007
1094,She wants to know how many children will go trick or treating in their village. There are 3 children on each of the 10 blocks.,30 children will go trick-or-treating in Annie's village.,entailment,t_mul_030,mul-015
1095,She wants to know how many children will go trick or treating in their village. There are 8 children on each of the 30 blocks.,240 children will go trick-or-treating in Annie's village.,entailment,t_mul_030,mul-024
1096,She wants to know how many children will go trick or treating in their village. There are 25 children on each of the 50 blocks.,1250 children will go trick-or-treating in Annie's village.,entailment,t_mul_030,mul-034
1097,She wants to know how many children will go trick or treating in their village. There are 6 children on each of the 76 blocks.,456 children will go trick-or-treating in Annie's village.,entailment,t_mul_030,mul-044
1098,She wants to know how many children will go trick or treating in their village. There are 250 children on each of the 350 blocks.,87500 children will go trick-or-treating in Annie's village.,entailment,t_mul_030,mul-064
1099,She wants to know how many children will go trick or treating in their village. There are 591 children on each of the 682 blocks.,403062 children will go trick-or-treating in Annie's village.,entailment,t_mul_030,mul-078
1100,"Their last stop before leaving the zoo is the bird museum. There, they went through 16 bird exhibits, spending 18 minutes going around each exhibit.",They spent 288 minutes going through the museum.,entailment,t_mul_033,mul-022
1101,"Their last stop before leaving the zoo is the bird museum. There, they went through 81 bird exhibits, spending 97 minutes going around each exhibit.",They spent 7857 minutes going through the museum.,entailment,t_mul_033,mul-049
1102,"Their last stop before leaving the zoo is the bird museum. There, they went through 57 bird exhibits, spending 166 minutes going around each exhibit.",They spent 9462 minutes going through the museum.,entailment,t_mul_033,mul-054
1103,"Their last stop before leaving the zoo is the bird museum. There, they went through 119 bird exhibits, spending 248 minutes going around each exhibit.",They spent 29512 minutes going through the museum.,entailment,t_mul_033,mul-056
1104,"Their last stop before leaving the zoo is the bird museum. There, they went through 24 bird exhibits, spending 420 minutes going around each exhibit.",They spent 10080 minutes going through the museum.,entailment,t_mul_033,mul-067
1105,"Their last stop before leaving the zoo is the bird museum. There, they went through 93 bird exhibits, spending 3906 minutes going around each exhibit.",They spent 363258 minutes going through the museum.,entailment,t_mul_033,mul-092
1106,Ben was also given 8 trays of eggs to examine. Each tray has 6 eggs.,Ben examined 48 eggs in total.,entailment,t_mul_034,mul-008
1107,"For the walls of the house, he would use 97 large planks of wood. Each plank of wood needs 81 pieces of nails to be secured.",John needs 7857 pieces of nails for the house wall.,entailment,t_mul_035,mul-049
1108,"For the walls of the house, he would use 109 large planks of wood. Each plank of wood needs 60 pieces of nails to be secured.",John needs 6540 pieces of nails for the house wall.,entailment,t_mul_035,mul-052
1109,"For the walls of the house, he would use 524 large planks of wood. Each plank of wood needs 904 pieces of nails to be secured.",John needs 473696 pieces of nails for the house wall.,entailment,t_mul_035,mul-071
1110,Annie also planned the time she would spend going around the 2 blocks in her village. She plans on spending just 3 minutes on each block.,It would take her 6 minutes to finish trick-or-treating.,entailment,t_mul_036,mul-001
1111,Annie also planned the time she would spend going around the 11 blocks in her village. She plans on spending just 33 minutes on each block.,It would take her 363 minutes to finish trick-or-treating.,entailment,t_mul_036,mul-017
1112,"To get to school, Jenny decided to ride the school's double decker bus. The bus has a total of 4 rows of seats and each row has a capacity of 3 kids.","12 kids, in total, can ride the school bus.",entailment,t_mul_039,mul-004
1113,"To get to school, Jenny decided to ride the school's double decker bus. The bus has a total of 4 rows of seats and each row has a capacity of 5 kids.","20 kids, in total, can ride the school bus.",entailment,t_mul_039,mul-005
1114,"To get to school, Jenny decided to ride the school's double decker bus. The bus has a total of 62 rows of seats and each row has a capacity of 740 kids.","45880 kids, in total, can ride the school bus.",entailment,t_mul_039,mul-039
1115,"To get to school, Jenny decided to ride the school's double decker bus. The bus has a total of 67 rows of seats and each row has a capacity of 5 kids.","335 kids, in total, can ride the school bus.",entailment,t_mul_039,mul-041
1116,"To get to school, Jenny decided to ride the school's double decker bus. The bus has a total of 76 rows of seats and each row has a capacity of 6 kids.","456 kids, in total, can ride the school bus.",entailment,t_mul_039,mul-044
1117,"To get to school, Jenny decided to ride the school's double decker bus. The bus has a total of 357 rows of seats and each row has a capacity of 98 kids.","34986 kids, in total, can ride the school bus.",entailment,t_mul_039,mul-065
1118,"To get to school, Jenny decided to ride the school's double decker bus. The bus has a total of 541 rows of seats and each row has a capacity of 56 kids.","30296 kids, in total, can ride the school bus.",entailment,t_mul_039,mul-072
1119,"To get to school, Jenny decided to ride the school's double decker bus. The bus has a total of 747 rows of seats and each row has a capacity of 47 kids.","35109 kids, in total, can ride the school bus.",entailment,t_mul_039,mul-079
1120,Amanda and her friends decided to go to an amusement park for the weekend. The nearest amusement park from their city is Super Fun-tastic Land. They cover a distance of 37 miles for every hour of travel and they travelled for 1 hours.,SFL is 37 miles away from the city.,entailment,t_mul_040,mul-028
1121,Amanda and her friends decided to go to an amusement park for the weekend. The nearest amusement park from their city is Super Fun-tastic Land. They cover a distance of 626 miles for every hour of travel and they travelled for 59 hours.,SFL is 36934 miles away from the city.,entailment,t_mul_040,mul-076
1122,The Ferris wheel in Paradise Park has 14 seats. Each seat can hold 7 people.,The Ferris wheel can accommodate 98 people at the same time.,entailment,t_mul_041,mul-020
1123,Jesse's room is 7 feet long and 6 feet wide.,Jesse needs 42 square feet of carpet to cover the whole floor.,entailment,t_mul_042,mul-011
1124,Jesse's room is 60 feet long and 87 feet wide.,Jesse needs 5220 square feet of carpet to cover the whole floor.,entailment,t_mul_042,mul-036
1125,Jesse's room is 76 feet long and 6 feet wide.,Jesse needs 456 square feet of carpet to cover the whole floor.,entailment,t_mul_042,mul-044
1126,Jesse's room is 97 feet long and 81 feet wide.,Jesse needs 7857 square feet of carpet to cover the whole floor.,entailment,t_mul_042,mul-049
1127,Jesse's room is 291 feet long and 74 feet wide.,Jesse needs 21534 square feet of carpet to cover the whole floor.,entailment,t_mul_042,mul-059
1128,Jesse's room is 790 feet long and 210 feet wide.,Jesse needs 165900 square feet of carpet to cover the whole floor.,entailment,t_mul_042,mul-080
1129,In Haley's class 5 are boys who love to play marbles. Haley gives 5 marbles to each boy.,Haley had 25 marbles.,entailment,t_mul_043,mul-006
1130,It usually takes Stanley 2500 hours to go around his two favorite places. He took 4 times longer than the usual.,Stanley took 10000 hours to go around the places this time.,entailment,t_mul_044,mul-087
1131,"Dean knew that they are going to stay at the beach for a while, so he brought 4 sets of clothes for every week of their stay. Dean is staying for 5 weeks there.",Dean brought 20 sets of clothes in total.,entailment,t_mul_045,mul-005
1132,"Dean knew that they are going to stay at the beach for a while, so he brought 5 sets of clothes for every week of their stay. Dean is staying for 7 weeks there.",Dean brought 35 sets of clothes in total.,entailment,t_mul_045,mul-007
1133,"Dean knew that they are going to stay at the beach for a while, so he brought 18 sets of clothes for every week of their stay. Dean is staying for 16 weeks there.",Dean brought 288 sets of clothes in total.,entailment,t_mul_045,mul-022
1134,"Dean knew that they are going to stay at the beach for a while, so he brought 62 sets of clothes for every week of their stay. Dean is staying for 2 weeks there.",Dean brought 124 sets of clothes in total.,entailment,t_mul_045,mul-038
1135,"Dean knew that they are going to stay at the beach for a while, so he brought 104 sets of clothes for every week of their stay. Dean is staying for 612 weeks there.",Dean brought 63648 sets of clothes in total.,entailment,t_mul_045,mul-051
1136,"Dean knew that they are going to stay at the beach for a while, so he brought 248 sets of clothes for every week of their stay. Dean is staying for 743 weeks there.",Dean brought 184264 sets of clothes in total.,entailment,t_mul_045,mul-057
1137,"The first act included 33 clown mobiles, each stuffed with 11 clowns.",There are 363 clowns inside all the clown mobiles combined.,entailment,t_mul_046,mul-017
1138,"The first act included 3 clown mobiles, each stuffed with 30 clowns.",There are 90 clowns inside all the clown mobiles combined.,entailment,t_mul_046,mul-018
1139,"The first act included 5 clown mobiles, each stuffed with 35 clowns.",There are 175 clowns inside all the clown mobiles combined.,entailment,t_mul_046,mul-026
1140,"The first act included 6 clown mobiles, each stuffed with 42 clowns.",There are 252 clowns inside all the clown mobiles combined.,entailment,t_mul_046,mul-033
1141,"The first act included 60 clown mobiles, each stuffed with 109 clowns.",There are 6540 clowns inside all the clown mobiles combined.,entailment,t_mul_046,mul-052
1142,"The first act included 276 clown mobiles, each stuffed with 934 clowns.",There are 257784 clowns inside all the clown mobiles combined.,entailment,t_mul_046,mul-083
1143,"The first act included 845 clown mobiles, each stuffed with 992 clowns.",There are 838240 clowns inside all the clown mobiles combined.,entailment,t_mul_046,mul-085
1144,She also ate a hearty breakfast so that she would have enough energy. She bought 3 pieces of her favorite bread. Each piece of bread costs 10 cents.,Jenny spent 30 cents for her breakfast.,entailment,t_mul_047,mul-015
1145,She also ate a hearty breakfast so that she would have enough energy. She bought 3 pieces of her favorite bread. Each piece of bread costs 30 cents.,Jenny spent 90 cents for her breakfast.,entailment,t_mul_047,mul-018
1146,She also ate a hearty breakfast so that she would have enough energy. She bought 16 pieces of her favorite bread. Each piece of bread costs 18 cents.,Jenny spent 288 cents for her breakfast.,entailment,t_mul_047,mul-022
1147,She also ate a hearty breakfast so that she would have enough energy. She bought 27 pieces of her favorite bread. Each piece of bread costs 41 cents.,Jenny spent 1107 cents for her breakfast.,entailment,t_mul_047,mul-030
1148,She also ate a hearty breakfast so that she would have enough energy. She bought 35 pieces of her favorite bread. Each piece of bread costs 83 cents.,Jenny spent 2905 cents for her breakfast.,entailment,t_mul_047,mul-047
1149,She also ate a hearty breakfast so that she would have enough energy. She bought 119 pieces of her favorite bread. Each piece of bread costs 248 cents.,Jenny spent 29512 cents for her breakfast.,entailment,t_mul_047,mul-056
1150,She also ate a hearty breakfast so that she would have enough energy. She bought 767 pieces of her favorite bread. Each piece of bread costs 347 cents.,Jenny spent 266149 cents for her breakfast.,entailment,t_mul_047,mul-063
1151,She also ate a hearty breakfast so that she would have enough energy. She bought 98 pieces of her favorite bread. Each piece of bread costs 357 cents.,Jenny spent 34986 cents for her breakfast.,entailment,t_mul_047,mul-065
1152,She also ate a hearty breakfast so that she would have enough energy. She bought 904 pieces of her favorite bread. Each piece of bread costs 524 cents.,Jenny spent 473696 cents for her breakfast.,entailment,t_mul_047,mul-071
1153,She also ate a hearty breakfast so that she would have enough energy. She bought 93 pieces of her favorite bread. Each piece of bread costs 3906 cents.,Jenny spent 363258 cents for her breakfast.,entailment,t_mul_047,mul-092
1154,We ordered 6 pizzas. Each pizza has 3 slices.,There are 18 slices of pizza altogether.,entailment,t_mul_048,mul-012
1155,We ordered 12 pizzas. Each pizza has 11 slices.,There are 132 slices of pizza altogether.,entailment,t_mul_048,mul-019
1156,We ordered 30 pizzas. Each pizza has 8 slices.,There are 240 slices of pizza altogether.,entailment,t_mul_048,mul-024
1157,We ordered 36 pizzas. Each pizza has 13 slices.,There are 468 slices of pizza altogether.,entailment,t_mul_048,mul-027
1158,We ordered 81 pizzas. Each pizza has 9 slices.,There are 729 slices of pizza altogether.,entailment,t_mul_048,mul-050
1159,We ordered 436 pizzas. Each pizza has 396 slices.,There are 172656 slices of pizza altogether.,entailment,t_mul_048,mul-068
1160,We ordered 524 pizzas. Each pizza has 904 slices.,There are 473696 slices of pizza altogether.,entailment,t_mul_048,mul-071
1161,We ordered 626 pizzas. Each pizza has 59 slices.,There are 36934 slices of pizza altogether.,entailment,t_mul_048,mul-076
1162,We ordered 2793 pizzas. Each pizza has 49 slices.,There are 136857 slices of pizza altogether.,entailment,t_mul_048,mul-089
1163,A mailman has to give 56 pieces of junk mail to each house in each block. There are 22 houses on a block.,1232 pieces of junk mail should be given in each block.,entailment,t_mul_049,mul-023
1164,A mailman has to give 1 pieces of junk mail to each house in each block. There are 37 houses on a block.,37 pieces of junk mail should be given in each block.,entailment,t_mul_049,mul-028
1165,A mailman has to give 740 pieces of junk mail to each house in each block. There are 62 houses on a block.,45880 pieces of junk mail should be given in each block.,entailment,t_mul_049,mul-039
1166,A mailman has to give 24 pieces of junk mail to each house in each block. There are 420 houses on a block.,10080 pieces of junk mail should be given in each block.,entailment,t_mul_049,mul-067
1167,A mailman has to give 210 pieces of junk mail to each house in each block. There are 790 houses on a block.,165900 pieces of junk mail should be given in each block.,entailment,t_mul_049,mul-080
1168,"Stanley, a car enthusiast, loves to drive across different places as a hobby. So for his vacation, he decided to go around his favorite places. His first destination is the famous Sky Falls, one of the tallest waterfalls in his country. It is said to be 62 times as tall as the tallest building in their city. The building is 2 feet tall.",Sky Falls is 124 feet tall.,entailment,t_mul_050,mul-038
1169,"Stanley, a car enthusiast, loves to drive across different places as a hobby. So for his vacation, he decided to go around his favorite places. His first destination is the famous Sky Falls, one of the tallest waterfalls in his country. It is said to be 63 times as tall as the tallest building in their city. The building is 9 feet tall.",Sky Falls is 567 feet tall.,entailment,t_mul_050,mul-040
1170,"Stanley, a car enthusiast, loves to drive across different places as a hobby. So for his vacation, he decided to go around his favorite places. His first destination is the famous Sky Falls, one of the tallest waterfalls in his country. It is said to be 80 times as tall as the tallest building in their city. The building is 47 feet tall.",Sky Falls is 3760 feet tall.,entailment,t_mul_050,mul-046
1171,"Stanley, a car enthusiast, loves to drive across different places as a hobby. So for his vacation, he decided to go around his favorite places. His first destination is the famous Sky Falls, one of the tallest waterfalls in his country. It is said to be 85 times as tall as the tallest building in their city. The building is 13 feet tall.",Sky Falls is 1105 feet tall.,entailment,t_mul_050,mul-048
1172,"Stanley, a car enthusiast, loves to drive across different places as a hobby. So for his vacation, he decided to go around his favorite places. His first destination is the famous Sky Falls, one of the tallest waterfalls in his country. It is said to be 350 times as tall as the tallest building in their city. The building is 250 feet tall.",Sky Falls is 87500 feet tall.,entailment,t_mul_050,mul-064
1173,"Stanley, a car enthusiast, loves to drive across different places as a hobby. So for his vacation, he decided to go around his favorite places. His first destination is the famous Sky Falls, one of the tallest waterfalls in his country. It is said to be 357 times as tall as the tallest building in their city. The building is 98 feet tall.",Sky Falls is 34986 feet tall.,entailment,t_mul_050,mul-065
1174,"The mini library also has a section for the classics. Jack has a collection of 5 classic authors, with each author having 4 books.",There are 20 books in the classics section.,entailment,t_mul_052,mul-005
1175,"The mini library also has a section for the classics. Jack has a collection of 5 classic authors, with each author having 5 books.",There are 25 books in the classics section.,entailment,t_mul_052,mul-006
1176,"The mini library also has a section for the classics. Jack has a collection of 3 classic authors, with each author having 30 books.",There are 90 books in the classics section.,entailment,t_mul_052,mul-018
1177,"The mini library also has a section for the classics. Jack has a collection of 11 classic authors, with each author having 12 books.",There are 132 books in the classics section.,entailment,t_mul_052,mul-019
1178,"The mini library also has a section for the classics. Jack has a collection of 23 classic authors, with each author having 333 books.",There are 7659 books in the classics section.,entailment,t_mul_052,mul-061
1179,"The mini library also has a section for the classics. Jack has a collection of 537 classic authors, with each author having 335 books.",There are 179895 books in the classics section.,entailment,t_mul_052,mul-062
1180,"There are 5 bottle caps in every box of Beverly's bottle cap collection, and the bottle caps are organized into 5 boxes",25 bottle caps are there in total,entailment,t_mul_055,mul-006
1181,"There are 335 bottle caps in every box of Beverly's bottle cap collection, and the bottle caps are organized into 537 boxes",179895 bottle caps are there in total,entailment,t_mul_055,mul-062
1182,"There are 541 bottle caps in every box of Beverly's bottle cap collection, and the bottle caps are organized into 56 boxes",30296 bottle caps are there in total,entailment,t_mul_055,mul-072
1183,"There are 626 bottle caps in every box of Beverly's bottle cap collection, and the bottle caps are organized into 59 boxes",36934 bottle caps are there in total,entailment,t_mul_055,mul-076
1184,"There are 2500 bottle caps in every box of Beverly's bottle cap collection, and the bottle caps are organized into 4 boxes",10000 bottle caps are there in total,entailment,t_mul_055,mul-087
1185,"It's Valentine's Day in the city and Mayor Harvey wants to celebrate by giving the institutions for women some flowers. His first beneficiary was the nursing home for old women. He bought 767 sets of flowers, 347 pieces each.",Mayor Harvey bought 266149 flowers for the nursing home.,entailment,t_mul_056,mul-063
1186,"It's Valentine's Day in the city and Mayor Harvey wants to celebrate by giving the institutions for women some flowers. His first beneficiary was the nursing home for old women. He bought 904 sets of flowers, 524 pieces each.",Mayor Harvey bought 473696 flowers for the nursing home.,entailment,t_mul_056,mul-071
1187,"It's Valentine's Day in the city and Mayor Harvey wants to celebrate by giving the institutions for women some flowers. His first beneficiary was the nursing home for old women. He bought 107 sets of flowers, 585 pieces each.",Mayor Harvey bought 62595 flowers for the nursing home.,entailment,t_mul_056,mul-074
1188,"It's Valentine's Day in the city and Mayor Harvey wants to celebrate by giving the institutions for women some flowers. His first beneficiary was the nursing home for old women. He bought 32 sets of flowers, 6000 pieces each.",Mayor Harvey bought 192000 flowers for the nursing home.,entailment,t_mul_056,mul-095
1189,"It's Valentine's Day in the city and Mayor Harvey wants to celebrate by giving the institutions for women some flowers. His first beneficiary was the nursing home for old women. He bought 23 sets of flowers, 7659 pieces each.",Mayor Harvey bought 176157 flowers for the nursing home.,entailment,t_mul_056,mul-097
1190,"When she got to school, she saw that the school is composed of 93 buildings, each having 42 classrooms.",The school has 3906 classrooms.,entailment,t_mul_057,mul-031
1191,"When she got to school, she saw that the school is composed of 740 buildings, each having 62 classrooms.",The school has 45880 classrooms.,entailment,t_mul_057,mul-039
1192,"When she got to school, she saw that the school is composed of 767 buildings, each having 347 classrooms.",The school has 266149 classrooms.,entailment,t_mul_057,mul-063
1193,"When she got to school, she saw that the school is composed of 396 buildings, each having 436 classrooms.",The school has 172656 classrooms.,entailment,t_mul_057,mul-068
1194,"When she got to school, she saw that the school is composed of 59 buildings, each having 626 classrooms.",The school has 36934 classrooms.,entailment,t_mul_057,mul-076
1195,"When she got to school, she saw that the school is composed of 4 buildings, each having 2500 classrooms.",The school has 10000 classrooms.,entailment,t_mul_057,mul-087
1196,"When she got to school, she saw that the school is composed of 2 buildings, each having 4465 classrooms.",The school has 8930 classrooms.,entailment,t_mul_057,mul-093
1197,"When she got to school, she saw that the school is composed of 9 buildings, each having 5527 classrooms.",The school has 49743 classrooms.,entailment,t_mul_057,mul-094
1198,The Razorback T-shirt Shop ordered 9 cases of t-shirts. Each case contains 9 t-shirts.,They ordered 81 t-shirts.,entailment,t_mul_058,mul-014
1199,The Razorback T-shirt Shop ordered 16 cases of t-shirts. Each case contains 18 t-shirts.,They ordered 288 t-shirts.,entailment,t_mul_058,mul-022
1200,The Razorback T-shirt Shop ordered 8 cases of t-shirts. Each case contains 30 t-shirts.,They ordered 240 t-shirts.,entailment,t_mul_058,mul-024
1201,The Razorback T-shirt Shop ordered 93 cases of t-shirts. Each case contains 42 t-shirts.,They ordered 3906 t-shirts.,entailment,t_mul_058,mul-031
1202,The Razorback T-shirt Shop ordered 49 cases of t-shirts. Each case contains 57 t-shirts.,They ordered 2793 t-shirts.,entailment,t_mul_058,mul-035
1203,The Razorback T-shirt Shop ordered 119 cases of t-shirts. Each case contains 248 t-shirts.,They ordered 29512 t-shirts.,entailment,t_mul_058,mul-056
1204,The Razorback T-shirt Shop ordered 87 cases of t-shirts. Each case contains 316 t-shirts.,They ordered 27492 t-shirts.,entailment,t_mul_058,mul-060
1205,The Razorback T-shirt Shop ordered 32 cases of t-shirts. Each case contains 415 t-shirts.,They ordered 13280 t-shirts.,entailment,t_mul_058,mul-066
1206,The Razorback T-shirt Shop ordered 396 cases of t-shirts. Each case contains 436 t-shirts.,They ordered 172656 t-shirts.,entailment,t_mul_058,mul-068
1207,"When relatives visit Haley and her family, she and her cousins do origami and she gives 104 origami papers to every 1 of her 612 cousins",She has given away 63648 papers,entailment,t_mul_059,mul-051
1208,"When relatives visit Haley and her family, she and her cousins do origami and she gives 316 origami papers to every 1 of her 87 cousins",She has given away 27492 papers,entailment,t_mul_059,mul-060
1209,"When relatives visit Haley and her family, she and her cousins do origami and she gives 7659 origami papers to every 1 of her 23 cousins",She has given away 176157 papers,entailment,t_mul_059,mul-097
1210,Jill invited 81 people to her birthday party. They each ate 9 pieces of pizza.,They ate 729 pieces of pizza.,entailment,t_mul_060,mul-050
1211,Jill invited 109 people to her birthday party. They each ate 60 pieces of pizza.,They ate 6540 pieces of pizza.,entailment,t_mul_060,mul-052
1212,Jill invited 166 people to her birthday party. They each ate 57 pieces of pizza.,They ate 9462 pieces of pizza.,entailment,t_mul_060,mul-054
1213,Jill invited 541 people to her birthday party. They each ate 56 pieces of pizza.,They ate 30296 pieces of pizza.,entailment,t_mul_060,mul-072
1214,Jill invited 585 people to her birthday party. They each ate 107 pieces of pizza.,They ate 62595 pieces of pizza.,entailment,t_mul_060,mul-074
1215,Jill invited 943 people to her birthday party. They each ate 836 pieces of pizza.,They ate 788348 pieces of pizza.,entailment,t_mul_060,mul-084
1216,"After they vacation, they figured out that the farm was divided into 27 sections and each section has a land area of 41 acres.",The total area of the farm is 1107 acres.,entailment,t_mul_061,mul-030
1217,"After they vacation, they figured out that the farm was divided into 6 sections and each section has a land area of 42 acres.",The total area of the farm is 252 acres.,entailment,t_mul_061,mul-033
1218,"After they vacation, they figured out that the farm was divided into 47 sections and each section has a land area of 80 acres.",The total area of the farm is 3760 acres.,entailment,t_mul_061,mul-046
1219,"After they vacation, they figured out that the farm was divided into 59 sections and each section has a land area of 626 acres.",The total area of the farm is 36934 acres.,entailment,t_mul_061,mul-076
1220,"After they vacation, they figured out that the farm was divided into 31 sections and each section has a land area of 839 acres.",The total area of the farm is 26009 acres.,entailment,t_mul_061,mul-081
1221,"After they vacation, they figured out that the farm was divided into 49 sections and each section has a land area of 2793 acres.",The total area of the farm is 136857 acres.,entailment,t_mul_061,mul-089
1222,"After they vacation, they figured out that the farm was divided into 32 sections and each section has a land area of 6000 acres.",The total area of the farm is 192000 acres.,entailment,t_mul_061,mul-095
1223,Mrs. Hilt bought 5 hot dogs. Each hot dog cost 35 cents.,Mrs. Hilt spent 175 cents in total for all the hot dogs.,entailment,t_mul_062,mul-026
1224,Mrs. Hilt bought 9 hot dogs. Each hot dog cost 61 cents.,Mrs. Hilt spent 549 cents in total for all the hot dogs.,entailment,t_mul_062,mul-037
1225,Mrs. Hilt bought 35 hot dogs. Each hot dog cost 73 cents.,Mrs. Hilt spent 2555 cents in total for all the hot dogs.,entailment,t_mul_062,mul-043
1226,Mrs. Hilt bought 85 hot dogs. Each hot dog cost 164 cents.,Mrs. Hilt spent 13940 cents in total for all the hot dogs.,entailment,t_mul_062,mul-053
1227,Mrs. Hilt bought 537 hot dogs. Each hot dog cost 335 cents.,Mrs. Hilt spent 179895 cents in total for all the hot dogs.,entailment,t_mul_062,mul-062
1228,Ben was asked to count the number of cows that they have. He saw that there are a total of 39 cows for every cow herd. There are 71 cow herds in the farm.,There are 2769 cows in total.,entailment,t_mul_063,mul-029
1229,Ben was asked to count the number of cows that they have. He saw that there are a total of 2865 cows for every cow herd. There are 64 cow herds in the farm.,There are 183360 cows in total.,entailment,t_mul_063,mul-090
1230,3 people ate 30 lemon heads each.,90 lemon heads were eaten all together,entailment,t_mul_064,mul-018
1231,5 people ate 25 lemon heads each.,125 lemon heads were eaten all together,entailment,t_mul_064,mul-025
1232,13 people ate 36 lemon heads each.,468 lemon heads were eaten all together,entailment,t_mul_064,mul-027
1233,6 people ate 42 lemon heads each.,252 lemon heads were eaten all together,entailment,t_mul_064,mul-033
1234,25 people ate 50 lemon heads each.,1250 lemon heads were eaten all together,entailment,t_mul_064,mul-034
1235,2 people ate 62 lemon heads each.,124 lemon heads were eaten all together,entailment,t_mul_064,mul-038
1236,107 people ate 585 lemon heads each.,62595 lemon heads were eaten all together,entailment,t_mul_064,mul-074
1237,47 people ate 747 lemon heads each.,35109 lemon heads were eaten all together,entailment,t_mul_064,mul-079
1238,Shirley sold 9 cases of boxes of trefoils. Each case has 3 boxes.,Shirley needs to deliver 27 boxes of trefoils.,entailment,t_mul_065,mul-009
1239,Shirley sold 11 cases of boxes of trefoils. Each case has 33 boxes.,Shirley needs to deliver 363 boxes of trefoils.,entailment,t_mul_065,mul-017
1240,Shirley sold 291 cases of boxes of trefoils. Each case has 74 boxes.,Shirley needs to deliver 21534 boxes of trefoils.,entailment,t_mul_065,mul-059
1241,Shirley sold 335 cases of boxes of trefoils. Each case has 537 boxes.,Shirley needs to deliver 179895 boxes of trefoils.,entailment,t_mul_065,mul-062
1242,Shirley sold 839 cases of boxes of trefoils. Each case has 31 boxes.,Shirley needs to deliver 26009 boxes of trefoils.,entailment,t_mul_065,mul-081
1243,"After going down the falls, he then went to Rock Mist Mountains. The mountain is 36 times farther from the city than Sky Falls and Sky Falls is 13 miles from the city.",Rocky Mist is 468 miles from the city.,entailment,t_mul_067,mul-027
1244,"After going down the falls, he then went to Rock Mist Mountains. The mountain is 85 times farther from the city than Sky Falls and Sky Falls is 13 miles from the city.",Rocky Mist is 1105 miles from the city.,entailment,t_mul_067,mul-048
1245,"After going down the falls, he then went to Rock Mist Mountains. The mountain is 109 times farther from the city than Sky Falls and Sky Falls is 60 miles from the city.",Rocky Mist is 6540 miles from the city.,entailment,t_mul_067,mul-052
1246,"After going down the falls, he then went to Rock Mist Mountains. The mountain is 335 times farther from the city than Sky Falls and Sky Falls is 537 miles from the city.",Rocky Mist is 179895 miles from the city.,entailment,t_mul_067,mul-062
1247,"After going down the falls, he then went to Rock Mist Mountains. The mountain is 585 times farther from the city than Sky Falls and Sky Falls is 107 miles from the city.",Rocky Mist is 62595 miles from the city.,entailment,t_mul_067,mul-074
1248,"After going down the falls, he then went to Rock Mist Mountains. The mountain is 8930 times farther from the city than Sky Falls and Sky Falls is 2 miles from the city.",Rocky Mist is 17860 miles from the city.,entailment,t_mul_067,mul-088
1249,"After going down the falls, he then went to Rock Mist Mountains. The mountain is 10000 times farther from the city than Sky Falls and Sky Falls is 7 miles from the city.",Rocky Mist is 70000 miles from the city.,entailment,t_mul_067,mul-099
1250,Our watermelons have 5 seeds each. We have 5 watermelons.,"If the same number of seeds go in each can, there will be 25 seeds.",entailment,t_mul_068,mul-006
1251,Our watermelons have 22 seeds each. We have 56 watermelons.,"If the same number of seeds go in each can, there will be 1232 seeds.",entailment,t_mul_068,mul-023
1252,Our watermelons have 333 seeds each. We have 23 watermelons.,"If the same number of seeds go in each can, there will be 7659 seeds.",entailment,t_mul_068,mul-061
1253,Our watermelons have 415 seeds each. We have 32 watermelons.,"If the same number of seeds go in each can, there will be 13280 seeds.",entailment,t_mul_068,mul-066
1254,Our watermelons have 839 seeds each. We have 31 watermelons.,"If the same number of seeds go in each can, there will be 26009 seeds.",entailment,t_mul_068,mul-081
1255,Our watermelons have 9222 seeds each. We have 20 watermelons.,"If the same number of seeds go in each can, there will be 184440 seeds.",entailment,t_mul_068,mul-098
1256,Chris gave his 9222 friends 20 pieces of candy each.,Chris gave his friends 184440 pieces of candy.,entailment,t_mul_070,mul-098
1257,White t-shirts can be purchased in packages of 2. Mom buys 2 packages.,Mom will have 4 white t-shirts.,entailment,t_mul_071,mul-000
1258,White t-shirts can be purchased in packages of 13. Mom buys 36 packages.,Mom will have 468 white t-shirts.,entailment,t_mul_071,mul-027
1259,White t-shirts can be purchased in packages of 1. Mom buys 37 packages.,Mom will have 37 white t-shirts.,entailment,t_mul_071,mul-028
1260,White t-shirts can be purchased in packages of 2. Mom buys 62 packages.,Mom will have 124 white t-shirts.,entailment,t_mul_071,mul-038
1261,White t-shirts can be purchased in packages of 46. Mom buys 78 packages.,Mom will have 3588 white t-shirts.,entailment,t_mul_071,mul-045
1262,White t-shirts can be purchased in packages of 98. Mom buys 357 packages.,Mom will have 34986 white t-shirts.,entailment,t_mul_071,mul-065
1263,White t-shirts can be purchased in packages of 32. Mom buys 415 packages.,Mom will have 13280 white t-shirts.,entailment,t_mul_071,mul-066
1264,White t-shirts can be purchased in packages of 49. Mom buys 2793 packages.,Mom will have 136857 white t-shirts.,entailment,t_mul_071,mul-089
1265,"For the fifth grade play, the chairs have been put into 2 rows with 2 chairs in each row.",There are 4 chairs put out for the play.,entailment,t_mul_072,mul-000
1266,"For the fifth grade play, the chairs have been put into 2 rows with 3 chairs in each row.",There are 6 chairs put out for the play.,entailment,t_mul_072,mul-001
1267,"For the fifth grade play, the chairs have been put into 4 rows with 3 chairs in each row.",There are 12 chairs put out for the play.,entailment,t_mul_072,mul-004
1268,"For the fifth grade play, the chairs have been put into 36 rows with 13 chairs in each row.",There are 468 chairs put out for the play.,entailment,t_mul_072,mul-027
1269,"For the fifth grade play, the chairs have been put into 39 rows with 71 chairs in each row.",There are 2769 chairs put out for the play.,entailment,t_mul_072,mul-029
1270,"For the fifth grade play, the chairs have been put into 104 rows with 612 chairs in each row.",There are 63648 chairs put out for the play.,entailment,t_mul_072,mul-051
1271,"For the fifth grade play, the chairs have been put into 541 rows with 56 chairs in each row.",There are 30296 chairs put out for the play.,entailment,t_mul_072,mul-072
1272,"For the fifth grade play, the chairs have been put into 585 rows with 107 chairs in each row.",There are 62595 chairs put out for the play.,entailment,t_mul_072,mul-074
1273,"For the fifth grade play, the chairs have been put into 2500 rows with 4 chairs in each row.",There are 10000 chairs put out for the play.,entailment,t_mul_072,mul-087
1274,"For the fifth grade play, the chairs have been put into 9222 rows with 20 chairs in each row.",There are 184440 chairs put out for the play.,entailment,t_mul_072,mul-098
1275,Mrs. Hilt saw 3 bees in the hive. The next day she saw 3 times that many.,Mrs. Hilt saw 9 bees on the second day.,entailment,t_mul_073,mul-002
1276,Mrs. Hilt saw 97 bees in the hive. The next day she saw 81 times that many.,Mrs. Hilt saw 7857 bees on the second day.,entailment,t_mul_073,mul-049
1277,Mrs. Hilt saw 104 bees in the hive. The next day she saw 612 times that many.,Mrs. Hilt saw 63648 bees on the second day.,entailment,t_mul_073,mul-051
1278,Mrs. Hilt saw 248 bees in the hive. The next day she saw 119 times that many.,Mrs. Hilt saw 29512 bees on the second day.,entailment,t_mul_073,mul-056
1279,Mrs. Hilt saw 363 bees in the hive. The next day she saw 33 times that many.,Mrs. Hilt saw 11979 bees on the second day.,entailment,t_mul_073,mul-073
1280,Mrs. Hilt saw 2865 bees in the hive. The next day she saw 64 times that many.,Mrs. Hilt saw 183360 bees on the second day.,entailment,t_mul_073,mul-090
1281,He also has a section filled with short story booklets. Each booklet has 2 pages and there are 2 booklets in the short story section.,Jack needs to go through 4 pages if he plans to read them all.,entailment,t_mul_074,mul-000
1282,He also has a section filled with short story booklets. Each booklet has 3 pages and there are 2 booklets in the short story section.,Jack needs to go through 6 pages if he plans to read them all.,entailment,t_mul_074,mul-001
1283,He also has a section filled with short story booklets. Each booklet has 5 pages and there are 4 booklets in the short story section.,Jack needs to go through 20 pages if he plans to read them all.,entailment,t_mul_074,mul-005
1284,He also has a section filled with short story booklets. Each booklet has 7 pages and there are 14 booklets in the short story section.,Jack needs to go through 98 pages if he plans to read them all.,entailment,t_mul_074,mul-020
1285,He also has a section filled with short story booklets. Each booklet has 8 pages and there are 30 booklets in the short story section.,Jack needs to go through 240 pages if he plans to read them all.,entailment,t_mul_074,mul-024
1286,He also has a section filled with short story booklets. Each booklet has 6 pages and there are 76 booklets in the short story section.,Jack needs to go through 456 pages if he plans to read them all.,entailment,t_mul_074,mul-044
1287,He also has a section filled with short story booklets. Each booklet has 81 pages and there are 97 booklets in the short story section.,Jack needs to go through 7857 pages if he plans to read them all.,entailment,t_mul_074,mul-049
1288,He also has a section filled with short story booklets. Each booklet has 500 pages and there are 600 booklets in the short story section.,Jack needs to go through 300000 pages if he plans to read them all.,entailment,t_mul_074,mul-075
1289,He also has a section filled with short story booklets. Each booklet has 63 pages and there are 919 booklets in the short story section.,Jack needs to go through 57897 pages if he plans to read them all.,entailment,t_mul_074,mul-082
1290,He also has a section filled with short story booklets. Each booklet has 49 pages and there are 2793 booklets in the short story section.,Jack needs to go through 136857 pages if he plans to read them all.,entailment,t_mul_074,mul-089
1291,Paige was helping her mom plant flowers and together they planted some seeds. They put 8 seeds in each flower bed. There are 6 flowerbeds.,They planted 48 seeds.,entailment,t_mul_075,mul-008
1292,Paige was helping her mom plant flowers and together they planted some seeds. They put 90 seeds in each flower bed. There are 490 flowerbeds.,They planted 44100 seeds.,entailment,t_mul_075,mul-070
1293,Robin has 7 packages of gum. There are 6 pieces in each package.,Robin has 42 pieces of gum.,entailment,t_mul_076,mul-011
1294,Robin has 47 packages of gum. There are 7 pieces in each package.,Robin has 329 pieces of gum.,entailment,t_mul_076,mul-032
1295,Robin has 60 packages of gum. There are 87 pieces in each package.,Robin has 5220 pieces of gum.,entailment,t_mul_076,mul-036
1296,Robin has 61 packages of gum. There are 9 pieces in each package.,Robin has 549 pieces of gum.,entailment,t_mul_076,mul-037
1297,Robin has 76 packages of gum. There are 6 pieces in each package.,Robin has 456 pieces of gum.,entailment,t_mul_076,mul-044
1298,Robin has 85 packages of gum. There are 13 pieces in each package.,Robin has 1105 pieces of gum.,entailment,t_mul_076,mul-048
1299,Robin has 357 packages of gum. There are 98 pieces in each package.,Robin has 34986 pieces of gum.,entailment,t_mul_076,mul-065
1300,Robin has 585 packages of gum. There are 107 pieces in each package.,Robin has 62595 pieces of gum.,entailment,t_mul_076,mul-074
1301,Robin has 7659 packages of gum. There are 23 pieces in each package.,Robin has 176157 pieces of gum.,entailment,t_mul_076,mul-097
1302,Bryan took a look at his books as well. He has 2 books in each of his 3 bookshelves.,Bryan has 6 books.,entailment,t_mul_077,mul-001
1303,Bryan took a look at his books as well. He has 166 books in each of his 57 bookshelves.,Bryan has 9462 books.,entailment,t_mul_077,mul-054
1304,Bryan took a look at his books as well. He has 291 books in each of his 74 bookshelves.,Bryan has 21534 books.,entailment,t_mul_077,mul-059
1305,Bryan took a look at his books as well. He has 316 books in each of his 87 bookshelves.,Bryan has 27492 books.,entailment,t_mul_077,mul-060
1306,Bryan took a look at his books as well. He has 335 books in each of his 537 bookshelves.,Bryan has 179895 books.,entailment,t_mul_077,mul-062
1307,Bryan took a look at his books as well. He has 350 books in each of his 250 bookshelves.,Bryan has 87500 books.,entailment,t_mul_077,mul-064
1308,Bryan took a look at his books as well. He has 363 books in each of his 33 bookshelves.,Bryan has 11979 books.,entailment,t_mul_077,mul-073
1309,Bryan took a look at his books as well. He has 8930 books in each of his 2 bookshelves.,Bryan has 17860 books.,entailment,t_mul_077,mul-088
1310,He also had 6 aquariums for saltwater animals. Each aquarium has 7 animals in it.,Tyler has 42 saltwater animals.,entailment,t_mul_078,mul-011
1311,He also had 3 aquariums for saltwater animals. Each aquarium has 10 animals in it.,Tyler has 30 saltwater animals.,entailment,t_mul_078,mul-015
1312,He also had 8 aquariums for saltwater animals. Each aquarium has 30 animals in it.,Tyler has 240 saltwater animals.,entailment,t_mul_078,mul-024
1313,He also had 25 aquariums for saltwater animals. Each aquarium has 50 animals in it.,Tyler has 1250 saltwater animals.,entailment,t_mul_078,mul-034
1314,He also had 679 aquariums for saltwater animals. Each aquarium has 465 animals in it.,Tyler has 315735 saltwater animals.,entailment,t_mul_078,mul-069
1315,He also had 4 aquariums for saltwater animals. Each aquarium has 2500 animals in it.,Tyler has 10000 saltwater animals.,entailment,t_mul_078,mul-087
1316,He also had 93 aquariums for saltwater animals. Each aquarium has 3906 animals in it.,Tyler has 363258 saltwater animals.,entailment,t_mul_078,mul-092
1317,He also had 2 aquariums for saltwater animals. Each aquarium has 4465 animals in it.,Tyler has 8930 saltwater animals.,entailment,t_mul_078,mul-093
1318,Both of them were also asked to take note of the total number of chicken in the farm. Ben counted a total of 6 chicken coops and Daniel said that there are 8460 chickens in one coop.,They have 50760 chickens in total.,entailment,t_mul_079,mul-096
1319,There are 2 houses in a block. A mailman has to give 2 pieces of junk mail to each house in each block.,Each block should be given 4 pieces of junk mail.,entailment,t_mul_080,mul-000
1320,There are 2 houses in a block. A mailman has to give 4 pieces of junk mail to each house in each block.,Each block should be given 8 pieces of junk mail.,entailment,t_mul_080,mul-003
1321,There are 47 houses in a block. A mailman has to give 80 pieces of junk mail to each house in each block.,Each block should be given 3760 pieces of junk mail.,entailment,t_mul_080,mul-046
1322,There are 660 houses in a block. A mailman has to give 200 pieces of junk mail to each house in each block.,Each block should be given 132000 pieces of junk mail.,entailment,t_mul_080,mul-055
1323,There are 74 houses in a block. A mailman has to give 291 pieces of junk mail to each house in each block.,Each block should be given 21534 pieces of junk mail.,entailment,t_mul_080,mul-059
1324,There are 87 houses in a block. A mailman has to give 316 pieces of junk mail to each house in each block.,Each block should be given 27492 pieces of junk mail.,entailment,t_mul_080,mul-060
1325,There are 56 houses in a block. A mailman has to give 541 pieces of junk mail to each house in each block.,Each block should be given 30296 pieces of junk mail.,entailment,t_mul_080,mul-072
1326,There are 9 houses in a block. A mailman has to give 5527 pieces of junk mail to each house in each block.,Each block should be given 49743 pieces of junk mail.,entailment,t_mul_080,mul-094
1327,There are 23 houses in a block. A mailman has to give 7659 pieces of junk mail to each house in each block.,Each block should be given 176157 pieces of junk mail.,entailment,t_mul_080,mul-097
1328,"Another region was the aquatic reserve for freshwater organisms. There are 2 bodies of water in the region, each having 4 different fishes.",There is a total of 8 fishes.,entailment,t_mul_083,mul-003
1329,"Another region was the aquatic reserve for freshwater organisms. There are 5 bodies of water in the region, each having 18 different fishes.",There is a total of 90 fishes.,entailment,t_mul_083,mul-016
1330,"Another region was the aquatic reserve for freshwater organisms. There are 5 bodies of water in the region, each having 35 different fishes.",There is a total of 175 fishes.,entailment,t_mul_083,mul-026
1331,"Another region was the aquatic reserve for freshwater organisms. There are 49 bodies of water in the region, each having 57 different fishes.",There is a total of 2793 fishes.,entailment,t_mul_083,mul-035
1332,"Another region was the aquatic reserve for freshwater organisms. There are 46 bodies of water in the region, each having 78 different fishes.",There is a total of 3588 fishes.,entailment,t_mul_083,mul-045
1333,"Another region was the aquatic reserve for freshwater organisms. There are 23 bodies of water in the region, each having 333 different fishes.",There is a total of 7659 fishes.,entailment,t_mul_083,mul-061
1334,"Another region was the aquatic reserve for freshwater organisms. There are 32 bodies of water in the region, each having 415 different fishes.",There is a total of 13280 fishes.,entailment,t_mul_083,mul-066
1335,"Another region was the aquatic reserve for freshwater organisms. There are 210 bodies of water in the region, each having 790 different fishes.",There is a total of 165900 fishes.,entailment,t_mul_083,mul-080
1336,"Another region was the aquatic reserve for freshwater organisms. There are 2 bodies of water in the region, each having 8930 different fishes.",There is a total of 17860 fishes.,entailment,t_mul_083,mul-088
1337,A book has 5 chapters. Each chapter is 35 pages long.,The book has a total of 175 pages.,entailment,t_mul_084,mul-026
1338,A book has 87 chapters. Each chapter is 60 pages long.,The book has a total of 5220 pages.,entailment,t_mul_084,mul-036
1339,A book has 612 chapters. Each chapter is 104 pages long.,The book has a total of 63648 pages.,entailment,t_mul_084,mul-051
1340,A book has 72 chapters. Each chapter is 270 pages long.,The book has a total of 19440 pages.,entailment,t_mul_084,mul-058
1341,A book has 87 chapters. Each chapter is 316 pages long.,The book has a total of 27492 pages.,entailment,t_mul_084,mul-060
1342,A book has 47 chapters. Each chapter is 747 pages long.,The book has a total of 35109 pages.,entailment,t_mul_084,mul-079
1343,A book has 23 chapters. Each chapter is 7659 pages long.,The book has a total of 176157 pages.,entailment,t_mul_084,mul-097
1344,If each bag has 5 cookies and you had 5 bags of cookies.,You would have 25 cookies.,entailment,t_mul_085,mul-006
1345,If each bag has 3 cookies and you had 9 bags of cookies.,You would have 27 cookies.,entailment,t_mul_085,mul-009
1346,If each bag has 3 cookies and you had 6 bags of cookies.,You would have 18 cookies.,entailment,t_mul_085,mul-012
1347,If each bag has 3 cookies and you had 10 bags of cookies.,You would have 30 cookies.,entailment,t_mul_085,mul-015
1348,If each bag has 27 cookies and you had 41 bags of cookies.,You would have 1107 cookies.,entailment,t_mul_085,mul-030
1349,If each bag has 33 cookies and you had 363 bags of cookies.,You would have 11979 cookies.,entailment,t_mul_085,mul-073
1350,If each bag has 500 cookies and you had 600 bags of cookies.,You would have 300000 cookies.,entailment,t_mul_085,mul-075
1351,If each bag has 169 cookies and you had 670 bags of cookies.,You would have 113230 cookies.,entailment,t_mul_085,mul-077
1352,If each bag has 49 cookies and you had 2793 bags of cookies.,You would have 136857 cookies.,entailment,t_mul_085,mul-089
1353,There were 9 book shelves. Each book shelf had 9 books.,There were 81 books on the shelves.,entailment,t_mul_086,mul-014
1354,There were 333 book shelves. Each book shelf had 23 books.,There were 7659 books on the shelves.,entailment,t_mul_086,mul-061
1355,There were 919 book shelves. Each book shelf had 63 books.,There were 57897 books on the shelves.,entailment,t_mul_086,mul-082
1356,The next act involved several jugglers. Each juggler is juggling 71 balls at a time. 39 jugglers are putting on a show at the same time.,2769 balls are needed.,entailment,t_mul_087,mul-029
1357,The next act involved several jugglers. Each juggler is juggling 740 balls at a time. 62 jugglers are putting on a show at the same time.,45880 balls are needed.,entailment,t_mul_087,mul-039
1358,The next act involved several jugglers. Each juggler is juggling 47 balls at a time. 80 jugglers are putting on a show at the same time.,3760 balls are needed.,entailment,t_mul_087,mul-046
1359,The next act involved several jugglers. Each juggler is juggling 13 balls at a time. 85 jugglers are putting on a show at the same time.,1105 balls are needed.,entailment,t_mul_087,mul-048
1360,The next act involved several jugglers. Each juggler is juggling 396 balls at a time. 436 jugglers are putting on a show at the same time.,172656 balls are needed.,entailment,t_mul_087,mul-068
1361,The next act involved several jugglers. Each juggler is juggling 210 balls at a time. 790 jugglers are putting on a show at the same time.,165900 balls are needed.,entailment,t_mul_087,mul-080
1362,The next act involved several jugglers. Each juggler is juggling 23 balls at a time. 7659 jugglers are putting on a show at the same time.,176157 balls are needed.,entailment,t_mul_087,mul-097
1363,"I have 8 pencil boxes, and I fill each box with 16 pencils",I will have 128 pencils ,entailment,t_mul_088,mul-021
1364,"I have 8 pencil boxes, and I fill each box with 30 pencils",I will have 240 pencils ,entailment,t_mul_088,mul-024
1365,"I have 81 pencil boxes, and I fill each box with 97 pencils",I will have 7857 pencils ,entailment,t_mul_088,mul-049
1366,"I have 612 pencil boxes, and I fill each box with 104 pencils",I will have 63648 pencils ,entailment,t_mul_088,mul-051
1367,"I have 537 pencil boxes, and I fill each box with 335 pencils",I will have 179895 pencils ,entailment,t_mul_088,mul-062
1368,"I have 98 pencil boxes, and I fill each box with 357 pencils",I will have 34986 pencils ,entailment,t_mul_088,mul-065
1369,"I have 904 pencil boxes, and I fill each box with 524 pencils",I will have 473696 pencils ,entailment,t_mul_088,mul-071
1370,"I have 33 pencil boxes, and I fill each box with 363 pencils",I will have 11979 pencils ,entailment,t_mul_088,mul-073
1371,"I have 591 pencil boxes, and I fill each box with 682 pencils",I will have 403062 pencils ,entailment,t_mul_088,mul-078
1372,"I have 9 pencil boxes, and I fill each box with 5527 pencils",I will have 49743 pencils ,entailment,t_mul_088,mul-094
1373,"Determined to have fun, they travelled to the next amusement park, HappyLand. They cover a distance of 8 feet for every minute of travel and they travelled for 9 minutes.",HappyLand is 72 feet away from SFL.,entailment,t_mul_089,mul-013
1374,"Determined to have fun, they travelled to the next amusement park, HappyLand. They cover a distance of 9 feet for every minute of travel and they travelled for 9 minutes.",HappyLand is 81 feet away from SFL.,entailment,t_mul_089,mul-014
1375,"Determined to have fun, they travelled to the next amusement park, HappyLand. They cover a distance of 16 feet for every minute of travel and they travelled for 8 minutes.",HappyLand is 128 feet away from SFL.,entailment,t_mul_089,mul-021
1376,"Determined to have fun, they travelled to the next amusement park, HappyLand. They cover a distance of 25 feet for every minute of travel and they travelled for 5 minutes.",HappyLand is 125 feet away from SFL.,entailment,t_mul_089,mul-025
1377,"Determined to have fun, they travelled to the next amusement park, HappyLand. They cover a distance of 270 feet for every minute of travel and they travelled for 72 minutes.",HappyLand is 19440 feet away from SFL.,entailment,t_mul_089,mul-058
1378,A candy store has 3 boxes of chocolates. Each box has 2 pieces.,There are 6 pieces altogether in the boxes.,entailment,t_mul_090,mul-001
1379,A candy store has 7 boxes of chocolates. Each box has 14 pieces.,There are 98 pieces altogether in the boxes.,entailment,t_mul_090,mul-020
1380,A candy store has 46 boxes of chocolates. Each box has 78 pieces.,There are 3588 pieces altogether in the boxes.,entailment,t_mul_090,mul-045
1381,A candy store has 35 boxes of chocolates. Each box has 83 pieces.,There are 2905 pieces altogether in the boxes.,entailment,t_mul_090,mul-047
1382,A candy store has 31 boxes of chocolates. Each box has 839 pieces.,There are 26009 pieces altogether in the boxes.,entailment,t_mul_090,mul-081
1383,A candy store has 836 boxes of chocolates. Each box has 943 pieces.,There are 788348 pieces altogether in the boxes.,entailment,t_mul_090,mul-084
1384,A candy store has 49 boxes of chocolates. Each box has 2793 pieces.,There are 136857 pieces altogether in the boxes.,entailment,t_mul_090,mul-089
1385,A candy store has 2 boxes of chocolates. Each box has 4465 pieces.,There are 8930 pieces altogether in the boxes.,entailment,t_mul_090,mul-093
1386,"One of his favorites is a book called Encyclopedia of Life and Everything Else. The book has 6 large chapters, each having 7 pages.",The encyclopedia has a total of 42 pages.,entailment,t_mul_091,mul-011
1387,"One of his favorites is a book called Encyclopedia of Life and Everything Else. The book has 1 large chapters, each having 37 pages.",The encyclopedia has a total of 37 pages.,entailment,t_mul_091,mul-028
1388,"One of his favorites is a book called Encyclopedia of Life and Everything Else. The book has 87 large chapters, each having 60 pages.",The encyclopedia has a total of 5220 pages.,entailment,t_mul_091,mul-036
1389,"One of his favorites is a book called Encyclopedia of Life and Everything Else. The book has 2 large chapters, each having 62 pages.",The encyclopedia has a total of 124 pages.,entailment,t_mul_091,mul-038
1390,"One of his favorites is a book called Encyclopedia of Life and Everything Else. The book has 85 large chapters, each having 164 pages.",The encyclopedia has a total of 13940 pages.,entailment,t_mul_091,mul-053
1391,"One of his favorites is a book called Encyclopedia of Life and Everything Else. The book has 87 large chapters, each having 316 pages.",The encyclopedia has a total of 27492 pages.,entailment,t_mul_091,mul-060
1392,"One of his favorites is a book called Encyclopedia of Life and Everything Else. The book has 23 large chapters, each having 333 pages.",The encyclopedia has a total of 7659 pages.,entailment,t_mul_091,mul-061
1393,"One of his favorites is a book called Encyclopedia of Life and Everything Else. The book has 169 large chapters, each having 670 pages.",The encyclopedia has a total of 113230 pages.,entailment,t_mul_091,mul-077
1394,There are 9 fishbowls. Each fishbowl has 3 fish.,There are 27 fish.,entailment,t_mul_092,mul-009
1395,There are 18 fishbowls. Each fishbowl has 5 fish.,There are 90 fish.,entailment,t_mul_092,mul-016
1396,There are 11 fishbowls. Each fishbowl has 33 fish.,There are 363 fish.,entailment,t_mul_092,mul-017
1397,There are 57 fishbowls. Each fishbowl has 49 fish.,There are 2793 fish.,entailment,t_mul_092,mul-035
1398,There are 919 fishbowls. Each fishbowl has 63 fish.,There are 57897 fish.,entailment,t_mul_092,mul-082
1399,Lansing has 7 elementary schools and there are 14 students in each school,98 elementary students are there altogether in Lansing,entailment,t_mul_093,mul-020
1400,Lansing has 5 elementary schools and there are 35 students in each school,175 elementary students are there altogether in Lansing,entailment,t_mul_093,mul-026
1401,Lansing has 13 elementary schools and there are 36 students in each school,468 elementary students are there altogether in Lansing,entailment,t_mul_093,mul-027
1402,Lansing has 5 elementary schools and there are 67 students in each school,335 elementary students are there altogether in Lansing,entailment,t_mul_093,mul-041
1403,Lansing has 56 elementary schools and there are 541 students in each school,30296 elementary students are there altogether in Lansing,entailment,t_mul_093,mul-072
1404,Lansing has 500 elementary schools and there are 600 students in each school,300000 elementary students are there altogether in Lansing,entailment,t_mul_093,mul-075
1405,Lansing has 68 elementary schools and there are 997 students in each school,67796 elementary students are there altogether in Lansing,entailment,t_mul_093,mul-086
1406,Lansing has 75 elementary schools and there are 3777 students in each school,283275 elementary students are there altogether in Lansing,entailment,t_mul_093,mul-091
1407,Luke played 8 rounds of a trivia game. He gained 9 points in each round.,Luke scored 72 points in the game.,entailment,t_mul_094,mul-013
1408,Luke played 41 rounds of a trivia game. He gained 27 points in each round.,Luke scored 1107 points in the game.,entailment,t_mul_094,mul-030
1409,Luke played 61 rounds of a trivia game. He gained 9 points in each round.,Luke scored 549 points in the game.,entailment,t_mul_094,mul-037
1410,Luke played 347 rounds of a trivia game. He gained 767 points in each round.,Luke scored 266149 points in the game.,entailment,t_mul_094,mul-063
1411,Luke played 8460 rounds of a trivia game. He gained 6 points in each round.,Luke scored 50760 points in the game.,entailment,t_mul_094,mul-096
1412,Luke played 10000 rounds of a trivia game. He gained 7 points in each round.,Luke scored 70000 points in the game.,entailment,t_mul_094,mul-099
1413,Lisa took a plane trip of 62 miles and she took this trip 740 times,She has flown 45880 miles,entailment,t_mul_095,mul-039
1414,Lisa took a plane trip of 335 miles and she took this trip 537 times,She has flown 179895 miles,entailment,t_mul_095,mul-062
1415,Lisa took a plane trip of 357 miles and she took this trip 98 times,She has flown 34986 miles,entailment,t_mul_095,mul-065
1416,Lisa took a plane trip of 943 miles and she took this trip 836 times,She has flown 788348 miles,entailment,t_mul_095,mul-084
1417,Emily collected eggs from the hen and put them into 30 baskets. She put 8 eggs into each basket.,Emily collected 240 eggs.,entailment,t_mul_096,mul-024
1418,Emily collected eggs from the hen and put them into 166 baskets. She put 57 eggs into each basket.,Emily collected 9462 eggs.,entailment,t_mul_096,mul-054
1419,Emily collected eggs from the hen and put them into 490 baskets. She put 90 eggs into each basket.,Emily collected 44100 eggs.,entailment,t_mul_096,mul-070
1420,Frank was reading through his favorite book. He read 49 pages per day and it took him 57 days to finish the book.,The book has 2793 pages.,entailment,t_mul_097,mul-035
1421,Frank was reading through his favorite book. He read 119 pages per day and it took him 248 days to finish the book.,The book has 29512 pages.,entailment,t_mul_097,mul-056
1422,Frank was reading through his favorite book. He read 904 pages per day and it took him 524 days to finish the book.,The book has 473696 pages.,entailment,t_mul_097,mul-071
1423,Frank was reading through his favorite book. He read 107 pages per day and it took him 585 days to finish the book.,The book has 62595 pages.,entailment,t_mul_097,mul-074
1424,There are 200 pots. Each pot has 660 flowers in it.,There are 132000 flowers in all.,entailment,t_mul_098,mul-055
1425,There are 585 pots. Each pot has 107 flowers in it.,There are 62595 flowers in all.,entailment,t_mul_098,mul-074
1426,There are some bananas in Philip's banana collection. The bananas are organized into 3 groups of size 9.,Philip has 27 bananas in his collection.,entailment,t_mul_099,mul-009
1427,There are some bananas in Philip's banana collection. The bananas are organized into 9 groups of size 8.,Philip has 72 bananas in his collection.,entailment,t_mul_099,mul-013
1428,There are some bananas in Philip's banana collection. The bananas are organized into 9 groups of size 9.,Philip has 81 bananas in his collection.,entailment,t_mul_099,mul-014
1429,There are some bananas in Philip's banana collection. The bananas are organized into 8 groups of size 16.,Philip has 128 bananas in his collection.,entailment,t_mul_099,mul-021
1430,There are some bananas in Philip's banana collection. The bananas are organized into 90 groups of size 490.,Philip has 44100 bananas in his collection.,entailment,t_mul_099,mul-070
1431,There are some bananas in Philip's banana collection. The bananas are organized into 49 groups of size 2793.,Philip has 136857 bananas in his collection.,entailment,t_mul_099,mul-089
1432,There are some bananas in Philip's banana collection. The bananas are organized into 75 groups of size 3777.,Philip has 283275 bananas in his collection.,entailment,t_mul_099,mul-091
1433,Philip has 140 bottle caps stored in boxes. The are 4 boxes.,Each box must contain 35 bottle cap.,entailment,t_div_000,div-036
1434,Philip has 180 bottle caps stored in boxes. The are 12 boxes.,Each box must contain 15 bottle cap.,entailment,t_div_000,div-037
1435,Philip has 468 bottle caps stored in boxes. The are 13 boxes.,Each box must contain 36 bottle cap.,entailment,t_div_000,div-045
1436,Philip has 65876 bottle caps stored in boxes. The are 86 boxes.,Each box must contain 766 bottle cap.,entailment,t_div_000,div-092
1437,12 people can ride the Ferris wheel in paradise park at the same time. Each seat on the Ferris wheel can hold 3 people.,The Ferris wheel has 4 seats.,entailment,t_div_001,div-008
1438,81 people can ride the Ferris wheel in paradise park at the same time. Each seat on the Ferris wheel can hold 9 people.,The Ferris wheel has 9 seats.,entailment,t_div_001,div-028
1439,1107 people can ride the Ferris wheel in paradise park at the same time. Each seat on the Ferris wheel can hold 27 people.,The Ferris wheel has 41 seats.,entailment,t_div_001,div-049
1440,1922 people can ride the Ferris wheel in paradise park at the same time. Each seat on the Ferris wheel can hold 31 people.,The Ferris wheel has 62 seats.,entailment,t_div_001,div-051
1441,3588 people can ride the Ferris wheel in paradise park at the same time. Each seat on the Ferris wheel can hold 46 people.,The Ferris wheel has 78 seats.,entailment,t_div_001,div-058
1442,8460 people can ride the Ferris wheel in paradise park at the same time. Each seat on the Ferris wheel can hold 6 people.,The Ferris wheel has 1410 seats.,entailment,t_div_001,div-068
1443,36934 people can ride the Ferris wheel in paradise park at the same time. Each seat on the Ferris wheel can hold 59 people.,The Ferris wheel has 626 seats.,entailment,t_div_001,div-080
1444,46729 people can ride the Ferris wheel in paradise park at the same time. Each seat on the Ferris wheel can hold 83 people.,The Ferris wheel has 563 seats.,entailment,t_div_001,div-085
1445,60000 people can ride the Ferris wheel in paradise park at the same time. Each seat on the Ferris wheel can hold 200 people.,The Ferris wheel has 300 seats.,entailment,t_div_001,div-089
1446,Charles strolled 35 miles at 7 miles per hour,Charles travelled for 5 hours,entailment,t_div_002,div-016
1447,Charles strolled 62 miles at 2 miles per hour,Charles travelled for 31 hours,entailment,t_div_002,div-024
1448,Charles strolled 90 miles at 5 miles per hour,Charles travelled for 18 hours,entailment,t_div_002,div-030
1449,Charles strolled 3588 miles at 46 miles per hour,Charles travelled for 78 hours,entailment,t_div_002,div-058
1450,Charles strolled 8460 miles at 6 miles per hour,Charles travelled for 1410 hours,entailment,t_div_002,div-068
1451,Charles strolled 41128 miles at 776 miles per hour,Charles travelled for 53 hours,entailment,t_div_002,div-082
1452,Charles strolled 75292 miles at 18823 miles per hour,Charles travelled for 4 hours,entailment,t_div_002,div-097
1453,An industrial machine can make 8 shirts per minute. It made 136 shirts in all.,The machine worked for 17 minutes.,entailment,t_div_003,div-035
1454,An industrial machine can make 41 shirts per minute. It made 574 shirts in all.,The machine worked for 14 minutes.,entailment,t_div_003,div-047
1455,An industrial machine can make 85 shirts per minute. It made 13940 shirts in all.,The machine worked for 164 minutes.,entailment,t_div_003,div-074
1456,If you have 3 cookies in total and 3 bags having equal number of cookies.,Each bag of cookies has 1 cookies.,entailment,t_div_005,div-001
1457,If you have 8 cookies in total and 2 bags having equal number of cookies.,Each bag of cookies has 4 cookies.,entailment,t_div_005,div-006
1458,If you have 35 cookies in total and 7 bags having equal number of cookies.,Each bag of cookies has 5 cookies.,entailment,t_div_005,div-016
1459,If you have 468 cookies in total and 13 bags having equal number of cookies.,Each bag of cookies has 36 cookies.,entailment,t_div_005,div-045
1460,If you have 5220 cookies in total and 87 bags having equal number of cookies.,Each bag of cookies has 60 cookies.,entailment,t_div_005,div-060
1461,If you have 27492 cookies in total and 87 bags having equal number of cookies.,Each bag of cookies has 316 cookies.,entailment,t_div_005,div-076
1462,If you have 50760 cookies in total and 6 bags having equal number of cookies.,Each bag of cookies has 8460 cookies.,entailment,t_div_005,div-087
1463,Jesse's room is 3 feet long. She needs a carpet of size 3 square feet.,The width of her room is 1 feet.,entailment,t_div_006,div-001
1464,Jesse's room is 81 feet long. She needs a carpet of size 5589 square feet.,The width of her room is 69 feet.,entailment,t_div_006,div-062
1465,Jesse's room is 2 feet long. She needs a carpet of size 8930 square feet.,The width of her room is 4465 feet.,entailment,t_div_006,div-069
1466,Frank put 3 pieces of candy in each bag. He had 6 pieces of candy.,There are 2 bags.,entailment,t_div_008,div-004
1467,Frank put 2 pieces of candy in each bag. He had 18 pieces of candy.,There are 9 bags.,entailment,t_div_008,div-011
1468,Frank put 2 pieces of candy in each bag. He had 62 pieces of candy.,There are 31 bags.,entailment,t_div_008,div-024
1469,Frank put 11 pieces of candy in each bag. He had 132 pieces of candy.,There are 12 bags.,entailment,t_div_008,div-033
1470,Frank put 13 pieces of candy in each bag. He had 1105 pieces of candy.,There are 85 bags.,entailment,t_div_008,div-048
1471,Frank put 23 pieces of candy in each bag. He had 7659 pieces of candy.,There are 333 bags.,entailment,t_div_008,div-065
1472,Frank put 119 pieces of candy in each bag. He had 29512 pieces of candy.,There are 248 bags.,entailment,t_div_008,div-077
1473,Frank put 9 pieces of candy in each bag. He had 49743 pieces of candy.,There are 5527 bags.,entailment,t_div_008,div-086
1474,Frank put 7 pieces of candy in each bag. He had 70000 pieces of candy.,There are 10000 bags.,entailment,t_div_008,div-094
1475,He also had 1 aquariums for saltwater animals. The aquarium had 8 saltwater animals in total and every aquarium had the same number of animals.,Each aquarium has 8 saltwater animals.,entailment,t_div_009,div-005
1476,He also had 3 aquariums for saltwater animals. The aquarium had 9 saltwater animals in total and every aquarium had the same number of animals.,Each aquarium has 3 saltwater animals.,entailment,t_div_009,div-007
1477,He also had 3 aquariums for saltwater animals. The aquarium had 294 saltwater animals in total and every aquarium had the same number of animals.,Each aquarium has 98 saltwater animals.,entailment,t_div_009,div-041
1478,He also had 27 aquariums for saltwater animals. The aquarium had 1107 saltwater animals in total and every aquarium had the same number of animals.,Each aquarium has 41 saltwater animals.,entailment,t_div_009,div-049
1479,The bananas in Philip's collection are organized into 2 groups. There are a total of 4 bananas in Philip's banana collection.,Each group has 2 fruits.,entailment,t_div_011,div-002
1480,The bananas in Philip's collection are organized into 1 groups. There are a total of 8 bananas in Philip's banana collection.,Each group has 8 fruits.,entailment,t_div_011,div-005
1481,The bananas in Philip's collection are organized into 9 groups. There are a total of 126 bananas in Philip's banana collection.,Each group has 14 fruits.,entailment,t_div_011,div-032
1482,The bananas in Philip's collection are organized into 3 groups. There are a total of 294 bananas in Philip's banana collection.,Each group has 98 fruits.,entailment,t_div_011,div-041
1483,The bananas in Philip's collection are organized into 13 groups. There are a total of 468 bananas in Philip's banana collection.,Each group has 36 fruits.,entailment,t_div_011,div-045
1484,The bananas in Philip's collection are organized into 57 groups. There are a total of 9462 bananas in Philip's banana collection.,Each group has 166 fruits.,entailment,t_div_011,div-071
1485,The bananas in Philip's collection are organized into 776 groups. There are a total of 41128 bananas in Philip's banana collection.,Each group has 53 fruits.,entailment,t_div_011,div-082
1486,The bananas in Philip's collection are organized into 7 groups. There are a total of 70000 bananas in Philip's banana collection.,Each group has 10000 fruits.,entailment,t_div_011,div-094
1487,The bananas in Philip's collection are organized into 73276 groups. There are a total of 73276 bananas in Philip's banana collection.,Each group has 1 fruits.,entailment,t_div_011,div-095
1488,The bananas in Philip's collection are organized into 25000 groups. There are a total of 75000 bananas in Philip's banana collection.,Each group has 3 fruits.,entailment,t_div_011,div-096
1489,A bee has 1 legs and the legs are split on 1 sides of their body,1 legs are on a side,entailment,t_div_012,div-000
1490,A bee has 25 legs and the legs are split on 5 sides of their body,5 legs are on a side,entailment,t_div_012,div-012
1491,A bee has 42 legs and the legs are split on 6 sides of their body,7 legs are on a side,entailment,t_div_012,div-018
1492,A bee has 240 legs and the legs are split on 8 sides of their body,30 legs are on a side,entailment,t_div_012,div-038
1493,A bee has 287 legs and the legs are split on 7 sides of their body,41 legs are on a side,entailment,t_div_012,div-039
1494,A bee has 7659 legs and the legs are split on 23 sides of their body,333 legs are on a side,entailment,t_div_012,div-065
1495,Emily is making bead necklaces for her friends. She was able to make 8 necklaces and she had 136 beads.,Each necklace needed 17 beads.,entailment,t_div_013,div-035
1496,Emily is making bead necklaces for her friends. She was able to make 77 necklaces and she had 2002 beads.,Each necklace needed 26 beads.,entailment,t_div_013,div-052
1497,Matthew had 9 crackers. Matthew gave equal numbers of crackers to his 3 friends.,Each person ate 3 crackers.,entailment,t_div_014,div-007
1498,Matthew had 549 crackers. Matthew gave equal numbers of crackers to his 9 friends.,Each person ate 61 crackers.,entailment,t_div_014,div-046
1499,Matthew had 1105 crackers. Matthew gave equal numbers of crackers to his 13 friends.,Each person ate 85 crackers.,entailment,t_div_014,div-048
1500,Matthew had 8313 crackers. Matthew gave equal numbers of crackers to his 51 friends.,Each person ate 163 crackers.,entailment,t_div_014,div-067
1501,Matthew had 8460 crackers. Matthew gave equal numbers of crackers to his 6 friends.,Each person ate 1410 crackers.,entailment,t_div_014,div-068
1502,Matthew had 9462 crackers. Matthew gave equal numbers of crackers to his 57 friends.,Each person ate 166 crackers.,entailment,t_div_014,div-071
1503,Matthew had 19440 crackers. Matthew gave equal numbers of crackers to his 72 friends.,Each person ate 270 crackers.,entailment,t_div_014,div-075
1504,There are 2 students in the class and 4 Skittles. The Skittles are divided equally among the students.,Each student gets 2 Skittles.,entailment,t_div_015,div-002
1505,There are 3 students in the class and 9 Skittles. The Skittles are divided equally among the students.,Each student gets 3 Skittles.,entailment,t_div_015,div-007
1506,There are 16 students in the class and 288 Skittles. The Skittles are divided equally among the students.,Each student gets 18 Skittles.,entailment,t_div_015,div-040
1507,There are 9 students in the class and 549 Skittles. The Skittles are divided equally among the students.,Each student gets 61 Skittles.,entailment,t_div_015,div-046
1508,There are 57 students in the class and 5301 Skittles. The Skittles are divided equally among the students.,Each student gets 93 Skittles.,entailment,t_div_015,div-061
1509,There are 57 students in the class and 9462 Skittles. The Skittles are divided equally among the students.,Each student gets 166 Skittles.,entailment,t_div_015,div-071
1510,There are 200 students in the class and 60000 Skittles. The Skittles are divided equally among the students.,Each student gets 300 Skittles.,entailment,t_div_015,div-089
1511,He found that 3 sacks of oranges being harvested. He harvested 3 sacks of oranges per day.,It would take 1 days to harvest the oranges.,entailment,t_div_017,div-001
1512,He found that 50 sacks of oranges being harvested. He harvested 25 sacks of oranges per day.,It would take 2 days to harvest the oranges.,entailment,t_div_017,div-020
1513,He found that 54 sacks of oranges being harvested. He harvested 18 sacks of oranges per day.,It would take 3 days to harvest the oranges.,entailment,t_div_017,div-021
1514,He found that 63 sacks of oranges being harvested. He harvested 9 sacks of oranges per day.,It would take 7 days to harvest the oranges.,entailment,t_div_017,div-026
1515,He found that 90 sacks of oranges being harvested. He harvested 5 sacks of oranges per day.,It would take 18 days to harvest the oranges.,entailment,t_div_017,div-030
1516,He found that 240 sacks of oranges being harvested. He harvested 8 sacks of oranges per day.,It would take 30 days to harvest the oranges.,entailment,t_div_017,div-038
1517,He found that 3906 sacks of oranges being harvested. He harvested 93 sacks of oranges per day.,It would take 42 days to harvest the oranges.,entailment,t_div_017,div-059
1518,He found that 30296 sacks of oranges being harvested. He harvested 56 sacks of oranges per day.,It would take 541 days to harvest the oranges.,entailment,t_div_017,div-078
1519,He found that 87500 sacks of oranges being harvested. He harvested 250 sacks of oranges per day.,It would take 350 days to harvest the oranges.,entailment,t_div_017,div-098
1520,Bryan took a look at his books as well. He has 8 bookshelves with each having the same number of books. He has a total of 16 books.,There are 2 books in each bookshelf.,entailment,t_div_018,div-010
1521,Bryan took a look at his books as well. He has 31 bookshelves with each having the same number of books. He has a total of 62 books.,There are 2 books in each bookshelf.,entailment,t_div_018,div-025
1522,Bryan took a look at his books as well. He has 14 bookshelves with each having the same number of books. He has a total of 84 books.,There are 6 books in each bookshelf.,entailment,t_div_018,div-029
1523,Bryan took a look at his books as well. He has 2 bookshelves with each having the same number of books. He has a total of 124 books.,There are 62 books in each bookshelf.,entailment,t_div_018,div-031
1524,Bryan took a look at his books as well. He has 3 bookshelves with each having the same number of books. He has a total of 294 books.,There are 98 books in each bookshelf.,entailment,t_div_018,div-041
1525,Bryan took a look at his books as well. He has 49 bookshelves with each having the same number of books. He has a total of 2793 books.,There are 57 books in each bookshelf.,entailment,t_div_018,div-057
1526,Bryan took a look at his books as well. He has 59 bookshelves with each having the same number of books. He has a total of 36934 books.,There are 626 books in each bookshelf.,entailment,t_div_018,div-080
1527,Bryan took a look at his books as well. He has 417 bookshelves with each having the same number of books. He has a total of 37113 books.,There are 89 books in each bookshelf.,entailment,t_div_018,div-081
1528,Bryan took a look at his books as well. He has 107 bookshelves with each having the same number of books. He has a total of 62595 books.,There are 585 books in each bookshelf.,entailment,t_div_018,div-090
1529,Teresa jogged 48 kilometers at 8 kilometers per hour,Teresa jogged for 6 hours,entailment,t_div_019,div-019
1530,A mailman has to give 6 pieces of junk mail to each block. He gives 1 mails to each house in a block.,Each block has 6 houses.,entailment,t_div_020,div-003
1531,A mailman has to give 54 pieces of junk mail to each block. He gives 18 mails to each house in a block.,Each block has 3 houses.,entailment,t_div_020,div-021
1532,A vase can hold 2 flowers. You had 4 flowers.,You would need 2 vases.,entailment,t_div_021,div-002
1533,A vase can hold 8 flowers. You had 16 flowers.,You would need 2 vases.,entailment,t_div_021,div-010
1534,A vase can hold 8 flowers. You had 48 flowers.,You would need 6 vases.,entailment,t_div_021,div-019
1535,A vase can hold 25 flowers. You had 50 flowers.,You would need 2 vases.,entailment,t_div_021,div-020
1536,A vase can hold 2 flowers. You had 62 flowers.,You would need 31 vases.,entailment,t_div_021,div-024
1537,A vase can hold 13 flowers. You had 468 flowers.,You would need 36 vases.,entailment,t_div_021,div-045
1538,A vase can hold 41 flowers. You had 574 flowers.,You would need 14 vases.,entailment,t_div_021,div-047
1539,A vase can hold 46 flowers. You had 3588 flowers.,You would need 78 vases.,entailment,t_div_021,div-058
1540,A vase can hold 68 flowers. You had 67796 flowers.,You would need 997 vases.,entailment,t_div_021,div-093
1541,Heather bicycled 8 kilometers at 2 kilometers per hour,Heather bicycled for 4 hours,entailment,t_div_023,div-006
1542,Heather bicycled 25 kilometers at 5 kilometers per hour,Heather bicycled for 5 hours,entailment,t_div_023,div-012
1543,Heather bicycled 55 kilometers at 5 kilometers per hour,Heather bicycled for 11 hours,entailment,t_div_023,div-022
1544,Heather bicycled 124 kilometers at 2 kilometers per hour,Heather bicycled for 62 hours,entailment,t_div_023,div-031
1545,Heather bicycled 329 kilometers at 7 kilometers per hour,Heather bicycled for 47 hours,entailment,t_div_023,div-042
1546,Heather bicycled 456 kilometers at 6 kilometers per hour,Heather bicycled for 76 hours,entailment,t_div_023,div-044
1547,Heather bicycled 1922 kilometers at 31 kilometers per hour,Heather bicycled for 62 hours,entailment,t_div_023,div-051
1548,Heather bicycled 2555 kilometers at 35 kilometers per hour,Heather bicycled for 73 hours,entailment,t_div_023,div-055
1549,Heather bicycled 8313 kilometers at 51 kilometers per hour,Heather bicycled for 163 hours,entailment,t_div_023,div-067
1550,Heather bicycled 10080 kilometers at 24 kilometers per hour,Heather bicycled for 420 hours,entailment,t_div_023,div-073
1551,"They decided to hold the party in their backyard. They have 9 sets of tables, each having the same number of chairs. There are a total of 549 chairs in the backyard.",Each table has 61 chairs.,entailment,t_div_024,div-046
1552,"They decided to hold the party in their backyard. They have 71 sets of tables, each having the same number of chairs. There are a total of 2769 chairs in the backyard.",Each table has 39 chairs.,entailment,t_div_024,div-056
1553,"They decided to hold the party in their backyard. They have 46 sets of tables, each having the same number of chairs. There are a total of 3588 chairs in the backyard.",Each table has 78 chairs.,entailment,t_div_024,div-058
1554,"They decided to hold the party in their backyard. They have 86 sets of tables, each having the same number of chairs. There are a total of 65876 chairs in the backyard.",Each table has 766 chairs.,entailment,t_div_024,div-092
1555,Faye was placing 54 pencils into rows with 18 pencils in each row.,Faye could make 3 rows.,entailment,t_div_025,div-021
1556,Faye was placing 63 pencils into rows with 9 pencils in each row.,Faye could make 7 rows.,entailment,t_div_025,div-026
1557,Faye was placing 2040 pencils into rows with 2040 pencils in each row.,Faye could make 1 rows.,entailment,t_div_025,div-053
1558,There are 180 students in a class. The teacher put them into groups with 12 students in each group.,The class would have 15 groups.,entailment,t_div_026,div-037
1559,There are 1250 students in a class. The teacher put them into groups with 25 students in each group.,The class would have 50 groups.,entailment,t_div_026,div-050
1560,There are 7857 students in a class. The teacher put them into groups with 81 students in each group.,The class would have 97 groups.,entailment,t_div_026,div-066
1561,There are 29512 students in a class. The teacher put them into groups with 119 students in each group.,The class would have 248 groups.,entailment,t_div_026,div-077
1562,There are 37113 students in a class. The teacher put them into groups with 417 students in each group.,The class would have 89 groups.,entailment,t_div_026,div-081
1563,There are 44100 students in a class. The teacher put them into groups with 90 students in each group.,The class would have 490 groups.,entailment,t_div_026,div-083
1564,There are 75000 students in a class. The teacher put them into groups with 25000 students in each group.,The class would have 3 groups.,entailment,t_div_026,div-096
1565,Matthew gave 3 crackers to each his friends. He had 6 crackers.,Matthew gave crackers to 2 friends.,entailment,t_div_027,div-004
1566,Matthew gave 5 crackers to each his friends. He had 25 crackers.,Matthew gave crackers to 5 friends.,entailment,t_div_027,div-012
1567,Matthew gave 8 crackers to each his friends. He had 48 crackers.,Matthew gave crackers to 6 friends.,entailment,t_div_027,div-019
1568,Matthew gave 260 crackers to each his friends. He had 7020 crackers.,Matthew gave crackers to 27 friends.,entailment,t_div_027,div-064
1569,Matthew gave 23 crackers to each his friends. He had 7659 crackers.,Matthew gave crackers to 333 friends.,entailment,t_div_027,div-065
1570,"On the first Saturday of spring, Jane woke up early to enjoy the whole day and help with chores at home. Jane had been saving large empty cans to serve as pots for sunflowers. She has 84 sunflower seeds and there are 14 cans.","If she places an equal number of seeds in each can, each can will have 6 seeds.",entailment,t_div_028,div-029
1571,"On the first Saturday of spring, Jane woke up early to enjoy the whole day and help with chores at home. Jane had been saving large empty cans to serve as pots for sunflowers. She has 363 sunflower seeds and there are 33 cans.","If she places an equal number of seeds in each can, each can will have 11 seeds.",entailment,t_div_028,div-043
1572,"On the first Saturday of spring, Jane woke up early to enjoy the whole day and help with chores at home. Jane had been saving large empty cans to serve as pots for sunflowers. She has 2002 sunflower seeds and there are 77 cans.","If she places an equal number of seeds in each can, each can will have 26 seeds.",entailment,t_div_028,div-052
1573,"On the first Saturday of spring, Jane woke up early to enjoy the whole day and help with chores at home. Jane had been saving large empty cans to serve as pots for sunflowers. She has 2500 sunflower seeds and there are 4 cans.","If she places an equal number of seeds in each can, each can will have 625 seeds.",entailment,t_div_028,div-054
1574,"On the first Saturday of spring, Jane woke up early to enjoy the whole day and help with chores at home. Jane had been saving large empty cans to serve as pots for sunflowers. She has 8930 sunflower seeds and there are 2 cans.","If she places an equal number of seeds in each can, each can will have 4465 seeds.",entailment,t_div_028,div-069
1575,"On the first Saturday of spring, Jane woke up early to enjoy the whole day and help with chores at home. Jane had been saving large empty cans to serve as pots for sunflowers. She has 9086 sunflower seeds and there are 22 cans.","If she places an equal number of seeds in each can, each can will have 413 seeds.",entailment,t_div_028,div-070
1576,"On the first Saturday of spring, Jane woke up early to enjoy the whole day and help with chores at home. Jane had been saving large empty cans to serve as pots for sunflowers. She has 87500 sunflower seeds and there are 250 cans.","If she places an equal number of seeds in each can, each can will have 350 seeds.",entailment,t_div_028,div-098
1577,Paige was helping her mom plant flowers and they put 3 seeds in each flower bed. They planted 3 seeds altogther.,They had 1 flower beds.,entailment,t_div_029,div-001
1578,Paige was helping her mom plant flowers and they put 2 seeds in each flower bed. They planted 4 seeds altogther.,They had 2 flower beds.,entailment,t_div_029,div-002
1579,Paige was helping her mom plant flowers and they put 2 seeds in each flower bed. They planted 8 seeds altogther.,They had 4 flower beds.,entailment,t_div_029,div-006
1580,Paige was helping her mom plant flowers and they put 7 seeds in each flower bed. They planted 14 seeds altogther.,They had 2 flower beds.,entailment,t_div_029,div-009
1581,Paige was helping her mom plant flowers and they put 3 seeds in each flower bed. They planted 30 seeds altogther.,They had 10 flower beds.,entailment,t_div_029,div-014
1582,Paige was helping her mom plant flowers and they put 9 seeds in each flower bed. They planted 81 seeds altogther.,They had 9 flower beds.,entailment,t_div_029,div-028
1583,Paige was helping her mom plant flowers and they put 85 seeds in each flower bed. They planted 13940 seeds altogther.,They had 164 flower beds.,entailment,t_div_029,div-074
1584,Paige was helping her mom plant flowers and they put 72 seeds in each flower bed. They planted 19440 seeds altogther.,They had 270 flower beds.,entailment,t_div_029,div-075
1585,Paige was helping her mom plant flowers and they put 250 seeds in each flower bed. They planted 87500 seeds altogther.,They had 350 flower beds.,entailment,t_div_029,div-098
1586,A mailman gives 18 junk mails to each house in a block. The mailman has to give 54 pieces of junk mail to each block.,There are 3 houses in a block.,entailment,t_div_030,div-021
1587,A mailman gives 4 junk mails to each house in a block. The mailman has to give 2500 pieces of junk mail to each block.,There are 625 houses in a block.,entailment,t_div_030,div-054
1588,A mailman gives 81 junk mails to each house in a block. The mailman has to give 7857 pieces of junk mail to each block.,There are 97 houses in a block.,entailment,t_div_030,div-066
1589,A mailman gives 72 junk mails to each house in a block. The mailman has to give 19440 pieces of junk mail to each block.,There are 270 houses in a block.,entailment,t_div_030,div-075
1590,If each bag has 2 cookies and you had 124 cookies in total.,You have 62 bags of cookies.,entailment,t_div_031,div-031
1591,"Allen, Shiela's brother, likes to play with blocks. Shiela repainted Allen's old blocks in different colors. Allen has 1 identical blocks and there are 1 blocks for every color of paint used.",Shiela used 1 colors.,entailment,t_div_032,div-000
1592,"Allen, Shiela's brother, likes to play with blocks. Shiela repainted Allen's old blocks in different colors. Allen has 8 identical blocks and there are 1 blocks for every color of paint used.",Shiela used 8 colors.,entailment,t_div_032,div-005
1593,"Allen, Shiela's brother, likes to play with blocks. Shiela repainted Allen's old blocks in different colors. Allen has 48 identical blocks and there are 8 blocks for every color of paint used.",Shiela used 6 colors.,entailment,t_div_032,div-019
1594,"Allen, Shiela's brother, likes to play with blocks. Shiela repainted Allen's old blocks in different colors. Allen has 62 identical blocks and there are 31 blocks for every color of paint used.",Shiela used 2 colors.,entailment,t_div_032,div-025
1595,"Allen, Shiela's brother, likes to play with blocks. Shiela repainted Allen's old blocks in different colors. Allen has 84 identical blocks and there are 14 blocks for every color of paint used.",Shiela used 6 colors.,entailment,t_div_032,div-029
1596,"Allen, Shiela's brother, likes to play with blocks. Shiela repainted Allen's old blocks in different colors. Allen has 136 identical blocks and there are 4 blocks for every color of paint used.",Shiela used 34 colors.,entailment,t_div_032,div-034
1597,"Allen, Shiela's brother, likes to play with blocks. Shiela repainted Allen's old blocks in different colors. Allen has 2769 identical blocks and there are 71 blocks for every color of paint used.",Shiela used 39 colors.,entailment,t_div_032,div-056
1598,"Allen, Shiela's brother, likes to play with blocks. Shiela repainted Allen's old blocks in different colors. Allen has 7659 identical blocks and there are 23 blocks for every color of paint used.",Shiela used 333 colors.,entailment,t_div_032,div-065
1599,"Allen, Shiela's brother, likes to play with blocks. Shiela repainted Allen's old blocks in different colors. Allen has 45880 identical blocks and there are 740 blocks for every color of paint used.",Shiela used 62 colors.,entailment,t_div_032,div-084
1600,"Allen, Shiela's brother, likes to play with blocks. Shiela repainted Allen's old blocks in different colors. Allen has 63648 identical blocks and there are 612 blocks for every color of paint used.",Shiela used 104 colors.,entailment,t_div_032,div-091
1601,Sunday morning was spent for making wood carvings which can be sold as souvenir for tourists. They were placed in shelves that can contain 25 wood carvings at a time. 50 wood carvings were displayed.,2 shelves were filled with carvings.,entailment,t_div_033,div-020
1602,Sunday morning was spent for making wood carvings which can be sold as souvenir for tourists. They were placed in shelves that can contain 5 wood carvings at a time. 60 wood carvings were displayed.,12 shelves were filled with carvings.,entailment,t_div_033,div-023
1603,Sunday morning was spent for making wood carvings which can be sold as souvenir for tourists. They were placed in shelves that can contain 9 wood carvings at a time. 126 wood carvings were displayed.,14 shelves were filled with carvings.,entailment,t_div_033,div-032
1604,Sunday morning was spent for making wood carvings which can be sold as souvenir for tourists. They were placed in shelves that can contain 7 wood carvings at a time. 287 wood carvings were displayed.,41 shelves were filled with carvings.,entailment,t_div_033,div-039
1605,Sunday morning was spent for making wood carvings which can be sold as souvenir for tourists. They were placed in shelves that can contain 16 wood carvings at a time. 288 wood carvings were displayed.,18 shelves were filled with carvings.,entailment,t_div_033,div-040
1606,Sunday morning was spent for making wood carvings which can be sold as souvenir for tourists. They were placed in shelves that can contain 6 wood carvings at a time. 456 wood carvings were displayed.,76 shelves were filled with carvings.,entailment,t_div_033,div-044
1607,Sunday morning was spent for making wood carvings which can be sold as souvenir for tourists. They were placed in shelves that can contain 9 wood carvings at a time. 549 wood carvings were displayed.,61 shelves were filled with carvings.,entailment,t_div_033,div-046
1608,Sunday morning was spent for making wood carvings which can be sold as souvenir for tourists. They were placed in shelves that can contain 22 wood carvings at a time. 9086 wood carvings were displayed.,413 shelves were filled with carvings.,entailment,t_div_033,div-070
1609,Sunday morning was spent for making wood carvings which can be sold as souvenir for tourists. They were placed in shelves that can contain 24 wood carvings at a time. 10080 wood carvings were displayed.,420 shelves were filled with carvings.,entailment,t_div_033,div-073
1610,Jane's mom picked cherry tomatoes from their backyard. She gathered 6 cherry tomatoes and is about to place them in small jars which can contain 1 cherry tomatoes at a time.,Jane will need 6 jars.,entailment,t_div_034,div-003
1611,Jane's mom picked cherry tomatoes from their backyard. She gathered 1107 cherry tomatoes and is about to place them in small jars which can contain 27 cherry tomatoes at a time.,Jane will need 41 jars.,entailment,t_div_034,div-049
1612,Jane's mom picked cherry tomatoes from their backyard. She gathered 87500 cherry tomatoes and is about to place them in small jars which can contain 250 cherry tomatoes at a time.,Jane will need 350 jars.,entailment,t_div_034,div-098
1613,Haley has 574 magazines in her cabinet. She plans to send it to the recycling office in their area. She places it in boxes which can contain 41 magazines.,14 boxes will be used.,entailment,t_div_035,div-047
1614,Melissa scored a total of 25 points in 5 games scoring the same for each game.,Melissa scored 5 points in each game.,entailment,t_div_036,div-012
1615,Melissa scored a total of 81 points in 9 games scoring the same for each game.,Melissa scored 9 points in each game.,entailment,t_div_036,div-028
1616,Melissa scored a total of 1105 points in 13 games scoring the same for each game.,Melissa scored 85 points in each game.,entailment,t_div_036,div-048
1617,Melissa scored a total of 2040 points in 2040 games scoring the same for each game.,Melissa scored 1 points in each game.,entailment,t_div_036,div-053
1618,Melissa scored a total of 29512 points in 119 games scoring the same for each game.,Melissa scored 248 points in each game.,entailment,t_div_036,div-077
1619,For 13 weeks of harvest Lewis earns a total of $ 468.,Lewis earns $36 each week.,entailment,t_div_037,div-045
1620,Beside the pile of clean white paper was a stack of 6 sheets of used paper. She wants to place it in boxes for recycling. Every box can contain 1 sheets.,She needs 6 boxes.,entailment,t_div_038,div-003
1621,Beside the pile of clean white paper was a stack of 90 sheets of used paper. She wants to place it in boxes for recycling. Every box can contain 5 sheets.,She needs 18 boxes.,entailment,t_div_038,div-030
1622,Beside the pile of clean white paper was a stack of 91665 sheets of used paper. She wants to place it in boxes for recycling. Every box can contain 97 sheets.,She needs 945 boxes.,entailment,t_div_038,div-099
1623,Frank put some pieces of candy equally into 13 bags. He had 65 pieces of candy.,There are 5 pieces of candy in each bag.,entailment,t_div_039,div-027
1624,Frank put some pieces of candy equally into 14 bags. He had 84 pieces of candy.,There are 6 pieces of candy in each bag.,entailment,t_div_039,div-029
1625,Frank put some pieces of candy equally into 68 bags. He had 67796 pieces of candy.,There are 997 pieces of candy in each bag.,entailment,t_div_039,div-093
1626,Mike has 4 action figures he wants to display. Each shelf in his room can hold 2 figures.,Mike needs 2 shelves.,entailment,t_div_040,div-002
1627,Mike has 42 action figures he wants to display. Each shelf in his room can hold 3 figures.,Mike needs 14 shelves.,entailment,t_div_040,div-017
1628,Mike has 84 action figures he wants to display. Each shelf in his room can hold 14 figures.,Mike needs 6 shelves.,entailment,t_div_040,div-029
1629,Mike has 468 action figures he wants to display. Each shelf in his room can hold 13 figures.,Mike needs 36 shelves.,entailment,t_div_040,div-045
1630,Mike has 549 action figures he wants to display. Each shelf in his room can hold 9 figures.,Mike needs 61 shelves.,entailment,t_div_040,div-046
1631,Mike has 60000 action figures he wants to display. Each shelf in his room can hold 200 figures.,Mike needs 300 shelves.,entailment,t_div_040,div-089
1632,While playing basketball Team A scored 6 points. Each person scored 1 points.,6 people were playing.,entailment,t_div_041,div-003
1633,While playing basketball Team A scored 2002 points. Each person scored 77 points.,26 people were playing.,entailment,t_div_041,div-052
1634,While playing basketball Team A scored 10080 points. Each person scored 24 points.,420 people were playing.,entailment,t_div_041,div-073
1635,While playing basketball Team A scored 29512 points. Each person scored 119 points.,248 people were playing.,entailment,t_div_041,div-077
1636,If you had 1 bags with equal number of cookies and 8 cookies in total.,Each bag contains 8 cookies.,entailment,t_div_042,div-005
1637,If you had 5 bags with equal number of cookies and 35 cookies in total.,Each bag contains 7 cookies.,entailment,t_div_042,div-015
1638,If you had 33 bags with equal number of cookies and 363 cookies in total.,Each bag contains 11 cookies.,entailment,t_div_042,div-043
1639,If you had 2040 bags with equal number of cookies and 2040 cookies in total.,Each bag contains 1 cookies.,entailment,t_div_042,div-053
1640,If you had 81 bags with equal number of cookies and 7857 cookies in total.,Each bag contains 97 cookies.,entailment,t_div_042,div-066
1641,If you had 73276 bags with equal number of cookies and 73276 cookies in total.,Each bag contains 1 cookies.,entailment,t_div_042,div-095
1642,If you had 250 bags with equal number of cookies and 87500 cookies in total.,Each bag contains 350 cookies.,entailment,t_div_042,div-098
1643,Shiela has 5 neighbors who like to collect animal drawings. Shiela has a talent for drawing and so she drew 25 animals on small pieces of paper. She plans to give the same number of animal drawings to her neighbors.,Each of them will receive 5 animals.,entailment,t_div_043,div-012
1644,Shiela has 3 neighbors who like to collect animal drawings. Shiela has a talent for drawing and so she drew 294 animals on small pieces of paper. She plans to give the same number of animal drawings to her neighbors.,Each of them will receive 98 animals.,entailment,t_div_043,div-041
1645,Shiela has 6 neighbors who like to collect animal drawings. Shiela has a talent for drawing and so she drew 456 animals on small pieces of paper. She plans to give the same number of animal drawings to her neighbors.,Each of them will receive 76 animals.,entailment,t_div_043,div-044
1646,Paige was helping her mom plant flowers and together they planted 136 seeds. They put 4 seeds in each flower bed.,They had 34 flower beds.,entailment,t_div_044,div-034
1647,Paige was helping her mom plant flowers and together they planted 13940 seeds. They put 85 seeds in each flower bed.,They had 164 flower beds.,entailment,t_div_044,div-074
1648,Paige was helping her mom plant flowers and together they planted 37113 seeds. They put 417 seeds in each flower bed.,They had 89 flower beds.,entailment,t_div_044,div-081
1649,Paige was helping her mom plant flowers and together they planted 62595 seeds. They put 107 seeds in each flower bed.,They had 585 flower beds.,entailment,t_div_044,div-090
1650,Lana had 8 extra nickels. She put them into stacks with 1 in each stack.,Lana could make 8 stacks.,entailment,t_div_045,div-005
1651,Lana had 8 extra nickels. She put them into stacks with 2 in each stack.,Lana could make 4 stacks.,entailment,t_div_045,div-006
1652,Lana had 9 extra nickels. She put them into stacks with 3 in each stack.,Lana could make 3 stacks.,entailment,t_div_045,div-007
1653,Lana had 27 extra nickels. She put them into stacks with 3 in each stack.,Lana could make 9 stacks.,entailment,t_div_045,div-013
1654,Lana had 62 extra nickels. She put them into stacks with 31 in each stack.,Lana could make 2 stacks.,entailment,t_div_045,div-025
1655,Lana had 574 extra nickels. She put them into stacks with 41 in each stack.,Lana could make 14 stacks.,entailment,t_div_045,div-047
1656,Lana had 9086 extra nickels. She put them into stacks with 22 in each stack.,Lana could make 413 stacks.,entailment,t_div_045,div-070
1657,Lana had 29512 extra nickels. She put them into stacks with 119 in each stack.,Lana could make 248 stacks.,entailment,t_div_045,div-077
1658,Lana had 63648 extra nickels. She put them into stacks with 612 in each stack.,Lana could make 104 stacks.,entailment,t_div_045,div-091
1659,Haley has 14 marbles. In her class 7 boys love to play marbles. She distributes her marbles equally.,Each of the boys will receive 2.,entailment,t_div_046,div-009
1660,Haley has 81 marbles. In her class 9 boys love to play marbles. She distributes her marbles equally.,Each of the boys will receive 9.,entailment,t_div_046,div-028
1661,Haley has 1250 marbles. In her class 25 boys love to play marbles. She distributes her marbles equally.,Each of the boys will receive 50.,entailment,t_div_046,div-050
1662,Haley has 49743 marbles. In her class 9 boys love to play marbles. She distributes her marbles equally.,Each of the boys will receive 5527.,entailment,t_div_046,div-086
1663,Haley has 70000 marbles. In her class 7 boys love to play marbles. She distributes her marbles equally.,Each of the boys will receive 10000.,entailment,t_div_046,div-094
1664,Mrs. Hilt has 140 cents. A pencil costs 4 cents.,Mrs. Hilt can buy 35 pencils with the money she has.,entailment,t_div_047,div-036
1665,Mrs. Hilt has 294 cents. A pencil costs 3 cents.,Mrs. Hilt can buy 98 pencils with the money she has.,entailment,t_div_047,div-041
1666,Mrs. Hilt has 5589 cents. A pencil costs 81 cents.,Mrs. Hilt can buy 69 pencils with the money she has.,entailment,t_div_047,div-062
1667,Mrs. Hilt has 87500 cents. A pencil costs 250 cents.,Mrs. Hilt can buy 350 pencils with the money she has.,entailment,t_div_047,div-098
1668,Betty also bought 126 shiny blue round stones. 9 pieces of this stone is in each bracelet.,There will be 14 bracelets of blue shiny round stones.,entailment,t_div_048,div-032
1669,Betty also bought 132 shiny blue round stones. 11 pieces of this stone is in each bracelet.,There will be 12 bracelets of blue shiny round stones.,entailment,t_div_048,div-033
1670,Betty also bought 136 shiny blue round stones. 8 pieces of this stone is in each bracelet.,There will be 17 bracelets of blue shiny round stones.,entailment,t_div_048,div-035
1671,Betty also bought 91665 shiny blue round stones. 97 pieces of this stone is in each bracelet.,There will be 945 bracelets of blue shiny round stones.,entailment,t_div_048,div-099
1672,The bananas in Philip's collection are organized into groups of size 3. There are a total of 30 bananas in Philip's banana collection.,There are 10 groups.,entailment,t_div_049,div-014
1673,The bananas in Philip's collection are organized into groups of size 5. There are a total of 55 bananas in Philip's banana collection.,There are 11 groups.,entailment,t_div_049,div-022
1674,The bananas in Philip's collection are organized into groups of size 13. There are a total of 468 bananas in Philip's banana collection.,There are 36 groups.,entailment,t_div_049,div-045
1675,The bananas in Philip's collection are organized into groups of size 72. There are a total of 19440 bananas in Philip's banana collection.,There are 270 groups.,entailment,t_div_049,div-075
1676,There are 62 blocks in Bridget's block collection. The blocks are organized into 31 groups.,Each group has 2 blocks.,entailment,t_div_050,div-025
1677,There are 2555 blocks in Bridget's block collection. The blocks are organized into 35 groups.,Each group has 73 blocks.,entailment,t_div_050,div-055
1678,There are 5589 blocks in Bridget's block collection. The blocks are organized into 81 groups.,Each group has 69 blocks.,entailment,t_div_050,div-062
1679,There are 7857 blocks in Bridget's block collection. The blocks are organized into 81 groups.,Each group has 97 blocks.,entailment,t_div_050,div-066
1680,There are 8313 blocks in Bridget's block collection. The blocks are organized into 51 groups.,Each group has 163 blocks.,entailment,t_div_050,div-067
1681,There are 70000 blocks in Bridget's block collection. The blocks are organized into 7 groups.,Each group has 10000 blocks.,entailment,t_div_050,div-094
1682,"Brenda, Betty's sister, wanted to have 7 bracelets with star-shaped stones. She also bought 35 star-shaped stones from the local store and gave it to Betty.","In each of the bracelets Betty makes for Brenda, there will be 5 star-shaped stones.",entailment,t_div_051,div-016
1683,"Brenda, Betty's sister, wanted to have 5 bracelets with star-shaped stones. She also bought 55 star-shaped stones from the local store and gave it to Betty.","In each of the bracelets Betty makes for Brenda, there will be 11 star-shaped stones.",entailment,t_div_051,div-022
1684,"Brenda, Betty's sister, wanted to have 11 bracelets with star-shaped stones. She also bought 132 star-shaped stones from the local store and gave it to Betty.","In each of the bracelets Betty makes for Brenda, there will be 12 star-shaped stones.",entailment,t_div_051,div-033
1685,"Brenda, Betty's sister, wanted to have 4 bracelets with star-shaped stones. She also bought 140 star-shaped stones from the local store and gave it to Betty.","In each of the bracelets Betty makes for Brenda, there will be 35 star-shaped stones.",entailment,t_div_051,div-036
1686,"Brenda, Betty's sister, wanted to have 24 bracelets with star-shaped stones. She also bought 10080 star-shaped stones from the local store and gave it to Betty.","In each of the bracelets Betty makes for Brenda, there will be 420 star-shaped stones.",entailment,t_div_051,div-073
1687,"Brenda, Betty's sister, wanted to have 85 bracelets with star-shaped stones. She also bought 13940 star-shaped stones from the local store and gave it to Betty.","In each of the bracelets Betty makes for Brenda, there will be 164 star-shaped stones.",entailment,t_div_051,div-074
1688,"Brenda, Betty's sister, wanted to have 18823 bracelets with star-shaped stones. She also bought 75292 star-shaped stones from the local store and gave it to Betty.","In each of the bracelets Betty makes for Brenda, there will be 4 star-shaped stones.",entailment,t_div_051,div-097
1689,"Brenda, Betty's sister, wanted to have 250 bracelets with star-shaped stones. She also bought 87500 star-shaped stones from the local store and gave it to Betty.","In each of the bracelets Betty makes for Brenda, there will be 350 star-shaped stones.",entailment,t_div_051,div-098
1690,Billy had 6 Lemon Heads. Billy gave equal numbers of Lemon Heads to his 3 friends.,Each person ate 2 Lemon Heads.,entailment,t_div_052,div-004
1691,Billy had 30 Lemon Heads. Billy gave equal numbers of Lemon Heads to his 3 friends.,Each person ate 10 Lemon Heads.,entailment,t_div_052,div-014
1692,Billy had 65 Lemon Heads. Billy gave equal numbers of Lemon Heads to his 13 friends.,Each person ate 5 Lemon Heads.,entailment,t_div_052,div-027
1693,Billy had 287 Lemon Heads. Billy gave equal numbers of Lemon Heads to his 7 friends.,Each person ate 41 Lemon Heads.,entailment,t_div_052,div-039
1694,Billy had 10000 Lemon Heads. Billy gave equal numbers of Lemon Heads to his 4 friends.,Each person ate 2500 Lemon Heads.,entailment,t_div_052,div-072
1695,Billy had 19440 Lemon Heads. Billy gave equal numbers of Lemon Heads to his 72 friends.,Each person ate 270 Lemon Heads.,entailment,t_div_052,div-075
1696,Billy had 46729 Lemon Heads. Billy gave equal numbers of Lemon Heads to his 83 friends.,Each person ate 563 Lemon Heads.,entailment,t_div_052,div-085
1697,Billy had 62595 Lemon Heads. Billy gave equal numbers of Lemon Heads to his 107 friends.,Each person ate 585 Lemon Heads.,entailment,t_div_052,div-090
1698,Billy had 73276 Lemon Heads. Billy gave equal numbers of Lemon Heads to his 73276 friends.,Each person ate 1 Lemon Heads.,entailment,t_div_052,div-095
1699,Billy had 75292 Lemon Heads. Billy gave equal numbers of Lemon Heads to his 18823 friends.,Each person ate 4 Lemon Heads.,entailment,t_div_052,div-097
1700,"Charles was curious about Greek mythology and so he read 18 pages a day of a 54-page book entitled ""Greek Mythology: Fast Facts.""",Charles also took 3 days to finish the book.,entailment,t_div_053,div-021
1701,"Charles was curious about Greek mythology and so he read 4 pages a day of a 140-page book entitled ""Greek Mythology: Fast Facts.""",Charles also took 35 days to finish the book.,entailment,t_div_053,div-036
1702,"Charles was curious about Greek mythology and so he read 31 pages a day of a 1922-page book entitled ""Greek Mythology: Fast Facts.""",Charles also took 62 days to finish the book.,entailment,t_div_053,div-051
1703,"Charles was curious about Greek mythology and so he read 4 pages a day of a 10000-page book entitled ""Greek Mythology: Fast Facts.""",Charles also took 2500 days to finish the book.,entailment,t_div_053,div-072
1704,"Charles was curious about Greek mythology and so he read 119 pages a day of a 29512-page book entitled ""Greek Mythology: Fast Facts.""",Charles also took 248 days to finish the book.,entailment,t_div_053,div-077
1705,"Charles was curious about Greek mythology and so he read 612 pages a day of a 63648-page book entitled ""Greek Mythology: Fast Facts.""",Charles also took 104 days to finish the book.,entailment,t_div_053,div-091
1706,There are 6 cupcakes for 3 children to share.,"If they share the cupcakes equally, each person will get 2 cupcakes.",entailment,t_div_054,div-004
1707,There are 8 cupcakes for 1 children to share.,"If they share the cupcakes equally, each person will get 8 cupcakes.",entailment,t_div_054,div-005
1708,There are 84 cupcakes for 14 children to share.,"If they share the cupcakes equally, each person will get 6 cupcakes.",entailment,t_div_054,div-029
1709,There are 90 cupcakes for 5 children to share.,"If they share the cupcakes equally, each person will get 18 cupcakes.",entailment,t_div_054,div-030
1710,There are 126 cupcakes for 9 children to share.,"If they share the cupcakes equally, each person will get 14 cupcakes.",entailment,t_div_054,div-032
1711,A pile of clean white paper was stacked in the corner of her room. She decided to place these papers in paper envelopes which can contain 1 white papers. She has 6 clean white papers,She needs 6 paper envelopes.,entailment,t_div_055,div-003
1712,A pile of clean white paper was stacked in the corner of her room. She decided to place these papers in paper envelopes which can contain 2 white papers. She has 18 clean white papers,She needs 9 paper envelopes.,entailment,t_div_055,div-011
1713,A pile of clean white paper was stacked in the corner of her room. She decided to place these papers in paper envelopes which can contain 3 white papers. She has 27 clean white papers,She needs 9 paper envelopes.,entailment,t_div_055,div-013
1714,A pile of clean white paper was stacked in the corner of her room. She decided to place these papers in paper envelopes which can contain 5 white papers. She has 60 clean white papers,She needs 12 paper envelopes.,entailment,t_div_055,div-023
1715,A pile of clean white paper was stacked in the corner of her room. She decided to place these papers in paper envelopes which can contain 612 white papers. She has 63648 clean white papers,She needs 104 paper envelopes.,entailment,t_div_055,div-091
1716,"Allen, Charles, Lex and Shiela spent days reading books for their book report. The texts were printed very small so they were only able to cover very few pages a day. Allen read about the Solar System. He read 18 pages a day of a book which has 54 pages.",It took Allen 3 days to finish reading the book.,entailment,t_div_056,div-021
1717,"Allen, Charles, Lex and Shiela spent days reading books for their book report. The texts were printed very small so they were only able to cover very few pages a day. Allen read about the Solar System. He read 5 pages a day of a book which has 60 pages.",It took Allen 12 days to finish reading the book.,entailment,t_div_056,div-023
1718,"Allen, Charles, Lex and Shiela spent days reading books for their book report. The texts were printed very small so they were only able to cover very few pages a day. Allen read about the Solar System. He read 13 pages a day of a book which has 65 pages.",It took Allen 5 days to finish reading the book.,entailment,t_div_056,div-027
1719,"Allen, Charles, Lex and Shiela spent days reading books for their book report. The texts were printed very small so they were only able to cover very few pages a day. Allen read about the Solar System. He read 16 pages a day of a book which has 288 pages.",It took Allen 18 days to finish reading the book.,entailment,t_div_056,div-040
1720,"Allen, Charles, Lex and Shiela spent days reading books for their book report. The texts were printed very small so they were only able to cover very few pages a day. Allen read about the Solar System. He read 3 pages a day of a book which has 294 pages.",It took Allen 98 days to finish reading the book.,entailment,t_div_056,div-041
1721,"Allen, Charles, Lex and Shiela spent days reading books for their book report. The texts were printed very small so they were only able to cover very few pages a day. Allen read about the Solar System. He read 6 pages a day of a book which has 8460 pages.",It took Allen 1410 days to finish reading the book.,entailment,t_div_056,div-068
1722,"Allen, Charles, Lex and Shiela spent days reading books for their book report. The texts were printed very small so they were only able to cover very few pages a day. Allen read about the Solar System. He read 776 pages a day of a book which has 41128 pages.",It took Allen 53 days to finish reading the book.,entailment,t_div_056,div-082
1723,"Allen, Charles, Lex and Shiela spent days reading books for their book report. The texts were printed very small so they were only able to cover very few pages a day. Allen read about the Solar System. He read 6 pages a day of a book which has 50760 pages.",It took Allen 8460 days to finish reading the book.,entailment,t_div_056,div-087
1724,"Allen, Charles, Lex and Shiela spent days reading books for their book report. The texts were printed very small so they were only able to cover very few pages a day. Allen read about the Solar System. He read 250 pages a day of a book which has 87500 pages.",It took Allen 350 days to finish reading the book.,entailment,t_div_056,div-098
1725,"Allen, Charles, Lex and Shiela spent days reading books for their book report. The texts were printed very small so they were only able to cover very few pages a day. Allen read about the Solar System. He read 97 pages a day of a book which has 91665 pages.",It took Allen 945 days to finish reading the book.,entailment,t_div_056,div-099
1726,Julian is writing a comic book. His story has 14 frames in all. He wants to put exactly 7 frames on each page.,Julian would have 2 pages.,entailment,t_div_057,div-009
1727,Julian is writing a comic book. His story has 62 frames in all. He wants to put exactly 31 frames on each page.,Julian would have 2 pages.,entailment,t_div_057,div-025
1728,Julian is writing a comic book. His story has 132 frames in all. He wants to put exactly 11 frames on each page.,Julian would have 12 pages.,entailment,t_div_057,div-033
1729,Julian is writing a comic book. His story has 2769 frames in all. He wants to put exactly 71 frames on each page.,Julian would have 39 pages.,entailment,t_div_057,div-056
1730,Julian is writing a comic book. His story has 2793 frames in all. He wants to put exactly 49 frames on each page.,Julian would have 57 pages.,entailment,t_div_057,div-057
1731,Julian is writing a comic book. His story has 8313 frames in all. He wants to put exactly 51 frames on each page.,Julian would have 163 pages.,entailment,t_div_057,div-067
1732,Julian is writing a comic book. His story has 37113 frames in all. He wants to put exactly 417 frames on each page.,Julian would have 89 pages.,entailment,t_div_057,div-081
1733,Julian is writing a comic book. His story has 65876 frames in all. He wants to put exactly 86 frames on each page.,Julian would have 766 pages.,entailment,t_div_057,div-092
1734,"There are 27 students at a school, and each classroom holds 3 students",9 classrooms are needed at the school,entailment,t_div_058,div-013
1735,"There are 54 students at a school, and each classroom holds 18 students",3 classrooms are needed at the school,entailment,t_div_058,div-021
1736,"There are 55 students at a school, and each classroom holds 5 students",11 classrooms are needed at the school,entailment,t_div_058,div-022
1737,"There are 3906 students at a school, and each classroom holds 93 students",42 classrooms are needed at the school,entailment,t_div_058,div-059
1738,"There are 5589 students at a school, and each classroom holds 81 students",69 classrooms are needed at the school,entailment,t_div_058,div-062
1739,"There are 57897 students at a school, and each classroom holds 63 students",919 classrooms are needed at the school,entailment,t_div_058,div-088
1740,"There are 60000 students at a school, and each classroom holds 200 students",300 classrooms are needed at the school,entailment,t_div_058,div-089
1741,"There are 67796 students at a school, and each classroom holds 68 students",997 classrooms are needed at the school,entailment,t_div_058,div-093
1742,"There are 75000 students at a school, and each classroom holds 25000 students",3 classrooms are needed at the school,entailment,t_div_058,div-096
1743,Robin has some packages of gum. There are 2 pieces in each package and a total of 8 pieces of gum.,Robin has 4 packages.,entailment,t_div_059,div-006
1744,Robin has some packages of gum. There are 3 pieces in each package and a total of 9 pieces of gum.,Robin has 3 packages.,entailment,t_div_059,div-007
1745,Robin has some packages of gum. There are 2 pieces in each package and a total of 124 pieces of gum.,Robin has 62 packages.,entailment,t_div_059,div-031
1746,Robin has some packages of gum. There are 25 pieces in each package and a total of 1250 pieces of gum.,Robin has 50 packages.,entailment,t_div_059,div-050
1747,Robin has some packages of gum. There are 71 pieces in each package and a total of 2769 pieces of gum.,Robin has 39 packages.,entailment,t_div_059,div-056
1748,Robin has some packages of gum. There are 49 pieces in each package and a total of 2793 pieces of gum.,Robin has 57 packages.,entailment,t_div_059,div-057
1749,Robin has some packages of gum. There are 22 pieces in each package and a total of 9086 pieces of gum.,Robin has 413 packages.,entailment,t_div_059,div-070
1750,Robin has some packages of gum. There are 87 pieces in each package and a total of 27492 pieces of gum.,Robin has 316 packages.,entailment,t_div_059,div-076
1751,Robin has some packages of gum. There are 97 pieces in each package and a total of 91665 pieces of gum.,Robin has 945 packages.,entailment,t_div_059,div-099
1752,He then went to see the oranges being harvested. He found out that the harvest will go on for 5 days. They harvested a total of 60 sacks of oranges.,They harvest 12 sacks per day.,entailment,t_div_060,div-023
1753,He then went to see the oranges being harvested. He found out that the harvest will go on for 60 days. They harvested a total of 6540 sacks of oranges.,They harvest 109 sacks per day.,entailment,t_div_060,div-063
1754,He then went to see the oranges being harvested. He found out that the harvest will go on for 56 days. They harvested a total of 30296 sacks of oranges.,They harvest 541 sacks per day.,entailment,t_div_060,div-078
1755,He then went to see the oranges being harvested. He found out that the harvest will go on for 73276 days. They harvested a total of 73276 sacks of oranges.,They harvest 1 sacks per day.,entailment,t_div_060,div-095
1756,Luke played a trivia game and scored 16 points. He gained the 8 points in each round.,Luke played 2 rounds.,entailment,t_div_061,div-010
1757,Luke played a trivia game and scored 25 points. He gained the 5 points in each round.,Luke played 5 rounds.,entailment,t_div_061,div-012
1758,Luke played a trivia game and scored 55 points. He gained the 5 points in each round.,Luke played 11 rounds.,entailment,t_div_061,div-022
1759,Luke played a trivia game and scored 240 points. He gained the 8 points in each round.,Luke played 30 rounds.,entailment,t_div_061,div-038
1760,Luke played a trivia game and scored 27492 points. He gained the 87 points in each round.,Luke played 316 rounds.,entailment,t_div_061,div-076
1761,Lex read a 1250 page book about music and instruments. He can read exactly 25 pages a day.,Lex will take 50 days to finish reading the book.,entailment,t_div_062,div-050
1762,Lex read a 2500 page book about music and instruments. He can read exactly 4 pages a day.,Lex will take 625 days to finish reading the book.,entailment,t_div_062,div-054
1763,Lex read a 37113 page book about music and instruments. He can read exactly 417 pages a day.,Lex will take 89 days to finish reading the book.,entailment,t_div_062,div-081
1764,Lex read a 60000 page book about music and instruments. He can read exactly 200 pages a day.,Lex will take 300 days to finish reading the book.,entailment,t_div_062,div-089
1765,Lex read a 70000 page book about music and instruments. He can read exactly 7 pages a day.,Lex will take 10000 days to finish reading the book.,entailment,t_div_062,div-094
1766,Lex read a 73276 page book about music and instruments. He can read exactly 73276 pages a day.,Lex will take 1 days to finish reading the book.,entailment,t_div_062,div-095
1767,Lex read a 75292 page book about music and instruments. He can read exactly 18823 pages a day.,Lex will take 4 days to finish reading the book.,entailment,t_div_062,div-097
1768,Mom buys 8 white t-shirts. White t-shirts can be purchased in packages of 2.,Mom will have 4 packages.,entailment,t_div_063,div-006
1769,Mom buys 2040 white t-shirts. White t-shirts can be purchased in packages of 2040.,Mom will have 1 packages.,entailment,t_div_063,div-053
1770,Mom buys 8460 white t-shirts. White t-shirts can be purchased in packages of 6.,Mom will have 1410 packages.,entailment,t_div_063,div-068
1771,Bryan took a look at his books as well. Each bookshelf contains 2 books. He has a total of 8 books.,Bryan has 4 bookshelves.,entailment,t_div_064,div-006
1772,Bryan took a look at his books as well. Each bookshelf contains 3 books. He has a total of 9 books.,Bryan has 3 bookshelves.,entailment,t_div_064,div-007
1773,Bryan took a look at his books as well. Each bookshelf contains 8 books. He has a total of 136 books.,Bryan has 17 bookshelves.,entailment,t_div_064,div-035
1774,Bryan took a look at his books as well. Each bookshelf contains 7 books. He has a total of 329 books.,Bryan has 47 bookshelves.,entailment,t_div_064,div-042
1775,Bryan took a look at his books as well. Each bookshelf contains 27 books. He has a total of 1107 books.,Bryan has 41 bookshelves.,entailment,t_div_064,div-049
1776,Bryan took a look at his books as well. Each bookshelf contains 57 books. He has a total of 5301 books.,Bryan has 93 bookshelves.,entailment,t_div_064,div-061
1777,Bryan took a look at his books as well. Each bookshelf contains 6 books. He has a total of 8460 books.,Bryan has 1410 bookshelves.,entailment,t_div_064,div-068
1778,Bryan took a look at his books as well. Each bookshelf contains 9 books. He has a total of 49743 books.,Bryan has 5527 bookshelves.,entailment,t_div_064,div-086
1779,Bryan took a look at his books as well. Each bookshelf contains 612 books. He has a total of 63648 books.,Bryan has 104 bookshelves.,entailment,t_div_064,div-091
1780,Bryan took a look at his books as well. Each bookshelf contains 25000 books. He has a total of 75000 books.,Bryan has 3 bookshelves.,entailment,t_div_064,div-096
1781,3 packs of dvds can be bought with 12 dollars.,Each pack costs 4 dollars.,entailment,t_div_065,div-008
1782,3 packs of dvds can be bought with 27 dollars.,Each pack costs 9 dollars.,entailment,t_div_065,div-013
1783,33 packs of dvds can be bought with 363 dollars.,Each pack costs 11 dollars.,entailment,t_div_065,div-043
1784,2040 packs of dvds can be bought with 2040 dollars.,Each pack costs 1 dollars.,entailment,t_div_065,div-053
1785,59 packs of dvds can be bought with 36934 dollars.,Each pack costs 626 dollars.,entailment,t_div_065,div-080
1786,Amy had 14 video games. She placed the games into 7 different stacks.,Each stack would have 2 games.,entailment,t_div_067,div-009
1787,Amy had 1107 video games. She placed the games into 27 different stacks.,Each stack would have 41 games.,entailment,t_div_067,div-049
1788,Amy had 1250 video games. She placed the games into 25 different stacks.,Each stack would have 50 games.,entailment,t_div_067,div-050
1789,Amy had 27492 video games. She placed the games into 87 different stacks.,Each stack would have 316 games.,entailment,t_div_067,div-076
1790,Amy uploaded 574 pics to Facebook. She put the pics into 41 albums with the same number of photos in each album.,Each album has 14 photos.,entailment,t_div_068,div-047
1791,Frank had 5589 pieces of candy. He put them equally into 81 bags.,There are 69 pieces of candy in each bag.,entailment,t_div_069,div-062
1792,60 people are going to the zoo. There are 5 cars to take people to the zoo.,"If the same number go in each car, 12 people will go in each car.",entailment,t_div_070,div-023
1793,63 people are going to the zoo. There are 9 cars to take people to the zoo.,"If the same number go in each car, 7 people will go in each car.",entailment,t_div_070,div-026
1794,574 people are going to the zoo. There are 41 cars to take people to the zoo.,"If the same number go in each car, 14 people will go in each car.",entailment,t_div_070,div-047
1795,2769 people are going to the zoo. There are 71 cars to take people to the zoo.,"If the same number go in each car, 39 people will go in each car.",entailment,t_div_070,div-056
1796,3906 people are going to the zoo. There are 93 cars to take people to the zoo.,"If the same number go in each car, 42 people will go in each car.",entailment,t_div_070,div-059
1797,29512 people are going to the zoo. There are 119 cars to take people to the zoo.,"If the same number go in each car, 248 people will go in each car.",entailment,t_div_070,div-077
1798,45880 people are going to the zoo. There are 740 cars to take people to the zoo.,"If the same number go in each car, 62 people will go in each car.",entailment,t_div_070,div-084
1799,Susie's father repaired the bookshelves in the reading room. He has 8 books to be distributed equally on the 2 shelves he repaired.,Each shelf will contain 4 books.,entailment,t_div_071,div-006
1800,Susie's father repaired the bookshelves in the reading room. He has 48 books to be distributed equally on the 8 shelves he repaired.,Each shelf will contain 6 books.,entailment,t_div_071,div-019
1801,Susie's father repaired the bookshelves in the reading room. He has 132 books to be distributed equally on the 11 shelves he repaired.,Each shelf will contain 12 books.,entailment,t_div_071,div-033
1802,Susie's father repaired the bookshelves in the reading room. He has 549 books to be distributed equally on the 9 shelves he repaired.,Each shelf will contain 61 books.,entailment,t_div_071,div-046
1803,Susie's father repaired the bookshelves in the reading room. He has 1250 books to be distributed equally on the 25 shelves he repaired.,Each shelf will contain 50 books.,entailment,t_div_071,div-050
1804,Susie's father repaired the bookshelves in the reading room. He has 5589 books to be distributed equally on the 81 shelves he repaired.,Each shelf will contain 69 books.,entailment,t_div_071,div-062
1805,Susie's father repaired the bookshelves in the reading room. He has 6540 books to be distributed equally on the 60 shelves he repaired.,Each shelf will contain 109 books.,entailment,t_div_071,div-063
1806,Susie's father repaired the bookshelves in the reading room. He has 35109 books to be distributed equally on the 47 shelves he repaired.,Each shelf will contain 747 books.,entailment,t_div_071,div-079
1807,Susie's father repaired the bookshelves in the reading room. He has 73276 books to be distributed equally on the 73276 shelves he repaired.,Each shelf will contain 1 books.,entailment,t_div_071,div-095
1808,Susie's father repaired the bookshelves in the reading room. He has 75292 books to be distributed equally on the 18823 shelves he repaired.,Each shelf will contain 4 books.,entailment,t_div_071,div-097
1809,3 pounds of oranges are in 3 bags,Each bag contains 1 pounds of oranges,entailment,t_div_072,div-001
1810,8 pounds of oranges are in 1 bags,Each bag contains 8 pounds of oranges,entailment,t_div_072,div-005
1811,"Sue’s mother made 6 cookies and she put the cookies in bags, with 3 cookies in each bag",Sue's mother could fill up 2 bags,entailment,t_div_073,div-004
1812,"Sue’s mother made 30 cookies and she put the cookies in bags, with 3 cookies in each bag",Sue's mother could fill up 10 bags,entailment,t_div_073,div-014
1813,"Sue’s mother made 65 cookies and she put the cookies in bags, with 13 cookies in each bag",Sue's mother could fill up 5 bags,entailment,t_div_073,div-027
1814,"Sue’s mother made 140 cookies and she put the cookies in bags, with 4 cookies in each bag",Sue's mother could fill up 35 bags,entailment,t_div_073,div-036
1815,"Sue’s mother made 8460 cookies and she put the cookies in bags, with 6 cookies in each bag",Sue's mother could fill up 1410 bags,entailment,t_div_073,div-068
1816,"Sue’s mother made 44100 cookies and she put the cookies in bags, with 90 cookies in each bag",Sue's mother could fill up 490 bags,entailment,t_div_073,div-083
1817,We have a pile with 35 seeds in it and those seeds came from 5 watermelons,7 seeds were there in each watermelon,entailment,t_div_074,div-015
1818,We have a pile with 50 seeds in it and those seeds came from 25 watermelons,2 seeds were there in each watermelon,entailment,t_div_074,div-020
1819,We have a pile with 287 seeds in it and those seeds came from 7 watermelons,41 seeds were there in each watermelon,entailment,t_div_074,div-039
1820,We have a pile with 329 seeds in it and those seeds came from 7 watermelons,47 seeds were there in each watermelon,entailment,t_div_074,div-042
1821,We have a pile with 13940 seeds in it and those seeds came from 85 watermelons,164 seeds were there in each watermelon,entailment,t_div_074,div-074
1822,We have a pile with 30296 seeds in it and those seeds came from 56 watermelons,541 seeds were there in each watermelon,entailment,t_div_074,div-078
1823,We have a pile with 49743 seeds in it and those seeds came from 9 watermelons,5527 seeds were there in each watermelon,entailment,t_div_074,div-086
1824,We have a pile with 57897 seeds in it and those seeds came from 63 watermelons,919 seeds were there in each watermelon,entailment,t_div_074,div-088
1825,We have a pile with 70000 seeds in it and those seeds came from 7 watermelons,10000 seeds were there in each watermelon,entailment,t_div_074,div-094
1826,There are 4 people attending a luncheon. A table can hold 2 people.,They need 2 tables.,entailment,t_div_075,div-002
1827,There are 54 people attending a luncheon. A table can hold 18 people.,They need 3 tables.,entailment,t_div_075,div-021
1828,There are 180 people attending a luncheon. A table can hold 12 people.,They need 15 tables.,entailment,t_div_075,div-037
1829,There are 19440 people attending a luncheon. A table can hold 72 people.,They need 270 tables.,entailment,t_div_075,div-075
1830,An industrial machine made 12 shirts. It made one minute to make 3 shirts.,The machine was working for 4 minutes.,entailment,t_div_076,div-008
1831,An industrial machine made 14 shirts. It made one minute to make 7 shirts.,The machine was working for 2 minutes.,entailment,t_div_076,div-009
1832,An industrial machine made 124 shirts. It made one minute to make 2 shirts.,The machine was working for 62 minutes.,entailment,t_div_076,div-031
1833,An industrial machine made 294 shirts. It made one minute to make 3 shirts.,The machine was working for 98 minutes.,entailment,t_div_076,div-041
1834,An industrial machine made 7857 shirts. It made one minute to make 81 shirts.,The machine was working for 97 minutes.,entailment,t_div_076,div-066
1835,An industrial machine made 45880 shirts. It made one minute to make 740 shirts.,The machine was working for 62 minutes.,entailment,t_div_076,div-084
1836,An industrial machine made 75000 shirts. It made one minute to make 25000 shirts.,The machine was working for 3 minutes.,entailment,t_div_076,div-096
1837,35 children are taking a bus to the zoo. They sit 7 children in every seat.,The children will need 5 seats in all.,entailment,t_div_077,div-016
1838,65 children are taking a bus to the zoo. They sit 13 children in every seat.,The children will need 5 seats in all.,entailment,t_div_077,div-027
1839,287 children are taking a bus to the zoo. They sit 7 children in every seat.,The children will need 41 seats in all.,entailment,t_div_077,div-039
1840,456 children are taking a bus to the zoo. They sit 6 children in every seat.,The children will need 76 seats in all.,entailment,t_div_077,div-044
1841,2002 children are taking a bus to the zoo. They sit 77 children in every seat.,The children will need 26 seats in all.,entailment,t_div_077,div-052
1842,10080 children are taking a bus to the zoo. They sit 24 children in every seat.,The children will need 420 seats in all.,entailment,t_div_077,div-073
1843,37113 children are taking a bus to the zoo. They sit 417 children in every seat.,The children will need 89 seats in all.,entailment,t_div_077,div-081
1844,49743 children are taking a bus to the zoo. They sit 9 children in every seat.,The children will need 5527 seats in all.,entailment,t_div_077,div-086
1845,The ring toss game at the carnival made the same amount of money each day. In total in 7 days they earned 35 dollars.,They made 5 dollars per day.,entailment,t_div_078,div-016
1846,The ring toss game at the carnival made the same amount of money each day. In total in 31 days they earned 1922 dollars.,They made 62 dollars per day.,entailment,t_div_078,div-051
1847,The ring toss game at the carnival made the same amount of money each day. In total in 6 days they earned 8460 dollars.,They made 1410 dollars per day.,entailment,t_div_078,div-068
1848,The ring toss game at the carnival made the same amount of money each day. In total in 4 days they earned 10000 dollars.,They made 2500 dollars per day.,entailment,t_div_078,div-072
1849,The ring toss game at the carnival made the same amount of money each day. In total in 85 days they earned 13940 dollars.,They made 164 dollars per day.,entailment,t_div_078,div-074
1850,The ring toss game at the carnival made the same amount of money each day. In total in 56 days they earned 30296 dollars.,They made 541 dollars per day.,entailment,t_div_078,div-078
1851,The ring toss game at the carnival made the same amount of money each day. In total in 417 days they earned 37113 dollars.,They made 89 dollars per day.,entailment,t_div_078,div-081
1852,The ring toss game at the carnival made the same amount of money each day. In total in 6 days they earned 50760 dollars.,They made 8460 dollars per day.,entailment,t_div_078,div-087
1853,They also gathered paper to create some star-shaped papier-mache. Each star requires 6 pieces of paper and they had 8460 pieces of paper.,They were able to make 1410 stars.,entailment,t_div_079,div-068
1854,They also gathered paper to create some star-shaped papier-mache. Each star requires 22 pieces of paper and they had 9086 pieces of paper.,They were able to make 413 stars.,entailment,t_div_079,div-070
1855,They also gathered paper to create some star-shaped papier-mache. Each star requires 90 pieces of paper and they had 44100 pieces of paper.,They were able to make 490 stars.,entailment,t_div_079,div-083
1856,They also gathered paper to create some star-shaped papier-mache. Each star requires 97 pieces of paper and they had 91665 pieces of paper.,They were able to make 945 stars.,entailment,t_div_079,div-099
1857,A mailman has to give out 6 pieces of junk mail. He goes to 3 blocks.,A mailman should give each block 2 pieces of junk mail.,entailment,t_div_081,div-004
1858,A mailman has to give out 240 pieces of junk mail. He goes to 8 blocks.,A mailman should give each block 30 pieces of junk mail.,entailment,t_div_081,div-038
1859,A mailman has to give out 294 pieces of junk mail. He goes to 3 blocks.,A mailman should give each block 98 pieces of junk mail.,entailment,t_div_081,div-041
1860,A mailman has to give out 2040 pieces of junk mail. He goes to 2040 blocks.,A mailman should give each block 1 pieces of junk mail.,entailment,t_div_081,div-053
1861,A mailman has to give out 57897 pieces of junk mail. He goes to 63 blocks.,A mailman should give each block 919 pieces of junk mail.,entailment,t_div_081,div-088
1862,A mailman has to give out 67796 pieces of junk mail. He goes to 68 blocks.,A mailman should give each block 997 pieces of junk mail.,entailment,t_div_081,div-093
1863,A mailman has to give out 87500 pieces of junk mail. He goes to 250 blocks.,A mailman should give each block 350 pieces of junk mail.,entailment,t_div_081,div-098
1864,There are 6 students in a school. The school has 3 grades and each grade had the same number of students.,There are 2 students in each grade.,entailment,t_div_082,div-004
1865,There are 140 students in a school. The school has 4 grades and each grade had the same number of students.,There are 35 students in each grade.,entailment,t_div_082,div-036
1866,There are 549 students in a school. The school has 9 grades and each grade had the same number of students.,There are 61 students in each grade.,entailment,t_div_082,div-046
1867,There are 8313 students in a school. The school has 51 grades and each grade had the same number of students.,There are 163 students in each grade.,entailment,t_div_082,div-067
1868,There are 29512 students in a school. The school has 119 grades and each grade had the same number of students.,There are 248 students in each grade.,entailment,t_div_082,div-077
1869,There are 46729 students in a school. The school has 83 grades and each grade had the same number of students.,There are 563 students in each grade.,entailment,t_div_082,div-085
1870,There are 49743 students in a school. The school has 9 grades and each grade had the same number of students.,There are 5527 students in each grade.,entailment,t_div_082,div-086
1871,There are 57897 students in a school. The school has 63 grades and each grade had the same number of students.,There are 919 students in each grade.,entailment,t_div_082,div-088
1872,Albert is inviting 8 friends to a party. He has 16 cookies.,Each friend gets 2 cookies.,entailment,t_div_083,div-010
1873,Albert is inviting 5 friends to a party. He has 35 cookies.,Each friend gets 7 cookies.,entailment,t_div_083,div-015
1874,Albert is inviting 18 friends to a party. He has 54 cookies.,Each friend gets 3 cookies.,entailment,t_div_083,div-021
1875,Albert is inviting 9 friends to a party. He has 81 cookies.,Each friend gets 9 cookies.,entailment,t_div_083,div-028
1876,Albert is inviting 6 friends to a party. He has 456 cookies.,Each friend gets 76 cookies.,entailment,t_div_083,div-044
1877,Albert is inviting 35 friends to a party. He has 2555 cookies.,Each friend gets 73 cookies.,entailment,t_div_083,div-055
1878,There are 90 students in a school. The school has 5 students in each grades and each grade has the same number of students.,There are a total of 18 grades.,entailment,t_div_084,div-030
1879,There are 41128 students in a school. The school has 776 students in each grades and each grade has the same number of students.,There are a total of 53 grades.,entailment,t_div_084,div-082
1880,There are 91665 students in a school. The school has 97 students in each grades and each grade has the same number of students.,There are a total of 945 grades.,entailment,t_div_084,div-099
1881,Luke was played 2 rounds of a trivia game and scored 18 points. He gained the same number of points each round.,Luke scored 9 points per round.,entailment,t_div_085,div-011
1882,Luke was played 5 rounds of a trivia game and scored 25 points. He gained the same number of points each round.,Luke scored 5 points per round.,entailment,t_div_085,div-012
1883,Luke was played 3 rounds of a trivia game and scored 30 points. He gained the same number of points each round.,Luke scored 10 points per round.,entailment,t_div_085,div-014
1884,Luke was played 7 rounds of a trivia game and scored 35 points. He gained the same number of points each round.,Luke scored 5 points per round.,entailment,t_div_085,div-016
1885,Luke was played 9 rounds of a trivia game and scored 81 points. He gained the same number of points each round.,Luke scored 9 points per round.,entailment,t_div_085,div-028
1886,Luke was played 2 rounds of a trivia game and scored 124 points. He gained the same number of points each round.,Luke scored 62 points per round.,entailment,t_div_085,div-031
1887,Luke was played 73276 rounds of a trivia game and scored 73276 points. He gained the same number of points each round.,Luke scored 1 points per round.,entailment,t_div_085,div-095
1888,Warren has 18 guests coming to his party. Each table will hold 2 guests.,Warren will need 9 tables.,entailment,t_div_086,div-011
1889,Warren has 25 guests coming to his party. Each table will hold 5 guests.,Warren will need 5 tables.,entailment,t_div_086,div-012
1890,Warren has 30 guests coming to his party. Each table will hold 3 guests.,Warren will need 10 tables.,entailment,t_div_086,div-014
1891,Warren has 1105 guests coming to his party. Each table will hold 13 guests.,Warren will need 85 tables.,entailment,t_div_086,div-048
1892,Warren has 2555 guests coming to his party. Each table will hold 35 guests.,Warren will need 73 tables.,entailment,t_div_086,div-055
1893,Warren has 44100 guests coming to his party. Each table will hold 90 guests.,Warren will need 490 tables.,entailment,t_div_086,div-083
1894,Warren has 50760 guests coming to his party. Each table will hold 6 guests.,Warren will need 8460 tables.,entailment,t_div_086,div-087
1895,You have 8 balls and 1 juggler is able to juggle 6 balls at a time,You need 8 jugglers,entailment,t_div_087,div-005
1896,You have 5589 balls and 81 juggler is able to juggle 6 balls at a time,You need 69 jugglers,entailment,t_div_087,div-062
1897,Debby bought 1107 bottles of water when they were on sale. She drank 27 bottles a day.,They would last her 41 days.,entailment,t_div_088,div-049
1898,Debby bought 6540 bottles of water when they were on sale. She drank 60 bottles a day.,They would last her 109 days.,entailment,t_div_088,div-063
1899,Debby bought 8930 bottles of water when they were on sale. She drank 2 bottles a day.,They would last her 4465 days.,entailment,t_div_088,div-069
1900,George had 30 pieces of candy. He split the candy into 3 bags with the same amount of candy in each bag.,Each bag would have 10 pieces in it.,entailment,t_div_089,div-014
1901,George had 42 pieces of candy. He split the candy into 3 bags with the same amount of candy in each bag.,Each bag would have 14 pieces in it.,entailment,t_div_089,div-017
1902,George had 140 pieces of candy. He split the candy into 4 bags with the same amount of candy in each bag.,Each bag would have 35 pieces in it.,entailment,t_div_089,div-036
1903,George had 2793 pieces of candy. He split the candy into 49 bags with the same amount of candy in each bag.,Each bag would have 57 pieces in it.,entailment,t_div_089,div-057
1904,George had 75000 pieces of candy. He split the candy into 25000 bags with the same amount of candy in each bag.,Each bag would have 3 pieces in it.,entailment,t_div_089,div-096
1905,Lawrence has 8 marbles. He shares them among 2 friends.,Each friend gets 4 marbles.,entailment,t_div_090,div-006
1906,Lawrence has 35 marbles. He shares them among 7 friends.,Each friend gets 5 marbles.,entailment,t_div_090,div-016
1907,Lawrence has 9086 marbles. He shares them among 22 friends.,Each friend gets 413 marbles.,entailment,t_div_090,div-070
1908,Lawrence has 9462 marbles. He shares them among 57 friends.,Each friend gets 166 marbles.,entailment,t_div_090,div-071
1909,A pallet of boxes weighed 35 kilograms. There were 5 boxes on the pallet and each box weighed the same amount.,Each weighed 7 kilograms.,entailment,t_div_091,div-015
1910,A pallet of boxes weighed 6540 kilograms. There were 60 boxes on the pallet and each box weighed the same amount.,Each weighed 109 kilograms.,entailment,t_div_091,div-063
1911,A pallet of boxes weighed 7020 kilograms. There were 260 boxes on the pallet and each box weighed the same amount.,Each weighed 27 kilograms.,entailment,t_div_091,div-064
1912,A pallet of boxes weighed 8313 kilograms. There were 51 boxes on the pallet and each box weighed the same amount.,Each weighed 163 kilograms.,entailment,t_div_091,div-067
1913,A pallet of boxes weighed 35109 kilograms. There were 47 boxes on the pallet and each box weighed the same amount.,Each weighed 747 kilograms.,entailment,t_div_091,div-079
1914,A pallet of boxes weighed 67796 kilograms. There were 68 boxes on the pallet and each box weighed the same amount.,Each weighed 997 kilograms.,entailment,t_div_091,div-093
1915,There are 48 apples and it takes 8 apples to make 1 pie,There are 6 pies,entailment,t_div_092,div-019
1916,There are 124 apples and it takes 2 apples to make 1 pie,There are 62 pies,entailment,t_div_092,div-031
1917,There are 1922 apples and it takes 31 apples to make 1 pie,There are 62 pies,entailment,t_div_092,div-051
1918,There are 2793 apples and it takes 49 apples to make 1 pie,There are 57 pies,entailment,t_div_092,div-057
1919,There are 3588 apples and it takes 46 apples to make 1 pie,There are 78 pies,entailment,t_div_092,div-058
1920,There are 7020 apples and it takes 260 apples to make 1 pie,There are 27 pies,entailment,t_div_092,div-064
1921,There are 8460 apples and it takes 6 apples to make 1 pie,There are 1410 pies,entailment,t_div_092,div-068
1922,There are 13940 apples and it takes 85 apples to make 1 pie,There are 164 pies,entailment,t_div_092,div-074
1923,There are 75292 apples and it takes 18823 apples to make 1 pie,There are 4 pies,entailment,t_div_092,div-097
1924,Sarah is making bead necklaces. She has 8 beads and is making 2 necklaces with each necklace using the same number of beads.,Each necklace will use 4 beads.,entailment,t_div_093,div-006
1925,Sarah is making bead necklaces. She has 9 beads and is making 3 necklaces with each necklace using the same number of beads.,Each necklace will use 3 beads.,entailment,t_div_093,div-007
1926,Sarah is making bead necklaces. She has 27 beads and is making 3 necklaces with each necklace using the same number of beads.,Each necklace will use 9 beads.,entailment,t_div_093,div-013
1927,Sarah is making bead necklaces. She has 240 beads and is making 8 necklaces with each necklace using the same number of beads.,Each necklace will use 30 beads.,entailment,t_div_093,div-038
1928,The ring toss game at the carnival made 132 dollars in 11 days. They made the same amount of money each day.,They made 12 dollars per day.,entailment,t_div_094,div-033
1929,The ring toss game at the carnival made 287 dollars in 7 days. They made the same amount of money each day.,They made 41 dollars per day.,entailment,t_div_094,div-039
1930,The ring toss game at the carnival made 2500 dollars in 4 days. They made the same amount of money each day.,They made 625 dollars per day.,entailment,t_div_094,div-054
1931,The ring toss game at the carnival made 7857 dollars in 81 days. They made the same amount of money each day.,They made 97 dollars per day.,entailment,t_div_094,div-066
1932,Kaleb has to sell 27 chocolate bars to get a prize. Each box contains 3 chocolate bars.,Kaleb needs to sell 9 boxes.,entailment,t_div_095,div-013
1933,Kaleb has to sell 30296 chocolate bars to get a prize. Each box contains 56 chocolate bars.,Kaleb needs to sell 541 boxes.,entailment,t_div_095,div-078
1934,Kaleb has to sell 49743 chocolate bars to get a prize. Each box contains 9 chocolate bars.,Kaleb needs to sell 5527 boxes.,entailment,t_div_095,div-086
1935,I have 3 pencils. I put 3 pencils in each pencil box.,I will fill 1 pencil boxes.,entailment,t_div_096,div-001
1936,I have 30 pencils. I put 3 pencils in each pencil box.,I will fill 10 pencil boxes.,entailment,t_div_096,div-014
1937,I have 63 pencils. I put 9 pencils in each pencil box.,I will fill 7 pencil boxes.,entailment,t_div_096,div-026
1938,I have 136 pencils. I put 4 pencils in each pencil box.,I will fill 34 pencil boxes.,entailment,t_div_096,div-034
1939,I have 136 pencils. I put 8 pencils in each pencil box.,I will fill 17 pencil boxes.,entailment,t_div_096,div-035
1940,I have 294 pencils. I put 3 pencils in each pencil box.,I will fill 98 pencil boxes.,entailment,t_div_096,div-041
1941,I have 1250 pencils. I put 25 pencils in each pencil box.,I will fill 50 pencil boxes.,entailment,t_div_096,div-050
1942,I have 3588 pencils. I put 46 pencils in each pencil box.,I will fill 78 pencil boxes.,entailment,t_div_096,div-058
1943,I have 9086 pencils. I put 22 pencils in each pencil box.,I will fill 413 pencil boxes.,entailment,t_div_096,div-070
1944,I have 45880 pencils. I put 740 pencils in each pencil box.,I will fill 62 pencil boxes.,entailment,t_div_096,div-084
1945,Debby had 4 quarters. It costs 2 quarters for each coke from a coke machine.,Debby could buy 2 quarters.,entailment,t_div_097,div-002
1946,Debby had 63 quarters. It costs 9 quarters for each coke from a coke machine.,Debby could buy 7 quarters.,entailment,t_div_097,div-026
1947,Debby had 65 quarters. It costs 13 quarters for each coke from a coke machine.,Debby could buy 5 quarters.,entailment,t_div_097,div-027
1948,Debby had 124 quarters. It costs 2 quarters for each coke from a coke machine.,Debby could buy 62 quarters.,entailment,t_div_097,div-031
1949,Debby had 574 quarters. It costs 41 quarters for each coke from a coke machine.,Debby could buy 14 quarters.,entailment,t_div_097,div-047
1950,Debby had 1250 quarters. It costs 25 quarters for each coke from a coke machine.,Debby could buy 50 quarters.,entailment,t_div_097,div-050
1951,Debby had 2500 quarters. It costs 4 quarters for each coke from a coke machine.,Debby could buy 625 quarters.,entailment,t_div_097,div-054
1952,Debby had 5589 quarters. It costs 81 quarters for each coke from a coke machine.,Debby could buy 69 quarters.,entailment,t_div_097,div-062
1953,Debby had 10000 quarters. It costs 4 quarters for each coke from a coke machine.,Debby could buy 2500 quarters.,entailment,t_div_097,div-072
1954,Debby had 44100 quarters. It costs 90 quarters for each coke from a coke machine.,Debby could buy 490 quarters.,entailment,t_div_097,div-083
1955,Frank was reading through his favorite book. The book had 6 pages and it took Frank 3 days to finish the book.,Frank read 2 pages per day.,entailment,t_div_098,div-004
1956,Frank was reading through his favorite book. The book had 16 pages and it took Frank 8 days to finish the book.,Frank read 2 pages per day.,entailment,t_div_098,div-010
1957,There are 30 books in a library and they are arranged on shelves that hold 3 books each,10 shelves are in the library,entailment,t_div_099,div-014
1958,There are 456 books in a library and they are arranged on shelves that hold 6 books each,76 shelves are in the library,entailment,t_div_099,div-044
1959,There are 574 books in a library and they are arranged on shelves that hold 41 books each,14 shelves are in the library,entailment,t_div_099,div-047
1960,There are 7857 books in a library and they are arranged on shelves that hold 81 books each,97 shelves are in the library,entailment,t_div_099,div-066
1961,There are 8313 books in a library and they are arranged on shelves that hold 51 books each,163 shelves are in the library,entailment,t_div_099,div-067
1962,There are 30296 books in a library and they are arranged on shelves that hold 56 books each,541 shelves are in the library,entailment,t_div_099,div-078
1963,There are 44100 books in a library and they are arranged on shelves that hold 90 books each,490 shelves are in the library,entailment,t_div_099,div-083
1964,There are 75000 books in a library and they are arranged on shelves that hold 25000 books each,3 shelves are in the library,entailment,t_div_099,div-096
1965,1 toucans are sitting on a tree limb. 1 more toucan joins them.,There are 1 toucans in all.,contradiction,t_add_000,div-000
1966,29512 toucans are sitting on a tree limb. 119 more toucan joins them.,There are 248 toucans in all.,contradiction,t_add_000,div-077
1967,62595 toucans are sitting on a tree limb. 107 more toucan joins them.,There are 585 toucans in all.,contradiction,t_add_000,div-090
1968,7857 toucans are sitting on a tree limb. 81 more toucan joins them.,There are 81 toucans in all.,contradiction,t_add_000,false-020
1969,9 toucans are sitting on a tree limb. 2 more toucan joins them.,There are 20 toucans in all.,contradiction,t_add_000,false-061
1970,Haley's mom was buying extra school supplies for Haley and her sister. She bought 9 reams of paper for Haley and 549 reams for her sister.,Haley bought 61 reams of paper in total.,contradiction,t_add_001,div-046
1971,Haley's mom was buying extra school supplies for Haley and her sister. She bought 77 reams of paper for Haley and 2002 reams for her sister.,Haley bought 26 reams of paper in total.,contradiction,t_add_001,div-052
1972,Haley's mom was buying extra school supplies for Haley and her sister. She bought 8 reams of paper for Haley and 30 reams for her sister.,Haley bought 308 reams of paper in total.,contradiction,t_add_001,false-039
1973,Haley's mom was buying extra school supplies for Haley and her sister. She bought 59 reams of paper for Haley and 626 reams for her sister.,Haley bought 62659 reams of paper in total.,contradiction,t_add_001,false-051
1974,Haley's mom was buying extra school supplies for Haley and her sister. She bought 56789 reams of paper for Haley and 123456 reams for her sister.,Haley bought 12345 reams of paper in total.,contradiction,t_add_001,false-078
1975,6 owls were sitting on the fence. 3 more owls joined them.,3 owls are on the fence now.,contradiction,t_add_002,sub-001
1976,7 owls were sitting on the fence. 6 more owls joined them.,1 owls are on the fence now.,contradiction,t_add_002,sub-005
1977,2 owls were sitting on the fence. 3 more owls joined them.,6 owls are on the fence now.,contradiction,t_add_002,mul-001
1978,A chess club has 12 members. 180 new members are enrolled.,There are 168 total members in the chess club.,contradiction,t_add_003,sub-037
1979,A chess club has 32 members. 415 new members are enrolled.,There are 383 total members in the chess club.,contradiction,t_add_003,sub-040
1980,A chess club has 260 members. 7020 new members are enrolled.,There are 6760 total members in the chess club.,contradiction,t_add_003,sub-067
1981,A chess club has 8 members. 30 new members are enrolled.,There are 240 total members in the chess club.,contradiction,t_add_003,mul-024
1982,A chess club has 32 members. 415 new members are enrolled.,There are 13280 total members in the chess club.,contradiction,t_add_003,mul-066
1983,A chess club has 537 members. 335 new members are enrolled.,There are 17895 total members in the chess club.,contradiction,t_add_003,false-048
1984,"Every day, Ryan spends 61 hours on learning English and 9 hours on learning Chinese.",Ryan spends 52 hours on learning English and Chinese in all.,contradiction,t_add_004,sub-023
1985,"Every day, Ryan spends 83 hours on learning English and 35 hours on learning Chinese.",Ryan spends 48 hours on learning English and Chinese in all.,contradiction,t_add_004,sub-031
1986,A group of 350 friends were playing video games. Later 250 more friends came over.,There were 100 people in total.,contradiction,t_add_005,sub-049
1987,A group of 2255 friends were playing video games. Later 548 more friends came over.,There were 1707 people in total.,contradiction,t_add_005,sub-057
1988,A group of 2865 friends were playing video games. Later 64 more friends came over.,There were 183360 people in total.,contradiction,t_add_005,mul-090
1989,Teacher buys 97 black pens and 81 blue pens for students as awards.,The teacher bought 16 pens altogether.,contradiction,t_add_006,sub-033
1990,Teacher buys 7762 black pens and 1906 blue pens for students as awards.,The teacher bought 5856 pens altogether.,contradiction,t_add_006,sub-071
1991,Teacher buys 60 black pens and 87 blue pens for students as awards.,The teacher bought 5220 pens altogether.,contradiction,t_add_006,mul-036
1992,Teacher buys 490 black pens and 90 blue pens for students as awards.,The teacher bought 44100 pens altogether.,contradiction,t_add_006,mul-070
1993,There are 2 boys and 9 girls in a preschool daycare.,There are 7 children in the daycare.,contradiction,t_add_007,sub-007
1994,There are 1906 boys and 7762 girls in a preschool daycare.,There are 5856 children in the daycare.,contradiction,t_add_007,sub-071
1995,There are 33 boys and 363 girls in a preschool daycare.,There are 11979 children in the daycare.,contradiction,t_add_007,mul-073
1996,There are 2 boys and 4465 girls in a preschool daycare.,There are 8930 children in the daycare.,contradiction,t_add_007,mul-093
1997,Cody was helping his mom wash clothes. They washed 5 short sleeve shirts and 7 long sleeve shirts.,They washed 35 shirts in total.,contradiction,t_add_008,mul-010
1998,Cody was helping his mom wash clothes. They washed 31 short sleeve shirts and 839 long sleeve shirts.,They washed 26009 shirts in total.,contradiction,t_add_008,mul-081
1999,Cody was helping his mom wash clothes. They washed 57 short sleeve shirts and 9462 long sleeve shirts.,They washed 166 shirts in total.,contradiction,t_add_008,div-071
2000,Cody was helping his mom wash clothes. They washed 56789 short sleeve shirts and 123456 long sleeve shirts.,They washed 676767 shirts in total.,contradiction,t_add_008,false-079
2001,A designer was buying furniture for her new house. She bought 49 chairs for the living room and 57 for her kitchen.,A designer bought 8 chairs in total.,contradiction,t_add_009,sub-021
2002,A designer was buying furniture for her new house. She bought 6 chairs for the living room and 8460 for her kitchen.,A designer bought 50760 chairs in total.,contradiction,t_add_009,mul-096
2003,A designer was buying furniture for her new house. She bought 87 chairs for the living room and 5220 for her kitchen.,A designer bought 60 chairs in total.,contradiction,t_add_009,div-060
2004,A designer was buying furniture for her new house. She bought 85 chairs for the living room and 164 for her kitchen.,A designer bought 139400 chairs in total.,contradiction,t_add_009,false-046
2005,A designer was buying furniture for her new house. She bought 9018 chairs for the living room and 4149 for her kitchen.,A designer bought 1316 chairs in total.,contradiction,t_add_009,false-094
2006,A designer was buying furniture for her new house. She bought 73360 chairs for the living room and 64237 for her kitchen.,A designer bought 133457 chairs in total.,contradiction,t_add_009,false-099
2007,Amy was buying different soups. She bought 7020 cans of chicken soup and 260 cans of tomato soup.,Amy bought 6760 soups.,contradiction,t_add_010,sub-067
2008,Amy was buying different soups. She bought 4 cans of chicken soup and 5 cans of tomato soup.,Amy bought 20 soups.,contradiction,t_add_010,mul-005
2009,Amy was buying different soups. She bought 47 cans of chicken soup and 7 cans of tomato soup.,Amy bought 329 soups.,contradiction,t_add_010,mul-032
2010,Amy was buying different soups. She bought 44100 cans of chicken soup and 90 cans of tomato soup.,Amy bought 4900 soups.,contradiction,t_add_010,false-027
2011,Amy was buying different soups. She bought 92614 cans of chicken soup and 35356 cans of tomato soup.,Amy bought 63598 soups.,contradiction,t_add_010,false-076
2012,Amy's dad was taking everyone out to eat for her birthday. They spent 766 dollars on the adults and 86 dollars on the kids.,It cost 680 dollars for everyone.,contradiction,t_add_012,sub-048
2013,Amy's dad was taking everyone out to eat for her birthday. They spent 934 dollars on the adults and 276 dollars on the kids.,It cost 257784 dollars for everyone.,contradiction,t_add_012,mul-083
2014,There are 14 crayons in the drawer and Mary put 3 more crayons in the drawer,11 crayons are in the drawer now,contradiction,t_add_013,sub-011
2015,Allan brought 1830 balloons to the park. Jake brought 2050 more balloons than the number of balloons that Allan brought.,Jake brought 220 balloons to the park.,contradiction,t_add_014,sub-056
2016,Allan brought 25000 balloons to the park. Jake brought 75000 more balloons than the number of balloons that Allan brought.,Jake brought 50000 balloons to the park.,contradiction,t_add_014,sub-087
2017,Allan brought 13 balloons to the park. Jake brought 36 more balloons than the number of balloons that Allan brought.,Jake brought 468 balloons to the park.,contradiction,t_add_014,mul-027
2018,Allan brought 93 balloons to the park. Jake brought 42 more balloons than the number of balloons that Allan brought.,Jake brought 3906 balloons to the park.,contradiction,t_add_014,mul-031
2019,Allan brought 63 balloons to the park. Jake brought 919 more balloons than the number of balloons that Allan brought.,Jake brought 57897 balloons to the park.,contradiction,t_add_014,mul-082
2020,Allan brought 57 balloons to the park. Jake brought 5301 more balloons than the number of balloons that Allan brought.,Jake brought 53 balloons to the park.,contradiction,t_add_014,false-018
2021,A mailman had to give 60874 pieces of junk mail and 44542 magazines to a house.,A mailman delivered 16332 pieces of mail in total.,contradiction,t_add_016,sub-085
2022,A mailman had to give 436 pieces of junk mail and 396 magazines to a house.,A mailman delivered 172656 pieces of mail in total.,contradiction,t_add_016,mul-068
2023,A mailman had to give 18 pieces of junk mail and 2 magazines to a house.,A mailman delivered 9 pieces of mail in total.,contradiction,t_add_016,div-011
2024,A mailman had to give 7857 pieces of junk mail and 81 magazines to a house.,A mailman delivered 97 pieces of mail in total.,contradiction,t_add_016,div-066
2025,A mailman had to give 63648 pieces of junk mail and 612 magazines to a house.,A mailman delivered 104 pieces of mail in total.,contradiction,t_add_016,div-091
2026,At the school Halloween party 21709 girls and 49790 boys dressed as ghosts.,A total of 28081 people dressed as a ghost.,contradiction,t_add_017,sub-083
2027,At the school Halloween party 57 girls and 166 boys dressed as ghosts.,A total of 9462 people dressed as a ghost.,contradiction,t_add_017,mul-054
2028,At the school Halloween party 2 girls and 124 boys dressed as ghosts.,A total of 62 people dressed as a ghost.,contradiction,t_add_017,div-031
2029,Ned was buying books about astronomy. He bought 7 books about the planets and 6 about the space program.,Ned bought 1 books in total.,contradiction,t_add_019,sub-005
2030,Ned was buying books about astronomy. He bought 682 books about the planets and 591 about the space program.,Ned bought 91 books in total.,contradiction,t_add_019,sub-046
2031,Ned was buying books about astronomy. He bought 8656 books about the planets and 3533 about the space program.,Ned bought 5123 books in total.,contradiction,t_add_019,sub-072
2032,Ned was buying books about astronomy. He bought 10000 books about the planets and 7 about the space program.,Ned bought 70000 books in total.,contradiction,t_add_019,mul-099
2033,Ned was buying books about astronomy. He bought 49743 books about the planets and 9 about the space program.,Ned bought 5527 books in total.,contradiction,t_add_019,div-086
2034,Ned was buying books about astronomy. He bought 87500 books about the planets and 250 about the space program.,Ned bought 350 books in total.,contradiction,t_add_019,div-098
2035,Ned was buying books about astronomy. He bought 747 books about the planets and 47 about the space program.,Ned bought 77777 books in total.,contradiction,t_add_019,false-054
2036,There are 7659 bottle caps in a box and Linda puts 23 more bottle caps inside,333 bottle caps are in the box,contradiction,t_add_020,div-065
2037,There are 9462 bottle caps in a box and Linda puts 57 more bottle caps inside,166 bottle caps are in the box,contradiction,t_add_020,div-071
2038,A restaurant served 61226 pizzas during lunch and 12886 during dinner today .,48340 pizzas were served today,contradiction,t_add_021,sub-086
2039,A restaurant served 75000 pizzas during lunch and 25000 during dinner today .,50000 pizzas were served today,contradiction,t_add_021,sub-087
2040,Sarah bought 2 new shirts for school. She already had 9 shirts.,Sarah owned 7 new shirts in total.,contradiction,t_add_022,sub-007
2041,Haley grew some trees in her backyard. After a typhoon 13 died. 36 trees were left.,Haley grew 23 trees.,contradiction,t_add_023,sub-017
2042,Haley grew some trees in her backyard. After a typhoon 32 died. 415 trees were left.,Haley grew 383 trees.,contradiction,t_add_023,sub-040
2043,Haley grew some trees in her backyard. After a typhoon 7 died. 10000 trees were left.,Haley grew 70000 trees.,contradiction,t_add_023,mul-099
2044,Haley grew some trees in her backyard. After a typhoon 31 died. 62 trees were left.,Haley grew 2 trees.,contradiction,t_add_023,div-025
2045,Haley grew some trees in her backyard. After a typhoon 83 died. 46729 trees were left.,Haley grew 563 trees.,contradiction,t_add_023,div-085
2046,Haley grew some trees in her backyard. After a typhoon 16 died. 288 trees were left.,Haley grew 22 trees.,contradiction,t_add_023,false-012
2047,A waiter had some customers. After 2 customers left he still had 4465 customers.,There were 8930 customers at the start.,contradiction,t_add_025,mul-093
2048,A waiter had some customers. After 71 customers left he still had 2769 customers.,There were 39 customers at the start.,contradiction,t_add_025,div-056
2049,A waiter had some customers. After 57 customers left he still had 5301 customers.,There were 93 customers at the start.,contradiction,t_add_025,div-061
2050,A waiter had some customers. After 632 customers left he still had 560 customers.,There were 1882 customers at the start.,contradiction,t_add_025,false-088
2051,There were 3 roses in the vase and Mary cut some roses from her flower garden and put 2 more roses in the vase,6 roses are now in the vase,contradiction,t_add_026,mul-001
2052,There were 3 roses in the vase and Mary cut some roses from her flower garden and put 12 more roses in the vase,4 roses are now in the vase,contradiction,t_add_026,div-008
2053,There were 5 roses in the vase and Mary cut some roses from her flower garden and put 60 more roses in the vase,12 roses are now in the vase,contradiction,t_add_026,div-023
2054,Mark has 8656 trees in his backyard. He plants 3533 more.,Mark will have 5123 trees.,contradiction,t_add_027,sub-072
2055,Mark has 10132 trees in his backyard. He plants 9917 more.,Mark will have 215 trees.,contradiction,t_add_027,sub-078
2056,Mark has 30 trees in his backyard. He plants 3 more.,Mark will have 90 trees.,contradiction,t_add_027,mul-018
2057,Mark has 919 trees in his backyard. He plants 63 more.,Mark will have 57897 trees.,contradiction,t_add_027,mul-082
2058,Mark has 42 trees in his backyard. He plants 6 more.,Mark will have 7 trees.,contradiction,t_add_027,div-018
2059,Mark has 63 trees in his backyard. He plants 9 more.,Mark will have 7 trees.,contradiction,t_add_027,div-026
2060,Mark has 26 trees in his backyard. He plants 77 more.,Mark will have 301 trees.,contradiction,t_add_027,false-085
2061,Lucy went to the grocery store. She bought 5 packs of cookies and 18 packs of noodles.,Lucy bought 13 packs of groceries in all.,contradiction,t_add_028,sub-014
2062,Lucy went to the grocery store. She bought 1906 packs of cookies and 7762 packs of noodles.,Lucy bought 5856 packs of groceries in all.,contradiction,t_add_028,sub-071
2063,Lucy went to the grocery store. She bought 25103 packs of cookies and 31926 packs of noodles.,Lucy bought 6823 packs of groceries in all.,contradiction,t_add_028,sub-081
2064,Lucy went to the grocery store. She bought 27 packs of cookies and 41 packs of noodles.,Lucy bought 1107 packs of groceries in all.,contradiction,t_add_028,mul-030
2065,Jake has 90 fewer peaches than Steven. Jake has 490 peaches.,Steven has 44100 peaches.,contradiction,t_add_029,mul-070
2066,Jake has 64 fewer peaches than Steven. Jake has 2865 peaches.,Steven has 183360 peaches.,contradiction,t_add_029,mul-090
2067,Jake has 71 fewer peaches than Steven. Jake has 39 peaches.,Steven has 2781 peaches.,contradiction,t_add_029,false-043
2068,Robin cut off 76 inches of his hair. His hair is now 6 inches long.,His hair was 70 inches long before he cut it.,contradiction,t_add_030,sub-027
2069,Robin cut off 357 inches of his hair. His hair is now 98 inches long.,His hair was 259 inches long before he cut it.,contradiction,t_add_030,sub-039
2070,Robin cut off 73040 inches of his hair. His hair is now 37919 inches long.,His hair was 35121 inches long before he cut it.,contradiction,t_add_030,sub-089
2071,Robin cut off 39 inches of his hair. His hair is now 71 inches long.,His hair was 2769 inches long before he cut it.,contradiction,t_add_030,mul-029
2072,Robin cut off 67 inches of his hair. His hair is now 5 inches long.,His hair was 335 inches long before he cut it.,contradiction,t_add_030,mul-041
2073,Robin cut off 10000 inches of his hair. His hair is now 7 inches long.,His hair was 70000 inches long before he cut it.,contradiction,t_add_030,mul-099
2074,Robin cut off 240 inches of his hair. His hair is now 8 inches long.,His hair was 30 inches long before he cut it.,contradiction,t_add_030,div-038
2075,The grasshopper and the frog had a jumping contest. The grasshopper jumped 997 inches. The frog jumped 68 inches farther than the grasshopper.,The frog jumped 929 inches.,contradiction,t_add_031,sub-054
2076,The grasshopper and the frog had a jumping contest. The grasshopper jumped 248 inches. The frog jumped 743 inches farther than the grasshopper.,The frog jumped 248743 inches.,contradiction,t_add_031,false-052
2077,Marco and his dad went strawberry picking. His strawberries weighed 35356 pounds while his dad's strawberries weighed 92614 pounds.,Their strawberries weigh 57258 pounds together.,contradiction,t_add_032,sub-095
2078,Marco and his dad went strawberry picking. His strawberries weighed 31 pounds while his dad's strawberries weighed 839 pounds.,Their strawberries weigh 26009 pounds together.,contradiction,t_add_032,mul-081
2079,Jose has 600 chickens and 500 ducks.,Jose has 100 fowls.,contradiction,t_add_033,sub-045
2080,Jose has 766 chickens and 86 ducks.,Jose has 680 fowls.,contradiction,t_add_033,sub-048
2081,Jose has 945 chickens and 97 ducks.,Jose has 848 fowls.,contradiction,t_add_033,sub-053
2082,Charlie has 12 more snowballs than Lucy. She has 11 snowballs.,Charlie has 1 snowballs.,contradiction,t_add_034,sub-010
2083,Charlie has 47 more snowballs than Lucy. She has 7 snowballs.,Charlie has 40 snowballs.,contradiction,t_add_034,sub-019
2084,Charlie has 83 more snowballs than Lucy. She has 35 snowballs.,Charlie has 48 snowballs.,contradiction,t_add_034,sub-031
2085,"Hazel and her father both love going on fishing trips. This year, they planned to go around the Great Lakes for a unique fishing experience. Their first stop is Lake Ontario. Hazel and her father decided to have a contest between them. Hazel caught 6 salmons and her dad caught 7.",They caught 1 salmons in total.,contradiction,t_add_035,sub-005
2086,"Hazel and her father both love going on fishing trips. This year, they planned to go around the Great Lakes for a unique fishing experience. Their first stop is Lake Ontario. Hazel and her father decided to have a contest between them. Hazel caught 1 salmons and her dad caught 37.",They caught 37 salmons in total.,contradiction,t_add_035,mul-028
2087,"Hazel and her father both love going on fishing trips. This year, they planned to go around the Great Lakes for a unique fishing experience. Their first stop is Lake Ontario. Hazel and her father decided to have a contest between them. Hazel caught 11 salmons and her dad caught 132.",They caught 12 salmons in total.,contradiction,t_add_035,div-033
2088,"Sarah had some trucks. She gave 18 to Jeff, and now she has 54 trucks left.",Sarah had 36 trucks to start with.,contradiction,t_add_036,sub-022
2089,"Sarah had some trucks. She gave 261 to Jeff, and now she has 413 trucks left.",Sarah had 152 trucks to start with.,contradiction,t_add_036,sub-041
2090,"Sarah had some trucks. She gave 7 to Jeff, and now she has 14 trucks left.",Sarah had 2 trucks to start with.,contradiction,t_add_036,div-009
2091,Denise adds 1 bananas to a jar and there were originally 8 bananas in the jar,7 bananas are left in the jar,contradiction,t_add_037,sub-006
2092,Denise adds 7 bananas to a jar and there were originally 14 bananas in the jar,7 bananas are left in the jar,contradiction,t_add_037,sub-018
2093,Denise adds 3 bananas to a jar and there were originally 12 bananas in the jar,14 bananas are left in the jar,contradiction,t_add_037,false-001
2094,Paco ate 3 cookies and had 6 cookies left.,Paco had 18 cookies in the beginning.,contradiction,t_add_038,mul-012
2095,Paco ate 679 cookies and had 465 cookies left.,Paco had 315735 cookies in the beginning.,contradiction,t_add_038,mul-069
2096,Paco ate 68 cookies and had 67796 cookies left.,Paco had 997 cookies in the beginning.,contradiction,t_add_038,div-093
2097,Paco ate 5 cookies and had 5 cookies left.,Paco had 55 cookies in the beginning.,contradiction,t_add_038,false-036
2098,Paco ate 9280 cookies and had 9924 cookies left.,Paco had 6464 cookies in the beginning.,contradiction,t_add_038,false-073
2099,Mrs. Sheridan has 2 cats and she bought 9 more,She has 7 cats now,contradiction,t_add_039,sub-007
2100,Mrs. Sheridan has 57 cats and she bought 93 more,She has 36 cats now,contradiction,t_add_039,sub-032
2101,Robin has 1906 pieces of gum and her brother gave her 7762 more pieces,Robin has 5856 pieces of gum now,contradiction,t_add_042,sub-071
2102,Robin has 3 pieces of gum and her brother gave her 9 more pieces,Robin has 27 pieces of gum now,contradiction,t_add_042,mul-009
2103,Robin has 16 pieces of gum and her brother gave her 18 more pieces,Robin has 288 pieces of gum now,contradiction,t_add_042,mul-022
2104,Robin has 8 pieces of gum and her brother gave her 30 more pieces,Robin has 24 pieces of gum now,contradiction,t_add_042,false-038
2105,Zachary did 180 push-ups in gym class today. David did 12 more push-ups than Zachary.,David did 168 push-ups.,contradiction,t_add_043,sub-037
2106,Zachary did 705 push-ups in gym class today. David did 396 more push-ups than Zachary.,David did 309 push-ups.,contradiction,t_add_043,sub-047
2107,"Joe had 248 toy cars, and he gets 119 more cars",He will have 129 cars then,contradiction,t_add_044,sub-035
2108,"Joe had 50 toy cars, and he gets 25 more cars",He will have 1250 cars then,contradiction,t_add_044,mul-034
2109,"Joe had 17 toy cars, and he gets 8 more cars",He will have 17 cars then,contradiction,t_add_044,false-063
2110,"Joe had 2 toy cars, and he gets 8 more cars",He will have 28 cars then,contradiction,t_add_044,false-080
2111,"Joe had 64237 toy cars, and he gets 73360 more cars",He will have 73360 cars then,contradiction,t_add_044,false-098
2112,"After the final bell rang, Buddy ran to the school bus with his new friends. On his ride home, he counted 47 students sitting on the left side of the bus and 7 sitting on the right.",There are 40 students on the bus ride home.,contradiction,t_add_046,sub-019
2113,"After the final bell rang, Buddy ran to the school bus with his new friends. On his ride home, he counted 61 students sitting on the left side of the bus and 9 sitting on the right.",There are 549 students on the bus ride home.,contradiction,t_add_046,mul-037
2114,"After the final bell rang, Buddy ran to the school bus with his new friends. On his ride home, he counted 8977 students sitting on the left side of the bus and 5249 sitting on the right.",There are 3278 students on the bus ride home.,contradiction,t_add_046,false-071
2115,"After the final bell rang, Buddy ran to the school bus with his new friends. On his ride home, he counted 92614 students sitting on the left side of the bus and 35356 sitting on the right.",There are 63598 students on the bus ride home.,contradiction,t_add_046,false-076
2116,"After collecting materials, they started making recycled products to sell during the school's recycling fair. Marcus made 845 pen holders from the milk bottles and Annie was able to make 992.",They made 838240 pen holders.,contradiction,t_add_047,mul-085
2117,"After collecting materials, they started making recycled products to sell during the school's recycling fair. Marcus made 81 pen holders from the milk bottles and Annie was able to make 5589.",They made 69 pen holders.,contradiction,t_add_047,div-062
2118,"After collecting materials, they started making recycled products to sell during the school's recycling fair. Marcus made 83 pen holders from the milk bottles and Annie was able to make 46729.",They made 563 pen holders.,contradiction,t_add_047,div-085
2119,"After collecting materials, they started making recycled products to sell during the school's recycling fair. Marcus made 6 pen holders from the milk bottles and Annie was able to make 50760.",They made 8460 pen holders.,contradiction,t_add_047,div-087
2120,Danny has 31 bottle caps in his collection. He found 839 bottle caps at the park.,Danny has 808 bottle caps now.,contradiction,t_add_048,sub-051
2121,Danny has 68 bottle caps in his collection. He found 997 bottle caps at the park.,Danny has 929 bottle caps now.,contradiction,t_add_048,sub-054
2122,Danny has 6 bottle caps in his collection. He found 7 bottle caps at the park.,Danny has 42 bottle caps now.,contradiction,t_add_048,mul-011
2123,Danny has 3 bottle caps in his collection. He found 10 bottle caps at the park.,Danny has 30 bottle caps now.,contradiction,t_add_048,mul-015
2124,Daniel had some noodles. He gave 9 noodles to William. Now Daniel only has 61 noodles.,Daniel had 52 noodles to begin with.,contradiction,t_add_049,sub-023
2125,Sara had 57 quarters in her bank and her dad gave her 166 more quarters,She has 9462 quarters now,contradiction,t_add_050,mul-054
2126,Sara had 90 quarters in her bank and her dad gave her 44100 more quarters,She has 4900 quarters now,contradiction,t_add_050,false-027
2127,Sara had 27 quarters in her bank and her dad gave her 41 more quarters,She has 117 quarters now,contradiction,t_add_050,false-041
2128,Sara had 32 quarters in her bank and her dad gave her 6000 more quarters,She has 632000 quarters now,contradiction,t_add_050,false-058
2129,Sara had 73360 quarters in her bank and her dad gave her 64237 more quarters,She has 73360 quarters now,contradiction,t_add_050,false-098
2130,Todd has 123456 pieces of gum and Steve gave him 56789 more pieces,Todd has 66667 pieces of gum now,contradiction,t_add_051,sub-098
2131,Todd has 9 pieces of gum and Steve gave him 9 more pieces,Todd has 81 pieces of gum now,contradiction,t_add_051,mul-014
2132,Todd has 18 pieces of gum and Steve gave him 5 more pieces,Todd has 90 pieces of gum now,contradiction,t_add_051,mul-016
2133,Todd has 18 pieces of gum and Steve gave him 5 more pieces,Todd has 90 pieces of gum now,contradiction,t_add_051,mul-016
2134,Todd has 25 pieces of gum and Steve gave him 5 more pieces,Todd has 125 pieces of gum now,contradiction,t_add_051,mul-025
2135,Todd has 839 pieces of gum and Steve gave him 31 more pieces,Todd has 26009 pieces of gum now,contradiction,t_add_051,mul-081
2136,There are 3740 rulers in the drawer and Tim put 1330 more rulers into the drawer,2410 rulers are now in the drawer,contradiction,t_add_052,sub-060
2137,There are 36 rulers in the drawer and Tim put 13 more rulers into the drawer,468 rulers are now in the drawer,contradiction,t_add_052,mul-027
2138,There are 490 rulers in the drawer and Tim put 90 more rulers into the drawer,44100 rulers are now in the drawer,contradiction,t_add_052,mul-070
2139,There are 1922 rulers in the drawer and Tim put 31 more rulers into the drawer,62 rulers are now in the drawer,contradiction,t_add_052,div-051
2140,Mike has 49 books in his library and he bought 57 more books at a yard sale over the weekend,Mike has 2793 books now,contradiction,t_add_054,mul-035
2141,Mike has 81 books in his library and he bought 97 more books at a yard sale over the weekend,Mike has 7857 books now,contradiction,t_add_054,mul-049
2142,Mike has 27 books in his library and he bought 41 more books at a yard sale over the weekend,Mike has 117 books now,contradiction,t_add_054,false-041
2143,Danny collects bottle caps. He lost 50 bottle caps at the park. Now he has 25 bottle caps in his collection.,Danny had 25 bottle caps at first.,contradiction,t_add_055,sub-020
2144,Danny collects bottle caps. He lost 54 bottle caps at the park. Now he has 18 bottle caps in his collection.,Danny had 36 bottle caps at first.,contradiction,t_add_055,sub-022
2145,Danny collects bottle caps. He lost 288 bottle caps at the park. Now he has 16 bottle caps in his collection.,Danny had 18 bottle caps at first.,contradiction,t_add_055,div-040
2146,Danny collects bottle caps. He lost 60000 bottle caps at the park. Now he has 200 bottle caps in his collection.,Danny had 300 bottle caps at first.,contradiction,t_add_055,div-089
2147,Danny collects bottle caps. He lost 560 bottle caps at the park. Now he has 632 bottle caps in his collection.,Danny had 112 bottle caps at first.,contradiction,t_add_055,false-089
2148,Mikayla has a huge collection of music CDs. She gave 1830 CDs to her friend. Now she has 2050 CDs left.,Mikayla's collection had 220 CDs at first.,contradiction,t_add_057,sub-056
2149,Mikayla has a huge collection of music CDs. She gave 3 CDs to her friend. Now she has 9 CDs left.,Mikayla's collection had 3 CDs at first.,contradiction,t_add_057,div-007
2150,Mikayla has a huge collection of music CDs. She gave 260 CDs to her friend. Now she has 7020 CDs left.,Mikayla's collection had 27 CDs at first.,contradiction,t_add_057,div-064
2151,Mikayla has a huge collection of music CDs. She gave 2 CDs to her friend. Now she has 8930 CDs left.,Mikayla's collection had 4465 CDs at first.,contradiction,t_add_057,div-069
2152,Mikayla has a huge collection of music CDs. She gave 5 CDs to her friend. Now she has 55 CDs left.,Mikayla's collection had 13 CDs at first.,contradiction,t_add_057,false-006
2153,Mikayla has a huge collection of music CDs. She gave 90 CDs to her friend. Now she has 44100 CDs left.,Mikayla's collection had 90 CDs at first.,contradiction,t_add_057,false-026
2154,Mikayla has a huge collection of music CDs. She gave 59 CDs to her friend. Now she has 626 CDs left.,Mikayla's collection had 626 CDs at first.,contradiction,t_add_057,false-050
2155,A book has two chapters. The first chapter is 18 pages long. The second chapter is 16 pages long.,The book has 2 pages altogether.,contradiction,t_add_059,sub-015
2156,There were 7 geese and 6 ducks in the marsh.,There were 42 birds in all.,contradiction,t_add_060,mul-011
2157,There were 65876 geese and 86 ducks in the marsh.,There were 766 birds in all.,contradiction,t_add_060,div-092
2158,Cade had 75292 marbles and he got 18823 from Dylan,He has 56469 marbles now,contradiction,t_add_061,sub-088
2159,"Still a little behind, Robyn asked her mother to drive them around town on Wednesday to cover more houses. That day Robyn sold 59111 packs of cookies while Lucy sold 58298.",They were able to sell 813 packs that day.,contradiction,t_add_062,sub-084
2160,"Still a little behind, Robyn asked her mother to drive them around town on Wednesday to cover more houses. That day Robyn sold 140 packs of cookies while Lucy sold 4.",They were able to sell 35 packs that day.,contradiction,t_add_062,div-036
2161,"Still a little behind, Robyn asked her mother to drive them around town on Wednesday to cover more houses. That day Robyn sold 7659 packs of cookies while Lucy sold 23.",They were able to sell 333 packs that day.,contradiction,t_add_062,div-065
2162,"Still a little behind, Robyn asked her mother to drive them around town on Wednesday to cover more houses. That day Robyn sold 44100 packs of cookies while Lucy sold 90.",They were able to sell 490 packs that day.,contradiction,t_add_062,div-083
2163,"Still a little behind, Robyn asked her mother to drive them around town on Wednesday to cover more houses. That day Robyn sold 335 packs of cookies while Lucy sold 537.",They were able to sell 17895 packs that day.,contradiction,t_add_062,false-048
2164,"Still a little behind, Robyn asked her mother to drive them around town on Wednesday to cover more houses. That day Robyn sold 2 packs of cookies while Lucy sold 8.",They were able to sell 28 packs that day.,contradiction,t_add_062,false-080
2165,Adolfo made a tower with 12 blocks and he added 15 more blocks to the tower,3 total blocks are in the tower now,contradiction,t_add_063,sub-012
2166,Adolfo made a tower with 5 blocks and he added 18 more blocks to the tower,13 total blocks are in the tower now,contradiction,t_add_063,sub-014
2167,Adolfo made a tower with 23 blocks and he added 333 more blocks to the tower,310 total blocks are in the tower now,contradiction,t_add_063,sub-038
2168,Adolfo made a tower with 56 blocks and he added 22 more blocks to the tower,1232 total blocks are in the tower now,contradiction,t_add_063,mul-023
2169,Adolfo made a tower with 98 blocks and he added 357 more blocks to the tower,34986 total blocks are in the tower now,contradiction,t_add_063,mul-065
2170,Adolfo made a tower with 47 blocks and he added 747 more blocks to the tower,35109 total blocks are in the tower now,contradiction,t_add_063,mul-079
2171,Rangers from Flora Natural Park and Wildlife Reserve also joined the activities on that day. They planted 490 redwood trees and 90 cypress trees to replace the trees that were destroyed during a recent forest fire.,The rangers planted 400 trees.,contradiction,t_add_064,sub-043
2172,Rangers from Flora Natural Park and Wildlife Reserve also joined the activities on that day. They planted 9086 redwood trees and 22 cypress trees to replace the trees that were destroyed during a recent forest fire.,The rangers planted 413 trees.,contradiction,t_add_064,div-070
2173,Rangers from Flora Natural Park and Wildlife Reserve also joined the activities on that day. They planted 70000 redwood trees and 7 cypress trees to replace the trees that were destroyed during a recent forest fire.,The rangers planted 77000 trees.,contradiction,t_add_064,false-033
2174,Mike has 36 baseball cards and Sam gave Mike 13 more baseball cards,Mike has 23 baseball cards now,contradiction,t_add_065,sub-017
2175,Mike has 945 baseball cards and Sam gave Mike 97 more baseball cards,Mike has 848 baseball cards now,contradiction,t_add_065,sub-053
2176,Mike has 25 baseball cards and Sam gave Mike 5 more baseball cards,Mike has 125 baseball cards now,contradiction,t_add_065,mul-025
2177,Mike has 63 baseball cards and Sam gave Mike 9 more baseball cards,Mike has 567 baseball cards now,contradiction,t_add_065,mul-040
2178,Summer is almost here and most animals are migrating back to cooler countries. There are 73 bird families living near a mountain. 35 new bird families joined them.,A total of 2555 bird families live near the mountain now.,contradiction,t_add_066,mul-043
2179,Summer is almost here and most animals are migrating back to cooler countries. There are 997 bird families living near a mountain. 68 new bird families joined them.,A total of 67796 bird families live near the mountain now.,contradiction,t_add_066,mul-086
2180,Summer is almost here and most animals are migrating back to cooler countries. There are 39 bird families living near a mountain. 71 new bird families joined them.,A total of 2781 bird families live near the mountain now.,contradiction,t_add_066,false-043
2181,Pinky the Pig bought 25 apples while Danny the Duck bought 50.,They have 25 apples altogether.,contradiction,t_add_067,sub-020
2182,Pinky the Pig bought 3 apples while Danny the Duck bought 30.,They have 90 apples altogether.,contradiction,t_add_067,mul-018
2183,Pinky the Pig bought 16 apples while Danny the Duck bought 18.,They have 288 apples altogether.,contradiction,t_add_067,mul-022
2184,Pinky the Pig bought 12 apples while Danny the Duck bought 180.,They have 15 apples altogether.,contradiction,t_add_067,div-037
2185,Pinky the Pig bought 260 apples while Danny the Duck bought 7020.,They have 27 apples altogether.,contradiction,t_add_067,div-064
2186,Pinky the Pig bought 51 apples while Danny the Duck bought 8313.,They have 163 apples altogether.,contradiction,t_add_067,div-067
2187,Pinky the Pig bought 56 apples while Danny the Duck bought 30296.,They have 541 apples altogether.,contradiction,t_add_067,div-078
2188,Pinky the Pig bought 740 apples while Danny the Duck bought 45880.,They have 62 apples altogether.,contradiction,t_add_067,div-084
2189,Olivia spent 78 dollars at a supermarket. She has 46 dollars left with her.,Olivia had 32 dollars initially.,contradiction,t_add_068,sub-028
2190,Olivia spent 10132 dollars at a supermarket. She has 9917 dollars left with her.,Olivia had 215 dollars initially.,contradiction,t_add_068,sub-078
2191,Olivia spent 9924 dollars at a supermarket. She has 9280 dollars left with her.,Olivia had 6464 dollars initially.,contradiction,t_add_068,false-073
2192,"Upon arriving at the school, Buddy immediately went to his teacher where he was introduced to all the third grade students in the school. There were 16 girl students and 18 boy students.",Buddy met 288 third graders in the school.,contradiction,t_add_070,mul-022
2193,"Upon arriving at the school, Buddy immediately went to his teacher where he was introduced to all the third grade students in the school. There were 250 girl students and 350 boy students.",Buddy met 87500 third graders in the school.,contradiction,t_add_070,mul-064
2194,There are 6 boys and 76 girls on the playground.,70 children are on the playground,contradiction,t_add_071,sub-027
2195,There are 12 boys and 180 girls on the playground.,168 children are on the playground,contradiction,t_add_071,sub-037
2196,There are 250 boys and 350 girls on the playground.,100 children are on the playground,contradiction,t_add_071,sub-049
2197,Kelly gives away 6 nintendo games. She still has 7 games left.,Kelly initially had 1 games.,contradiction,t_add_072,sub-005
2198,Kelly gives away 18 nintendo games. She still has 54 games left.,Kelly initially had 36 games.,contradiction,t_add_072,sub-022
2199,Kelly gives away 21709 nintendo games. She still has 49790 games left.,Kelly initially had 28081 games.,contradiction,t_add_072,sub-083
2200,Kelly gives away 4 nintendo games. She still has 140 games left.,Kelly initially had 10 games.,contradiction,t_add_072,false-011
2201,Pinky made 12 miniature pumpkin pies for everyone and Helen made 11.,They have 1 miniature pies in total.,contradiction,t_add_073,sub-010
2202,Pinky made 125000 miniature pumpkin pies for everyone and Helen made 20000.,They have 105000 miniature pies in total.,contradiction,t_add_073,sub-099
2203,Pinky made 9924 miniature pumpkin pies for everyone and Helen made 9280.,They have 6464 miniature pies in total.,contradiction,t_add_073,false-073
2204,Pinky made 46942 miniature pumpkin pies for everyone and Helen made 54572.,They have 10154 miniature pies in total.,contradiction,t_add_073,false-097
2205,Paul had some books. After selling 9222 in a garage sale he had 20 left.,Paul had 9202 books at the start.,contradiction,t_add_074,sub-075
2206,Paul had some books. After selling 47 in a garage sale he had 7 left.,Paul had 329 books at the start.,contradiction,t_add_074,mul-032
2207,Paul had some books. After selling 164 in a garage sale he had 85 left.,Paul had 13940 books at the start.,contradiction,t_add_074,mul-053
2208,Paul had some books. After selling 415 in a garage sale he had 32 left.,Paul had 13280 books at the start.,contradiction,t_add_074,mul-066
2209,Jorge scored 3 goals playing soccer last season and this season he scored 14 goals,The total number of goals Jorge scored is 11,contradiction,t_add_075,sub-011
2210,Jorge scored 85 goals playing soccer last season and this season he scored 164 goals,The total number of goals Jorge scored is 13940,contradiction,t_add_075,mul-053
2211,Jorge scored 679 goals playing soccer last season and this season he scored 465 goals,The total number of goals Jorge scored is 315735,contradiction,t_add_075,mul-069
2212,Jorge scored 904 goals playing soccer last season and this season he scored 524 goals,The total number of goals Jorge scored is 473696,contradiction,t_add_075,mul-071
2213,Jorge scored 51 goals playing soccer last season and this season he scored 8313 goals,The total number of goals Jorge scored is 163,contradiction,t_add_075,div-067
2214,Jorge scored 32 goals playing soccer last season and this season he scored 6000 goals,The total number of goals Jorge scored is 632000,contradiction,t_add_075,false-058
2215,Because of the decision Sofia asked the students to suggest specific types of food. 9 students suggested adding mashed potatoes while others suggested adding bacon to the menu. 3 more students suggested adding bacon than those that suggested mashed potatoes.,6 students suggested bacon.,contradiction,t_add_076,sub-008
2216,Because of the decision Sofia asked the students to suggest specific types of food. 2270 students suggested adding mashed potatoes while others suggested adding bacon to the menu. 677 more students suggested adding bacon than those that suggested mashed potatoes.,1593 students suggested bacon.,contradiction,t_add_076,sub-058
2217,"Helen's mother brought 23 hotdogs. After a few hours, Dylan's mother arrived with 333 hotdogs.",They have 310 hotdogs altogether.,contradiction,t_add_077,sub-038
2218,"Helen's mother brought 3 hotdogs. After a few hours, Dylan's mother arrived with 12 hotdogs.",They have 4 hotdogs altogether.,contradiction,t_add_077,div-008
2219,"Helen's mother brought 6 hotdogs. After a few hours, Dylan's mother arrived with 50760 hotdogs.",They have 5070 hotdogs altogether.,contradiction,t_add_077,false-028
2220,"Helen's mother brought 5000 hotdogs. After a few hours, Dylan's mother arrived with 7500 hotdogs.",They have 250 hotdogs altogether.,contradiction,t_add_077,false-069
2221,Lucy has 2 fish and then she buys 4 more fish,She has 8 fish now,contradiction,t_add_078,mul-003
2222,Lucy has 5 fish and then she buys 7 more fish,She has 35 fish now,contradiction,t_add_078,mul-010
2223,Lucy has 2 fish and then she buys 8930 more fish,She has 4465 fish now,contradiction,t_add_078,div-069
2224,Lucy has 57 fish and then she buys 5301 more fish,She has 933 fish now,contradiction,t_add_078,false-019
2225,Lucy has 27 fish and then she buys 41 more fish,She has 1177 fish now,contradiction,t_add_078,false-040
2226,"Because of the decision, Sofia asked the students to suggest specific types of food. 76666 students suggested adding mashed potatoes while 3560 suggested adding bacon to the menu.",73106 students participated in the suggestion of new food items.,contradiction,t_add_079,sub-090
2227,"Because of the decision, Sofia asked the students to suggest specific types of food. 2 students suggested adding mashed potatoes while 2 suggested adding bacon to the menu.",4 students participated in the suggestion of new food items.,contradiction,t_add_079,mul-000
2228,"Because of the decision, Sofia asked the students to suggest specific types of food. 61 students suggested adding mashed potatoes while 9 suggested adding bacon to the menu.",549 students participated in the suggestion of new food items.,contradiction,t_add_079,mul-037
2229,Next on his checklist is wax to stick the feathers together. He has 270 g of wax and right now he just needs 72 g.,The feathers require a total of 198 grams of wax.,contradiction,t_add_080,sub-036
2230,Next on his checklist is wax to stick the feathers together. He has 270 g of wax and right now he just needs 72 g.,The feathers require a total of 19440 grams of wax.,contradiction,t_add_080,mul-058
2231,Next on his checklist is wax to stick the feathers together. He has 7659 g of wax and right now he just needs 23 g.,The feathers require a total of 333 grams of wax.,contradiction,t_add_080,div-065
2232,Next on his checklist is wax to stick the feathers together. He has 5 g of wax and right now he just needs 5 g.,The feathers require a total of 55 grams of wax.,contradiction,t_add_080,false-036
2233,"After visiting France, Rachel's sister Bella, requested that they see the Buckingham Palace in London. They travelled 248 miles by land and 119 miles by sea across the English Channel.",They traveled a total distance of 29512 miles.,contradiction,t_add_081,mul-056
2234,"After visiting France, Rachel's sister Bella, requested that they see the Buckingham Palace in London. They travelled 44100 miles by land and 90 miles by sea across the English Channel.",They traveled a total distance of 4900 miles.,contradiction,t_add_081,false-027
2235,Dylan the Dog prepared 1600 hotdog sticks in a brown bag. His father placed 2400 more hotdog sticks in the same brown bag.,Dylan and his father placed 800 hotdog sticks in the brown bag.,contradiction,t_add_082,sub-059
2236,Dylan the Dog prepared 3533 hotdog sticks in a brown bag. His father placed 8656 more hotdog sticks in the same brown bag.,Dylan and his father placed 5123 hotdog sticks in the brown bag.,contradiction,t_add_082,sub-072
2237,"Sofia, president of the school student organization, held a meeting to talk about the food being served at the school cafeteria. The first order of business is to discuss whether the students like the food being served at the school. 87 students said that they like the food and 316 students said they didn't.",27492 students participated in the discussion.,contradiction,t_add_083,mul-060
2238,"Sofia, president of the school student organization, held a meeting to talk about the food being served at the school cafeteria. The first order of business is to discuss whether the students like the food being served at the school. 33 students said that they like the food and 363 students said they didn't.",11 students participated in the discussion.,contradiction,t_add_083,div-043
2239,"Sofia, president of the school student organization, held a meeting to talk about the food being served at the school cafeteria. The first order of business is to discuss whether the students like the food being served at the school. 3 students said that they like the food and 12 students said they didn't.",14 students participated in the discussion.,contradiction,t_add_083,false-001
2240,"Sofia, president of the school student organization, held a meeting to talk about the food being served at the school cafeteria. The first order of business is to discuss whether the students like the food being served at the school. 8 students said that they like the food and 48 students said they didn't.",12 students participated in the discussion.,contradiction,t_add_083,false-005
2241,"It's spring break at Rosewood High so Rachel and her family decided to take a trip across Europe. Since Rachel has always been fascinated by the French people, they began their tour with a visit to France. During their stay there, Rachel went to the famous Eiffel Tower. She climbed 7 flights of stairs going up and 6 going down.",Rachel took a total of 1 steps.,contradiction,t_add_084,sub-005
2242,Jason has 248 Pokemon cards  and Alyssa bought Jason 119 new Pokemon cards ,Jason has 129 Pokemon cards now,contradiction,t_add_085,sub-035
2243,Jason has 915 Pokemon cards  and Alyssa bought Jason 800 new Pokemon cards ,Jason has 115 Pokemon cards now,contradiction,t_add_085,sub-052
2244,Jason has 61226 Pokemon cards  and Alyssa bought Jason 12886 new Pokemon cards ,Jason has 48340 Pokemon cards now,contradiction,t_add_085,sub-086
2245,Jason has 50 Pokemon cards  and Alyssa bought Jason 25 new Pokemon cards ,Jason has 1250 Pokemon cards now,contradiction,t_add_085,mul-034
2246,Jason has 73 Pokemon cards  and Alyssa bought Jason 35 new Pokemon cards ,Jason has 2555 Pokemon cards now,contradiction,t_add_085,mul-043
2247,Jason has 54 Pokemon cards  and Alyssa bought Jason 18 new Pokemon cards ,Jason has 3 Pokemon cards now,contradiction,t_add_085,div-021
2248,Jason has 6000 Pokemon cards  and Alyssa bought Jason 32 new Pokemon cards ,Jason has 632000 Pokemon cards now,contradiction,t_add_085,false-058
2249,A pet supply store has 123456 bags of dog food and they receive 56789 bags of cat food.,There are 66667 bags,contradiction,t_add_086,sub-098
2250,"Feeling good about what he did, Mr. Anderson decided to continue giving to others. He went around the city and gave clothes to homeless people. He gave 10679 shirts and 7945 trousers.",Mr. Anderson gave out a total of 2734 pieces of clothing.,contradiction,t_add_087,sub-079
2251,"Feeling good about what he did, Mr. Anderson decided to continue giving to others. He went around the city and gave clothes to homeless people. He gave 30 shirts and 3 trousers.",Mr. Anderson gave out a total of 90 pieces of clothing.,contradiction,t_add_087,mul-018
2252,"Feeling good about what he did, Mr. Anderson decided to continue giving to others. He went around the city and gave clothes to homeless people. He gave 6000 shirts and 32 trousers.",Mr. Anderson gave out a total of 192000 pieces of clothing.,contradiction,t_add_087,mul-095
2253,"Feeling good about what he did, Mr. Anderson decided to continue giving to others. He went around the city and gave clothes to homeless people. He gave 1 shirts and 1 trousers.",Mr. Anderson gave out a total of 1 pieces of clothing.,contradiction,t_add_087,div-000
2254,"Feeling good about what he did, Mr. Anderson decided to continue giving to others. He went around the city and gave clothes to homeless people. He gave 5 shirts and 5 trousers.",Mr. Anderson gave out a total of 505 pieces of clothing.,contradiction,t_add_087,false-037
2255,It's getting dark so he decided to take one last stop. He took a cab to the Metropolitan Museum of Art. He saw 3 pieces of Asian art and 4 pieces of Egyptian art.,He saw 1 pieces of art.,contradiction,t_add_088,sub-000
2256,It's getting dark so he decided to take one last stop. He took a cab to the Metropolitan Museum of Art. He saw 800 pieces of Asian art and 915 pieces of Egyptian art.,He saw 115 pieces of art.,contradiction,t_add_088,sub-052
2257,It's getting dark so he decided to take one last stop. He took a cab to the Metropolitan Museum of Art. He saw 33 pieces of Asian art and 11 pieces of Egyptian art.,He saw 363 pieces of art.,contradiction,t_add_088,mul-017
2258,It's getting dark so he decided to take one last stop. He took a cab to the Metropolitan Museum of Art. He saw 743 pieces of Asian art and 248 pieces of Egyptian art.,He saw 184264 pieces of art.,contradiction,t_add_088,mul-057
2259,It's getting dark so he decided to take one last stop. He took a cab to the Metropolitan Museum of Art. He saw 4 pieces of Asian art and 2500 pieces of Egyptian art.,He saw 10000 pieces of art.,contradiction,t_add_088,mul-087
2260,Sally had 8 quarters in her bank and she received 17 more quarters,She has 9 quarters now,contradiction,t_add_089,sub-013
2261,Sally had 44542 quarters in her bank and she received 60874 more quarters,She has 16332 quarters now,contradiction,t_add_089,sub-085
2262,Sally had 3 quarters in her bank and she received 3 more quarters,She has 9 quarters now,contradiction,t_add_089,mul-002
2263,Next on his list is the famous Empire State Building. There he learned that the building stands 57 feet to the top floor and the antenna spire is 49 feet.,"The Empire State Building is 1,454 feet tall.",contradiction,t_add_090,sub-021
2264,Next on his list is the famous Empire State Building. There he learned that the building stands 4 feet to the top floor and the antenna spire is 3 feet.,"The Empire State Building is 1,454 feet tall.",contradiction,t_add_090,mul-004
2265,Next on his list is the famous Empire State Building. There he learned that the building stands 65 feet to the top floor and the antenna spire is 13 feet.,"The Empire State Building is 1,454 feet tall.",contradiction,t_add_090,div-027
2266,Next on his list is the famous Empire State Building. There he learned that the building stands 45880 feet to the top floor and the antenna spire is 740 feet.,"The Empire State Building is 1,454 feet tall.",contradiction,t_add_090,div-084
2267,Next on his list is the famous Empire State Building. There he learned that the building stands 57897 feet to the top floor and the antenna spire is 63 feet.,"The Empire State Building is 1,454 feet tall.",contradiction,t_add_090,div-088
2268,Next on his list is the famous Empire State Building. There he learned that the building stands 5301 feet to the top floor and the antenna spire is 57 feet.,"The Empire State Building is 1,454 feet tall.",contradiction,t_add_090,false-018
2269,Next on his list is the famous Empire State Building. There he learned that the building stands 41128 feet to the top floor and the antenna spire is 776 feet.,"The Empire State Building is 1,454 feet tall.",contradiction,t_add_090,false-025
2270,Next on his list is the famous Empire State Building. There he learned that the building stands 9 feet to the top floor and the antenna spire is 2 feet.,"The Empire State Building is 1,454 feet tall.",contradiction,t_add_090,false-061
2271,Darius drove 56 miles to visit his grandmother and Julia drove 22 miles to visit her grandmother,The total number of miles Darius and Julia drove is 1232,contradiction,t_add_091,mul-023
2272,Darius drove 591 miles to visit his grandmother and Julia drove 682 miles to visit her grandmother,The total number of miles Darius and Julia drove is 403062,contradiction,t_add_091,mul-078
2273,Darius drove 3 miles to visit his grandmother and Julia drove 30 miles to visit her grandmother,The total number of miles Darius and Julia drove is 10,contradiction,t_add_091,div-014
2274,Darius drove 8 miles to visit his grandmother and Julia drove 136 miles to visit her grandmother,The total number of miles Darius and Julia drove is 17,contradiction,t_add_091,div-035
2275,Darius drove 740 miles to visit his grandmother and Julia drove 45880 miles to visit her grandmother,The total number of miles Darius and Julia drove is 62,contradiction,t_add_091,div-084
2276,"Jazmin had 623 dolls and Geraldine had 817 dolls, and they put their dolls together",They would have 194 dolls ,contradiction,t_add_092,sub-050
2277,"Jazmin had 3 dolls and Geraldine had 30 dolls, and they put their dolls together",They would have 90 dolls ,contradiction,t_add_092,mul-018
2278,"Jazmin had 3 dolls and Geraldine had 12 dolls, and they put their dolls together",They would have 5 dolls ,contradiction,t_add_092,false-000
2279,"Jazmin had 3 dolls and Geraldine had 12 dolls, and they put their dolls together",They would have 14 dolls ,contradiction,t_add_092,false-001
2280,"Jazmin had 71 dolls and Geraldine had 39 dolls, and they put their dolls together",They would have 2679 dolls ,contradiction,t_add_092,false-042
2281,"A cell phone company has a total of 14 customers across the world, and they get 3 more customers in the United States",They will have 11 total customers ,contradiction,t_add_093,sub-011
2282,"A cell phone company has a total of 80 customers across the world, and they get 47 more customers in the United States",They will have 33 total customers ,contradiction,t_add_093,sub-029
2283,"A cell phone company has a total of 61 customers across the world, and they get 9 more customers in the United States",They will have 549 total customers ,contradiction,t_add_093,mul-037
2284,"A cell phone company has a total of 3777 customers across the world, and they get 75 more customers in the United States",They will have 283275 total customers ,contradiction,t_add_093,mul-091
2285,"A cell phone company has a total of 3 customers across the world, and they get 3 more customers in the United States",They will have 1 total customers ,contradiction,t_add_093,div-001
2286,"A cell phone company has a total of 14 customers across the world, and they get 7 more customers in the United States",They will have 2 total customers ,contradiction,t_add_093,div-009
2287,"A cell phone company has a total of 248 customers across the world, and they get 743 more customers in the United States",They will have 126484 total customers ,contradiction,t_add_093,false-053
2288,"There is a snail problem in Centerville. People work together to get rid 6967 snails, but 7654 of them remain.",There were originally 687 snails in Centerville.,contradiction,t_add_096,sub-070
2289,"There is a snail problem in Centerville. People work together to get rid 2 snails, but 8930 of them remain.",There were originally 17860 snails in Centerville.,contradiction,t_add_096,mul-088
2290,"There is a snail problem in Centerville. People work together to get rid 64 snails, but 2865 of them remain.",There were originally 183360 snails in Centerville.,contradiction,t_add_096,mul-090
2291,"There is a snail problem in Centerville. People work together to get rid 56789 snails, but 123456 of them remain.",There were originally 12345 snails in Centerville.,contradiction,t_add_096,false-078
2292,The Richmond Tigers sold tickets last season and they sold 123456 tickets at the gate and then an additional 56789 tickets online,66667 tickets were sold in total,contradiction,t_add_097,sub-098
2293,The Richmond Tigers sold tickets last season and they sold 316 tickets at the gate and then an additional 87 tickets online,27492 tickets were sold in total,contradiction,t_add_097,mul-060
2294,The Richmond Tigers sold tickets last season and they sold 839 tickets at the gate and then an additional 31 tickets online,26009 tickets were sold in total,contradiction,t_add_097,mul-081
2295,The Richmond Tigers sold tickets last season and they sold 42 tickets at the gate and then an additional 3 tickets online,14 tickets were sold in total,contradiction,t_add_097,div-017
2296,The Richmond Tigers sold tickets last season and they sold 456 tickets at the gate and then an additional 6 tickets online,76 tickets were sold in total,contradiction,t_add_097,div-044
2297,The Richmond Tigers sold tickets last season and they sold 2500 tickets at the gate and then an additional 4 tickets online,625 tickets were sold in total,contradiction,t_add_097,div-054
2298,The Richmond Tigers sold tickets last season and they sold 35304 tickets at the gate and then an additional 17386 tickets online,18148 tickets were sold in total,contradiction,t_add_097,false-074
2299,"A dust storm sweeps across the prairie and it covers 18 acres of the prairie in the dust, and leaves 5 acres untouched",90 acres are in the prarie,contradiction,t_add_098,mul-016
2300,"A dust storm sweeps across the prairie and it covers 57 acres of the prairie in the dust, and leaves 49 acres untouched",2793 acres are in the prarie,contradiction,t_add_098,mul-035
2301,"There were originally 3 houses in Lincoln County  and During a housing boom , developers built 10 ",7 houses are there now in Lincoln County ,contradiction,t_add_099,sub-009
2302,"There were originally 46 houses in Lincoln County  and During a housing boom , developers built 3588 ",78 houses are there now in Lincoln County ,contradiction,t_add_099,div-058
2303,Allan and Jake brought 2470 balloons to the park. Allan brought 9992 balloons.,Jake brought 12462 balloon to the park.,contradiction,t_sub_000,add-064
2304,Allan and Jake brought 350 balloons to the park. Allan brought 250 balloons.,Jake brought 87500 balloon to the park.,contradiction,t_sub_000,mul-064
2305,Allan and Jake brought 670 balloons to the park. Allan brought 169 balloons.,Jake brought 113230 balloon to the park.,contradiction,t_sub_000,mul-077
2306,Allan and Jake brought 5220 balloons to the park. Allan brought 87 balloons.,Jake brought 60 balloon to the park.,contradiction,t_sub_000,div-060
2307,Allan and Jake brought 30296 balloons to the park. Allan brought 56 balloons.,Jake brought 541 balloon to the park.,contradiction,t_sub_000,div-078
2308,7 raccoons are playing in the woods. 6 go home to eat dinner.,13 raccoon is left in the woods.,contradiction,t_sub_001,add-016
2309,26 raccoons are playing in the woods. 77 go home to eat dinner.,103 raccoon is left in the woods.,contradiction,t_sub_001,add-029
2310,7195 raccoons are playing in the woods. 713 go home to eat dinner.,7908 raccoon is left in the woods.,contradiction,t_sub_001,add-078
2311,10447 raccoons are playing in the woods. 53292 go home to eat dinner.,63739 raccoon is left in the woods.,contradiction,t_sub_001,add-083
2312,81 raccoons are playing in the woods. 9 go home to eat dinner.,729 raccoon is left in the woods.,contradiction,t_sub_001,mul-050
2313,81 raccoons are playing in the woods. 9 go home to eat dinner.,9 raccoon is left in the woods.,contradiction,t_sub_001,div-028
2314,9462 raccoons are playing in the woods. 57 go home to eat dinner.,166 raccoon is left in the woods.,contradiction,t_sub_001,div-071
2315,3777 raccoons are playing in the woods. 75 go home to eat dinner.,283720 raccoon is left in the woods.,contradiction,t_sub_001,false-057
2316,2 raccoons are playing in the woods. 8 go home to eat dinner.,12 raccoon is left in the woods.,contradiction,t_sub_001,false-081
2317,Every day Ryan spends 83 hours on learning english and some more hours on learning chinese. He spends a total of 3878 hours on learning english and chinese everyday.,Ryan spends 3961 hour on learning Chinese.,contradiction,t_sub_002,add-067
2318,There were some birds sitting on the fence. 98 more birds came to join them. There are a total of 357 birds on the fence now.,There was 455 bird sitting on the fence at the start.,contradiction,t_sub_003,add-045
2319,There were some birds sitting on the fence. 5 more birds came to join them. There are a total of 35 birds on the fence now.,There was 175 bird sitting on the fence at the start.,contradiction,t_sub_003,mul-026
2320,There were some birds sitting on the fence. 276 more birds came to join them. There are a total of 934 birds on the fence now.,There was 257784 bird sitting on the fence at the start.,contradiction,t_sub_003,mul-083
2321,There were some birds sitting on the fence. 6 more birds came to join them. There are a total of 50760 birds on the fence now.,There was 8460 bird sitting on the fence at the start.,contradiction,t_sub_003,div-087
2322,Dave had 2 apps on his phone. After adding some he had 4 left.,Dave added 6 app.,contradiction,t_sub_004,add-008
2323,2050 birds were sitting on the fence and 1830 more birds flew away,3880 birds are now sitting on the fence,contradiction,t_sub_005,add-062
2324,5527 birds were sitting on the fence and 9 more birds flew away,49743 birds are now sitting on the fence,contradiction,t_sub_005,mul-094
2325,44100 birds were sitting on the fence and 90 more birds flew away,490 birds are now sitting on the fence,contradiction,t_sub_005,div-083
2326,41128 birds were sitting on the fence and 776 more birds flew away,55 birds are now sitting on the fence,contradiction,t_sub_005,false-025
2327,For a potluck lunch Debby brought 126 bottles of soda. Everyone only drank 9 of the sodas.,Debby had to take 14 sodas back home.,contradiction,t_sub_006,div-032
2328,For a potluck lunch Debby brought 69 bottles of soda. Everyone only drank 81 of the sodas.,Debby had to take 5859 sodas back home.,contradiction,t_sub_006,false-045
2329,Janet's dad took the family out to eat for her birthday. There were 84 people total. There were 14 kids and everyone else was an adult.,There were 6 adults.,contradiction,t_sub_007,div-029
2330,Janet's dad took the family out to eat for her birthday. There were 2 people total. There were 8 kids and everyone else was an adult.,There were 12 adults.,contradiction,t_sub_007,false-081
2331,A grocery store had a total of 6 bottles of which 3 were bottles of regular soda and the rest were bottles of diet soda.,They had 18 bottles of diet soda.,contradiction,t_sub_008,mul-012
2332,A grocery store had a total of 6000 bottles of which 32 were bottles of regular soda and the rest were bottles of diet soda.,They had 192000 bottles of diet soda.,contradiction,t_sub_008,mul-095
2333,Carol collects 12 peanuts and she gives her father 11 peanuts.,Carol has 132 peanuts left,contradiction,t_sub_009,mul-019
2334,Carol collects 69 peanuts and she gives her father 81 peanuts.,Carol has 5589 peanuts left,contradiction,t_sub_009,mul-042
2335,Carol collects 78 peanuts and she gives her father 46 peanuts.,Carol has 3588 peanuts left,contradiction,t_sub_009,mul-045
2336,Carol collects 35 peanuts and she gives her father 5 peanuts.,Carol has 7 peanuts left,contradiction,t_sub_009,div-015
2337,Carol collects 48 peanuts and she gives her father 8 peanuts.,Carol has 6 peanuts left,contradiction,t_sub_009,div-019
2338,Carol collects 44100 peanuts and she gives her father 90 peanuts.,Carol has 90 peanuts left,contradiction,t_sub_009,false-026
2339,Rachel picked 7 apples from her tree. The tree had 1 apples initially.,There are 8 apples still on the tree.,contradiction,t_sub_010,add-001
2340,Rachel picked 660 apples from her tree. The tree had 200 apples initially.,There are 860 apples still on the tree.,contradiction,t_sub_010,add-044
2341,Rachel picked 11 apples from her tree. The tree had 12 apples initially.,There are 132 apples still on the tree.,contradiction,t_sub_010,mul-019
2342,Rachel picked 56 apples from her tree. The tree had 541 apples initially.,There are 30296 apples still on the tree.,contradiction,t_sub_010,mul-072
2343,Rachel had to complete 73276 pages of math homework. She had to complete 73276 more pages of math homework than reading homework.,Rachel had to complete 146552 pages of reading homework.,contradiction,t_sub_011,add-096
2344,Connie had 7 marbles and she gave 5 to Juan,Connie has 35 marbles now,contradiction,t_sub_012,mul-010
2345,Connie had 16 marbles and she gave 8 to Juan,Connie has 128 marbles now,contradiction,t_sub_012,mul-021
2346,Connie had 75292 marbles and she gave 18823 to Juan,Connie has 4 marbles now,contradiction,t_sub_012,div-097
2347,Connie had 1250 marbles and she gave 25 to Juan,Connie has 1000 marbles now,contradiction,t_sub_012,false-016
2348,Connie had 50760 marbles and she gave 6 to Juan,Connie has 846 marbles now,contradiction,t_sub_012,false-029
2349,Joan is baking a cake. The recipe calls for 945 cups of flour. She already put in 97 cups.,Joan needs to add 1042 more cups.,contradiction,t_sub_013,add-059
2350,Joan is baking a cake. The recipe calls for 59111 cups of flour. She already put in 58298 cups.,Joan needs to add 117409 more cups.,contradiction,t_sub_013,add-092
2351,Joan is baking a cake. The recipe calls for 8 cups of flour. She already put in 9 cups.,Joan needs to add 72 more cups.,contradiction,t_sub_013,mul-013
2352,Joan is baking a cake. The recipe calls for 73 cups of flour. She already put in 35 cups.,Joan needs to add 2555 more cups.,contradiction,t_sub_013,mul-043
2353,Joan is baking a cake. The recipe calls for 248 cups of flour. She already put in 743 cups.,Joan needs to add 184264 more cups.,contradiction,t_sub_013,mul-057
2354,Joan is baking a cake. The recipe calls for 335 cups of flour. She already put in 537 cups.,Joan needs to add 179895 more cups.,contradiction,t_sub_013,mul-062
2355,Katie had 62 math problems for homework. She finished 2 of them on the bus ride home.,Katie has 64 math problems left to do.,contradiction,t_sub_014,add-035
2356,Katie had 89 math problems for homework. She finished 417 of them on the bus ride home.,Katie has 506 math problems left to do.,contradiction,t_sub_014,add-040
2357,Katie had 6903 math problems for homework. She finished 220 of them on the bus ride home.,Katie has 7123 math problems left to do.,contradiction,t_sub_014,add-076
2358,There are 69 different books in the 'Crazy Silly School' series. You read 81 of the books.,You still have 5589 books to read.,contradiction,t_sub_015,mul-042
2359,There are 60000 different books in the 'Crazy Silly School' series. You read 200 of the books.,You still have 300 books to read.,contradiction,t_sub_015,div-089
2360,There are 9 different books in the 'Crazy Silly School' series. You read 2 of the books.,You still have 20 books to read.,contradiction,t_sub_015,false-061
2361,Robin's hair was 4087 inches long. He cut off some inches of her hair. His hair is now 7337 inches long.,Robin cut 11424 inches of his hair.,contradiction,t_sub_016,add-068
2362,Robin's hair was 329 inches long. He cut off some inches of her hair. His hair is now 7 inches long.,Robin cut 47 inches of his hair.,contradiction,t_sub_016,div-042
2363,Robin's hair was 17 inches long. He cut off some inches of her hair. His hair is now 8 inches long.,Robin cut 17 inches of his hair.,contradiction,t_sub_016,false-063
2364,Robin's hair was 4087 inches long. He cut off some inches of her hair. His hair is now 7337 inches long.,Robin cut 1424 inches of his hair.,contradiction,t_sub_016,false-093
2365,Baker sold 7 cakes. He had made 47 cakes initially.,Baker would still have 329 cakes.,contradiction,t_sub_017,mul-032
2366,Baker sold 9 cakes. He had made 63 cakes initially.,Baker would still have 567 cakes.,contradiction,t_sub_017,mul-040
2367,Baker sold 276 cakes. He had made 934 cakes initially.,Baker would still have 257784 cakes.,contradiction,t_sub_017,mul-083
2368,Jose starts with 1 bottle caps and he gives 9 to Rebecca,Jose has 10 bottle caps left,contradiction,t_sub_018,add-002
2369,Jose starts with 63 bottle caps and he gives 9 to Rebecca,Jose has 567 bottle caps left,contradiction,t_sub_018,mul-040
2370,Jose starts with 3 bottle caps and he gives 3 to Rebecca,Jose has 1 bottle caps left,contradiction,t_sub_018,div-001
2371,Jose starts with 335 bottle caps and he gives 537 to Rebecca,Jose has 17989 bottle caps left,contradiction,t_sub_018,false-049
2372,At the arcade Dave had won 83 tickets. He used some tickets to buy toys. He still has 35 tickets left.,Dave used 2905 tickets to buy toys.,contradiction,t_sub_019,mul-047
2373,At the arcade Dave had won 992 tickets. He used some tickets to buy toys. He still has 845 tickets left.,Dave used 838240 tickets to buy toys.,contradiction,t_sub_019,mul-085
2374,Jason had 2 Pokemon cards  and he gave 2 to his friends ,He has 4 Pokemon cards now,contradiction,t_sub_020,add-003
2375,Jason had 18 Pokemon cards  and he gave 5 to his friends ,He has 90 Pokemon cards now,contradiction,t_sub_020,mul-016
2376,Jason had 3588 Pokemon cards  and he gave 46 to his friends ,He has 78 Pokemon cards now,contradiction,t_sub_020,div-058
2377,Jason had 50760 Pokemon cards  and he gave 6 to his friends ,He has 846 Pokemon cards now,contradiction,t_sub_020,false-029
2378,Haley bought 7 new shirts for school. She returned 6 of them.,Haley ended up with 13 new shirts.,contradiction,t_sub_021,add-016
2379,Haley bought 62 new shirts for school. She returned 740 of them.,Haley ended up with 802 new shirts.,contradiction,t_sub_021,add-036
2380,Haley bought 8930 new shirts for school. She returned 2 of them.,Haley ended up with 17860 new shirts.,contradiction,t_sub_021,mul-088
2381,Haley bought 42 new shirts for school. She returned 6 of them.,Haley ended up with 7 new shirts.,contradiction,t_sub_021,div-018
2382,Haley bought 62 new shirts for school. She returned 2 of them.,Haley ended up with 31 new shirts.,contradiction,t_sub_021,div-024
2383,Haley bought 70000 new shirts for school. She returned 7 of them.,Haley ended up with 77 new shirts.,contradiction,t_sub_021,false-032
2384,Joan 's cat had 2 kittens  and she gave 2 to her friends ,She has 4 kittens now,contradiction,t_sub_022,add-003
2385,Joan 's cat had 47 kittens  and she gave 7 to her friends ,She has 329 kittens now,contradiction,t_sub_022,mul-032
2386,Joan 's cat had 465 kittens  and she gave 679 to her friends ,She has 315735 kittens now,contradiction,t_sub_022,mul-069
2387,Adam has 23 more apples than jackie. Adam has 7659 apples.,Jackie has 176157 apples.,contradiction,t_sub_023,mul-097
2388,Adam has 86 more apples than jackie. Adam has 65876 apples.,Jackie has 766 apples.,contradiction,t_sub_023,div-092
2389,A restaurant made 600 hamburgers to serve during lunch  and only 500 were actually served ,300000 hamburgers were left over from lunch ,contradiction,t_sub_024,mul-075
2390,A restaurant made 456 hamburgers to serve during lunch  and only 6 were actually served ,76 hamburgers were left over from lunch ,contradiction,t_sub_024,div-044
2391,A restaurant made 2500 hamburgers to serve during lunch  and only 4 were actually served ,625 hamburgers were left over from lunch ,contradiction,t_sub_024,div-054
2392,A restaurant made 35109 hamburgers to serve during lunch  and only 47 were actually served ,747 hamburgers were left over from lunch ,contradiction,t_sub_024,div-079
2393,Oliver won 14 tickets playing games at the arcade. He spent 7 tickets buying a water gun.,Oliver had 98 tickets left.,contradiction,t_sub_025,mul-020
2394,You have read 8 books from the ' crazy silly school ' series. There are a total of 2 different books in the ' crazy silly school ' series.,You still have to read 10 more books.,contradiction,t_sub_026,add-006
2395,You have read 1 books from the ' crazy silly school ' series. There are a total of 7 different books in the ' crazy silly school ' series.,You still have to read 8 more books.,contradiction,t_sub_026,add-014
2396,You have read 1906 books from the ' crazy silly school ' series. There are a total of 7762 different books in the ' crazy silly school ' series.,You still have to read 9668 more books.,contradiction,t_sub_026,add-080
2397,Isabella's hair is 3 inches long. By the end of the year her hair is 30 inches long.,Isabella grew 33 inches of hair.,contradiction,t_sub_027,add-026
2398,Isabella's hair is 5 inches long. By the end of the year her hair is 4 inches long.,Isabella grew 20 inches of hair.,contradiction,t_sub_027,mul-005
2399,Isabella's hair is 56 inches long. By the end of the year her hair is 22 inches long.,Isabella grew 1232 inches of hair.,contradiction,t_sub_027,mul-023
2400,Isabella's hair is 57 inches long. By the end of the year her hair is 5301 inches long.,Isabella grew 933 inches of hair.,contradiction,t_sub_027,false-019
2401,Isabella's hair is 32 inches long. By the end of the year her hair is 6000 inches long.,Isabella grew 632000 inches of hair.,contradiction,t_sub_027,false-058
2402,8 ducks are swimming in a lake and 2 ducks leave,10 ducks are swimming in the lake,contradiction,t_sub_028,add-018
2403,436 ducks are swimming in a lake and 396 ducks leave,832 ducks are swimming in the lake,contradiction,t_sub_028,add-048
2404,2255 ducks are swimming in a lake and 548 ducks leave,2803 ducks are swimming in the lake,contradiction,t_sub_028,add-063
2405,3740 ducks are swimming in a lake and 1330 ducks leave,5070 ducks are swimming in the lake,contradiction,t_sub_028,add-066
2406,52384 ducks are swimming in a lake and 85341 ducks leave,137725 ducks are swimming in the lake,contradiction,t_sub_028,add-091
2407,53 ducks are swimming in a lake and 776 ducks leave,876 ducks are swimming in the lake,contradiction,t_sub_028,false-086
2408,There were some roses in the vase. Jessica cut 8 more roses from her flower garden and put them in the vase. There are now 6 roses in the vase.,There were 14 roses in the vase at the beginning.,contradiction,t_sub_029,add-013
2409,There were some roses in the vase. Jessica cut 16 more roses from her flower garden and put them in the vase. There are now 288 roses in the vase.,There were 16 roses in the vase at the beginning.,contradiction,t_sub_029,false-013
2410,Bobby ate 16 pieces of candy. He initially had 18 pieces of candy.,Bobby still has 34 pieces of candy left.,contradiction,t_sub_031,add-027
2411,Bobby ate 396 pieces of candy. He initially had 436 pieces of candy.,Bobby still has 832 pieces of candy left.,contradiction,t_sub_031,add-048
2412,Bobby ate 220 pieces of candy. He initially had 6903 pieces of candy.,Bobby still has 7123 pieces of candy left.,contradiction,t_sub_031,add-076
2413,Bobby ate 776 pieces of candy. He initially had 53 pieces of candy.,Bobby still has 876 pieces of candy left.,contradiction,t_sub_031,false-086
2414,Bobby ate 9018 pieces of candy. He initially had 4149 pieces of candy.,Bobby still has 1316 pieces of candy left.,contradiction,t_sub_031,false-094
2415,After finding some bottle caps at the park danny has 200 bottle caps in his collection. He had 625 bottle caps in his collection earlier.,Danny found 825 bottle caps at the park.,contradiction,t_sub_032,add-043
2416,After finding some bottle caps at the park danny has 9222 bottle caps in his collection. He had 20 bottle caps in his collection earlier.,Danny found 9242 bottle caps at the park.,contradiction,t_sub_032,add-082
2417,After finding some bottle caps at the park danny has 626 bottle caps in his collection. He had 59 bottle caps in his collection earlier.,Danny found 36934 bottle caps at the park.,contradiction,t_sub_032,mul-076
2418,David did 2 more push-ups than Zachary in gym class today. David did 2 push-ups.,Zachary did 4 push-ups.,contradiction,t_sub_033,mul-000
2419,David did 23 more push-ups than Zachary in gym class today. David did 333 push-ups.,Zachary did 7659 push-ups.,contradiction,t_sub_033,mul-061
2420,David did 13 more push-ups than Zachary in gym class today. David did 1105 push-ups.,Zachary did 85 push-ups.,contradiction,t_sub_033,div-048
2421,David did 90 more push-ups than Zachary in gym class today. David did 44100 push-ups.,Zachary did 90 push-ups.,contradiction,t_sub_033,false-026
2422,David did 73360 more push-ups than Zachary in gym class today. David did 64237 push-ups.,Zachary did 133457 push-ups.,contradiction,t_sub_033,false-099
2423,Robin bought 2 sodas for her and her friends. They only drank 3 of them.,Robin had 5 extras.,contradiction,t_sub_034,add-004
2424,Josh lost 904 marbles. He had 524 marbles in his collection earlier.,Josh has 473696 marbles now.,contradiction,t_sub_035,mul-071
2425,Josh lost 250 marbles. He had 87500 marbles in his collection earlier.,Josh has 250 marbles now.,contradiction,t_sub_035,false-034
2426,Josh lost 5 marbles. He had 5 marbles in his collection earlier.,Josh has 505 marbles now.,contradiction,t_sub_035,false-037
2427,Josh lost 632 marbles. He had 560 marbles in his collection earlier.,Josh has 112 marbles now.,contradiction,t_sub_035,false-089
2428,There were 97 boys and 945 girls on the playground at recess and each boy went back inside paired with a girl,1042 children were left on the playground now,contradiction,t_sub_036,add-059
2429,There were 73360 boys and 64237 girls on the playground at recess and each boy went back inside paired with a girl,137597 children were left on the playground now,contradiction,t_sub_036,add-093
2430,There were 500 boys and 600 girls on the playground at recess and each boy went back inside paired with a girl,300000 children were left on the playground now,contradiction,t_sub_036,mul-075
2431,There were 2 boys and 18 girls on the playground at recess and each boy went back inside paired with a girl,9 children were left on the playground now,contradiction,t_sub_036,div-011
2432,There were 83 boys and 46729 girls on the playground at recess and each boy went back inside paired with a girl,563 children were left on the playground now,contradiction,t_sub_036,div-085
2433,Brian ran around the school track in 7 seconds. Todd ran around it in 1 seconds.,It took Todd 8 fewer seconds to run around the track.,contradiction,t_sub_037,add-014
2434,Brian ran around the school track in 22 seconds. Todd ran around it in 56 seconds.,It took Todd 1232 fewer seconds to run around the track.,contradiction,t_sub_037,mul-023
2435,Isabella's hair is 7 inches long. She gets a haircut and now her hair is 5 inches long.,Isabella cut off 35 inches of her hair.,contradiction,t_sub_038,mul-010
2436,Isabella's hair is 9 inches long. She gets a haircut and now her hair is 9 inches long.,Isabella cut off 81 inches of her hair.,contradiction,t_sub_038,mul-014
2437,Isabella's hair is 60 inches long. She gets a haircut and now her hair is 87 inches long.,Isabella cut off 5220 inches of her hair.,contradiction,t_sub_038,mul-036
2438,Isabella's hair is 42 inches long. She gets a haircut and now her hair is 6 inches long.,Isabella cut off 7 inches of her hair.,contradiction,t_sub_038,div-018
2439,There are 2040 students in Mrs. Riley's class but she only has 2040 pencils.,Mrs. Riley needs 4080 more pencils.,contradiction,t_sub_039,add-061
2440,There are 2 students in Mrs. Riley's class but she only has 2 pencils.,Mrs. Riley needs 4 more pencils.,contradiction,t_sub_039,mul-000
2441,There are 35 students in Mrs. Riley's class but she only has 5 pencils.,Mrs. Riley needs 175 more pencils.,contradiction,t_sub_039,mul-026
2442,There are 2002 students in Mrs. Riley's class but she only has 77 pencils.,Mrs. Riley needs 26 more pencils.,contradiction,t_sub_039,div-052
2443,The Empire State Building is 3 meters tall and the Petronas Towers are 9 meters tall.,The height difference is 12 meters.,contradiction,t_sub_040,add-019
2444,The Empire State Building is 16 meters tall and the Petronas Towers are 288 meters tall.,The height difference is 16 meters.,contradiction,t_sub_040,false-013
2445,The Empire State Building is 25 meters tall and the Petronas Towers are 1250 meters tall.,The height difference is 5 meters.,contradiction,t_sub_040,false-017
2446,The Empire State Building is 90 meters tall and the Petronas Towers are 44100 meters tall.,The height difference is 4900 meters.,contradiction,t_sub_040,false-027
2447,The Empire State Building is 250 meters tall and the Petronas Towers are 87500 meters tall.,The height difference is 3500 meters.,contradiction,t_sub_040,false-035
2448,The Empire State Building is 77 meters tall and the Petronas Towers are 26 meters tall.,The height difference is 99 meters.,contradiction,t_sub_040,false-084
2449,The Empire State Building is 77 meters tall and the Petronas Towers are 26 meters tall.,The height difference is 301 meters.,contradiction,t_sub_040,false-085
2450,Edward had $ 2793. He spent some money. Now he has $ 49.,Edward spent $136857.,contradiction,t_sub_041,mul-089
2451,Edward had $ 65876. He spent some money. Now he has $ 86.,Edward spent $766.,contradiction,t_sub_041,div-092
2452,Edward had $ 468. He spent some money. Now he has $ 13.,Edward spent $63.,contradiction,t_sub_041,false-014
2453,Edward had $ 19440. He spent some money. Now he has $ 72.,Edward spent $19772.,contradiction,t_sub_041,false-023
2454,"At Mrs. Hilt's house, there was 8460 inches of snow, and Brecknock Elementary School received 6 inches of snow.",Mrs. Hilt's house had 50760 inches more snow.,contradiction,t_sub_042,mul-096
2455,Mrs. Hilt saw 200 butterflies. Some of the butterflies were red and others were orange. 625 of the butterflies were orange.,825 butterflies were red.,contradiction,t_sub_043,add-043
2456,Mrs. Hilt saw 560 butterflies. Some of the butterflies were red and others were orange. 632 of the butterflies were orange.,1192 butterflies were red.,contradiction,t_sub_043,add-051
2457,Mrs. Hilt saw 7654 butterflies. Some of the butterflies were red and others were orange. 6967 of the butterflies were orange.,14621 butterflies were red.,contradiction,t_sub_043,add-079
2458,Mrs. Hilt saw 270 butterflies. Some of the butterflies were red and others were orange. 72 of the butterflies were orange.,19440 butterflies were red.,contradiction,t_sub_043,mul-058
2459,Mrs. Hilt saw 490 butterflies. Some of the butterflies were red and others were orange. 90 of the butterflies were orange.,44100 butterflies were red.,contradiction,t_sub_043,mul-070
2460,7554 birds were sitting in a tree. Some more fly up to the tree. Then there were 5425 birds in the tree.,12979 more birds flew up to the tree.,contradiction,t_sub_044,add-074
2461,8 birds were sitting in a tree. Some more fly up to the tree. Then there were 16 birds in the tree.,2 more birds flew up to the tree.,contradiction,t_sub_044,div-010
2462,16 birds were sitting in a tree. Some more fly up to the tree. Then there were 288 birds in the tree.,18 more birds flew up to the tree.,contradiction,t_sub_044,div-040
2463,60 birds were sitting in a tree. Some more fly up to the tree. Then there were 6540 birds in the tree.,109 more birds flew up to the tree.,contradiction,t_sub_044,div-063
2464,Baker made 790 cakes. His friend bought 210 cakes from him.,Baker would still have 1000 cakes.,contradiction,t_sub_045,add-056
2465,Baker made 248 cakes. His friend bought 743 cakes from him.,Baker would still have 184264 cakes.,contradiction,t_sub_045,mul-057
2466,Baker made 350 cakes. His friend bought 250 cakes from him.,Baker would still have 87500 cakes.,contradiction,t_sub_045,mul-064
2467,Baker made 140 cakes. His friend bought 4 cakes from him.,Baker would still have 30 cakes.,contradiction,t_sub_045,false-010
2468,Baker made 64237 cakes. His friend bought 73360 cakes from him.,Baker would still have 73360 cakes.,contradiction,t_sub_045,false-098
2469,Bobby had 997 pieces of candy. He ate 68 pieces of candy.,Bobby still has 1065 pieces of candy left.,contradiction,t_sub_046,add-060
2470,Bobby had 63 pieces of candy. He ate 9 pieces of candy.,Bobby still has 567 pieces of candy left.,contradiction,t_sub_046,mul-040
2471,Bobby had 6 pieces of candy. He ate 1 pieces of candy.,Bobby still has 6 pieces of candy left.,contradiction,t_sub_046,div-003
2472,Bobby had 42 pieces of candy. He ate 3 pieces of candy.,Bobby still has 14 pieces of candy left.,contradiction,t_sub_046,div-017
2473,Bobby had 48 pieces of candy. He ate 8 pieces of candy.,Bobby still has 6 pieces of candy left.,contradiction,t_sub_046,div-019
2474,Bobby had 90 pieces of candy. He ate 5 pieces of candy.,Bobby still has 18 pieces of candy left.,contradiction,t_sub_046,div-030
2475,Bobby had 5301 pieces of candy. He ate 57 pieces of candy.,Bobby still has 93 pieces of candy left.,contradiction,t_sub_046,div-061
2476,Bobby had 70000 pieces of candy. He ate 7 pieces of candy.,Bobby still has 77 pieces of candy left.,contradiction,t_sub_046,false-032
2477,"Feeling sad about their loss on their first game, Chuck and his teammates were determined to win on their next match against the Yellow Team. They scored 62 points and the Yellow Team scored 2.",Their lead is 64 points.,contradiction,t_sub_047,add-035
2478,"Feeling sad about their loss on their first game, Chuck and his teammates were determined to win on their next match against the Yellow Team. They scored 76 points and the Yellow Team scored 6.",Their lead is 82 points.,contradiction,t_sub_047,add-038
2479,"Feeling sad about their loss on their first game, Chuck and his teammates were determined to win on their next match against the Yellow Team. They scored 1107 points and the Yellow Team scored 27.",Their lead is 41 points.,contradiction,t_sub_047,div-049
2480,"Feeling sad about their loss on their first game, Chuck and his teammates were determined to win on their next match against the Yellow Team. They scored 5589 points and the Yellow Team scored 81.",Their lead is 69 points.,contradiction,t_sub_047,div-062
2481,Gary had 200 dollars. He spent 660 dollars on a pet snake.,Gary had 860 dollars left.,contradiction,t_sub_048,add-044
2482,Gary had 63 dollars. He spent 9 dollars on a pet snake.,Gary had 567 dollars left.,contradiction,t_sub_048,mul-040
2483,"Wendy is a very generous kid. Every time her parents buy her some stuff, she always gives some of it to her friends. For her birthday this year, she received a new set of shoes. She now has a total of 47 pairs of shoes. She gave away 7 pairs of shoes to her friends.",Wendy was left with 329 pairs of shoes.,contradiction,t_sub_050,mul-032
2484,"Wendy is a very generous kid. Every time her parents buy her some stuff, she always gives some of it to her friends. For her birthday this year, she received a new set of shoes. She now has a total of 55 pairs of shoes. She gave away 5 pairs of shoes to her friends.",Wendy was left with 11 pairs of shoes.,contradiction,t_sub_050,div-022
2485,"Wendy is a very generous kid. Every time her parents buy her some stuff, she always gives some of it to her friends. For her birthday this year, she received a new set of shoes. She now has a total of 60 pairs of shoes. She gave away 5 pairs of shoes to her friends.",Wendy was left with 12 pairs of shoes.,contradiction,t_sub_050,div-023
2486,"For the championship game, they faced the powerful Red Team. Wanting redemption, Chuck and his teammates did their best and gave everything that they've got. In the end, they won the game with the final score of 12. The Red Team scored 3 points.",The difference of their scores is 4 points.,contradiction,t_sub_051,div-008
2487,Sandy has 3906 pet fish and her cat ate 93,Sandy has 363258 now,contradiction,t_sub_052,mul-092
2488,Sandy has 42 pet fish and her cat ate 6,Sandy has 7 now,contradiction,t_sub_052,div-018
2489,Sandy has 5 pet fish and her cat ate 5,Sandy has 505 now,contradiction,t_sub_052,false-037
2490,Sandy has 69 pet fish and her cat ate 81,Sandy has 5859 now,contradiction,t_sub_052,false-045
2491,"During Halloween, she was able to get a lot of candies from trick or treating. She decided to give away some of them to the homeless kids nearby. She has 5 candies and gave away 7.",She has 35 candies left.,contradiction,t_sub_053,mul-007
2492,"During Halloween, she was able to get a lot of candies from trick or treating. She decided to give away some of them to the homeless kids nearby. She has 943 candies and gave away 836.",She has 788348 candies left.,contradiction,t_sub_053,mul-084
2493,"During Halloween, she was able to get a lot of candies from trick or treating. She decided to give away some of them to the homeless kids nearby. She has 92614 candies and gave away 35356.",She has 63598 candies left.,contradiction,t_sub_053,false-076
2494,Marco and his dad went strawberry picking. Marco's strawberries weighed 7 pounds. together their strawberries weighed 1 pounds.,His dad's strawberries weigh 8 pounds.,contradiction,t_sub_054,add-001
2495,Marco and his dad went strawberry picking. Marco's strawberries weighed 16 pounds. together their strawberries weighed 18 pounds.,His dad's strawberries weigh 34 pounds.,contradiction,t_sub_054,add-027
2496,Marco and his dad went strawberry picking. Marco's strawberries weighed 47 pounds. together their strawberries weighed 747 pounds.,His dad's strawberries weigh 35109 pounds.,contradiction,t_sub_054,mul-079
2497,James had 3 stickers. He got some more stickers for his birthday. Then he had 3 stickers.,James got 6 stickers for his birthday.,contradiction,t_sub_055,add-007
2498,James had 85 stickers. He got some more stickers for his birthday. Then he had 164 stickers.,James got 13940 stickers for his birthday.,contradiction,t_sub_055,mul-053
2499,James had 93 stickers. He got some more stickers for his birthday. Then he had 3906 stickers.,James got 42 stickers for his birthday.,contradiction,t_sub_055,div-059
2500,"Alicia loves collecting art. She has a whole house filled with all the art she obtained since she was a little kid. When she decided to move away, she started donating some of her art to different museums. First museum she went to was the Metropolitan museum in New York. She donated 2040 medieval art pieces from the 2040 she originally has.",Alicia has 1 medieval art pieces left.,contradiction,t_sub_056,div-053
2501,"Alicia loves collecting art. She has a whole house filled with all the art she obtained since she was a little kid. When she decided to move away, she started donating some of her art to different museums. First museum she went to was the Metropolitan museum in New York. She donated 87 medieval art pieces from the 27492 she originally has.",Alicia has 316 medieval art pieces left.,contradiction,t_sub_056,div-076
2502,"Tommy had some balloons. His mom gave him 2 more balloons for his birthday. Then, Tommy had 2 balloons.",Tommy had 4 balloons to start with.,contradiction,t_sub_058,add-003
2503,"Tommy had some balloons. His mom gave him 1 more balloons for his birthday. Then, Tommy had 7 balloons.",Tommy had 8 balloons to start with.,contradiction,t_sub_058,add-014
2504,"Tommy had some balloons. His mom gave him 41 more balloons for his birthday. Then, Tommy had 14 balloons.",Tommy had 55 balloons to start with.,contradiction,t_sub_058,add-024
2505,"Before his friends gave him more stamps, Simon initially had 396 stamps. He now has 436 stamps.",Simon received 832 stamps from his friends.,contradiction,t_sub_059,add-048
2506,"Before his friends gave him more stamps, Simon initially had 9018 stamps. He now has 4149 stamps.",Simon received 13167 stamps from his friends.,contradiction,t_sub_059,add-070
2507,"Before his friends gave him more stamps, Simon initially had 7 stamps. He now has 14 stamps.",Simon received 98 stamps from his friends.,contradiction,t_sub_059,mul-020
2508,"Before his friends gave him more stamps, Simon initially had 6 stamps. He now has 42 stamps.",Simon received 252 stamps from his friends.,contradiction,t_sub_059,mul-033
2509,"Before his friends gave him more stamps, Simon initially had 1 stamps. He now has 1 stamps.",Simon received 1 stamps from his friends.,contradiction,t_sub_059,div-000
2510,"Before his friends gave him more stamps, Simon initially had 6 stamps. He now has 50760 stamps.",Simon received 8460 stamps from his friends.,contradiction,t_sub_059,div-087
2511,"Before his friends gave him more stamps, Simon initially had 14 stamps. He now has 84 stamps.",Simon received 7 stamps from his friends.,contradiction,t_sub_059,false-009
2512,"Before his friends gave him more stamps, Simon initially had 1727 stamps. He now has 5587 stamps.",Simon received 5517 stamps from his friends.,contradiction,t_sub_059,false-066
2513,There are 8 books on the shelf and Marta takes 2 books off the shelf,10 books are on the shelf now,contradiction,t_sub_060,add-018
2514,There are 465 books on the shelf and Marta takes 679 books off the shelf,315735 books are on the shelf now,contradiction,t_sub_060,mul-069
2515,Nell collects baseball cards. She had 57 cards. She gave some of her cards to Jeff and now has 49 cards left.,Nell gave 2793 cards to Jeff.,contradiction,t_sub_061,mul-035
2516,Nell collects baseball cards. She had 63 cards. She gave some of her cards to Jeff and now has 9 cards left.,Nell gave 567 cards to Jeff.,contradiction,t_sub_061,mul-040
2517,Nell collects baseball cards. She had 41128 cards. She gave some of her cards to Jeff and now has 776 cards left.,Nell gave 53 cards to Jeff.,contradiction,t_sub_061,div-082
2518,Paco had 85 cookies. He ate 13 of them.,Paco has 1105 cookies left.,contradiction,t_sub_062,mul-048
2519,Paco had 270 cookies. He ate 72 of them.,Paco has 19440 cookies left.,contradiction,t_sub_062,mul-058
2520,Paco had 992 cookies. He ate 845 of them.,Paco has 838240 cookies left.,contradiction,t_sub_062,mul-085
2521,Paco had 2793 cookies. He ate 49 of them.,Paco has 136857 cookies left.,contradiction,t_sub_062,mul-089
2522,Paco had 25 cookies. He ate 5 of them.,Paco has 5 cookies left.,contradiction,t_sub_062,div-012
2523,Paco had 35304 cookies. He ate 17386 of them.,Paco has 18148 cookies left.,contradiction,t_sub_062,false-074
2524,Bryan has 30 skittles. Ben has 3 M&M's.,Brian has 33 more skittles.,contradiction,t_sub_063,add-026
2525,Bryan has 560 skittles. Ben has 632 M&M's.,Brian has 1192 more skittles.,contradiction,t_sub_063,add-051
2526,Bryan has 35109 skittles. Ben has 47 M&M's.,Brian has 747 more skittles.,contradiction,t_sub_063,div-079
2527,Bryan has 36934 skittles. Ben has 59 M&M's.,Brian has 626 more skittles.,contradiction,t_sub_063,div-080
2528,Bryan has 46729 skittles. Ben has 83 M&M's.,Brian has 563 more skittles.,contradiction,t_sub_063,div-085
2529,Bryan has 140 skittles. Ben has 4 M&M's.,Brian has 30 more skittles.,contradiction,t_sub_063,false-010
2530,Danny has 9 bottle caps in his collection. He found some more bottle caps at the park. He has 1 bottle caps now.,Danny found 10 bottle caps at the park.,contradiction,t_sub_064,add-002
2531,Danny has 1330 bottle caps in his collection. He found some more bottle caps at the park. He has 3740 bottle caps now.,Danny found 5070 bottle caps at the park.,contradiction,t_sub_064,add-066
2532,Danny has 3 bottle caps in his collection. He found some more bottle caps at the park. He has 6 bottle caps now.,Danny found 18 bottle caps at the park.,contradiction,t_sub_064,mul-012
2533,Danny has 35 bottle caps in his collection. He found some more bottle caps at the park. He has 2555 bottle caps now.,Danny found 73 bottle caps at the park.,contradiction,t_sub_064,div-055
2534,The sum of two numbers is 200. One of the numbers is 660.,The other number is 860.,contradiction,t_sub_065,add-044
2535,The sum of two numbers is 42. One of the numbers is 3.,The other number is 14.,contradiction,t_sub_065,div-017
2536,The sum of two numbers is 2555. One of the numbers is 35.,The other number is 73.,contradiction,t_sub_065,div-055
2537,The sum of two numbers is 35109. One of the numbers is 47.,The other number is 747.,contradiction,t_sub_065,div-079
2538,The sum of two numbers is 19440. One of the numbers is 72.,The other number is 19772.,contradiction,t_sub_065,false-023
2539,Winter is almost here and most animals are migrating to warmer countries. There are 9 bird families living near the mountain. 3 bird families flew away for winter.,3 bird families were left near the mountain.,contradiction,t_sub_066,div-007
2540,Winter is almost here and most animals are migrating to warmer countries. There are 468 bird families living near the mountain. 13 bird families flew away for winter.,39 bird families were left near the mountain.,contradiction,t_sub_066,false-015
2541,Paul had 11 books. He sold 33 books in a garage sale.,Paul has 363 books left with him.,contradiction,t_sub_067,mul-017
2542,"Joe had 3 toy cars, and he gives away 3 cars",He will have 9 cars remaining,contradiction,t_sub_068,mul-002
2543,"Joe had 5301 toy cars, and he gives away 57 cars",He will have 93 cars remaining,contradiction,t_sub_068,div-061
2544,Diane wants to buy a package of cookies. The cookies cost 16864 cents. Diane has 1570 cents.,Diane needs 18434 cents more.,contradiction,t_sub_069,add-085
2545,Diane wants to buy a package of cookies. The cookies cost 109 cents. Diane has 60 cents.,Diane needs 6540 cents more.,contradiction,t_sub_069,mul-052
2546,"Carl, on the other hand, was able to collect 4207 stamps which are 34851 more than what Mark was able to collect.",Mark was able to collect 39058 stamps.,contradiction,t_sub_070,add-071
2547,"Carl, on the other hand, was able to collect 4 stamps which are 2 more than what Mark was able to collect.",Mark was able to collect 8 stamps.,contradiction,t_sub_070,mul-003
2548,"Carl, on the other hand, was able to collect 3777 stamps which are 75 more than what Mark was able to collect.",Mark was able to collect 283275 stamps.,contradiction,t_sub_070,mul-091
2549,"Carl, on the other hand, was able to collect 10000 stamps which are 7 more than what Mark was able to collect.",Mark was able to collect 70000 stamps.,contradiction,t_sub_070,mul-099
2550,"Carl, on the other hand, was able to collect 2793 stamps which are 49 more than what Mark was able to collect.",Mark was able to collect 57 stamps.,contradiction,t_sub_070,div-057
2551,Wendy bought 5406 inches of ribbon. She used 8911 inches to wrap presents.,Wendy had 14317 inches of ribbon left.,contradiction,t_sub_071,add-073
2552,Wendy bought 7659 inches of ribbon. She used 23 inches to wrap presents.,Wendy had 333 inches of ribbon left.,contradiction,t_sub_071,div-065
2553,Wendy bought 75000 inches of ribbon. She used 25000 inches to wrap presents.,Wendy had 3 inches of ribbon left.,contradiction,t_sub_071,div-096
2554,Wendy bought 560 inches of ribbon. She used 632 inches to wrap presents.,Wendy had 1882 inches of ribbon left.,contradiction,t_sub_071,false-088
2555,Wendy bought 4087 inches of ribbon. She used 7337 inches to wrap presents.,Wendy had 1124 inches of ribbon left.,contradiction,t_sub_071,false-092
2556,The next museum on her list is the Guggenheim in New York as well. There she gave 3 sets of Egyptian mask from her collection of 3.,Alicia has 6 sets of masks left in her collection.,contradiction,t_sub_072,add-007
2557,"After making some pies, chef had 3 apples left. Initially he had 10 apples.",Chef used 13 apples.,contradiction,t_sub_073,add-020
2558,Denise removes 75 bananas from a jar and there were originally 3777 bananas in the jar,283275 bananas are left in the jar,contradiction,t_sub_074,mul-091
2559,Denise removes 5 bananas from a jar and there were originally 25 bananas in the jar,5 bananas are left in the jar,contradiction,t_sub_074,div-012
2560,Denise removes 5 bananas from a jar and there were originally 60 bananas in the jar,12 bananas are left in the jar,contradiction,t_sub_074,div-023
2561,Denise removes 7 bananas from a jar and there were originally 70000 bananas in the jar,10000 bananas are left in the jar,contradiction,t_sub_074,div-094
2562,Denise removes 4 bananas from a jar and there were originally 140 bananas in the jar,10 bananas are left in the jar,contradiction,t_sub_074,false-011
2563,Daniel had 992 noodles and he gave 845 noodles to William,Daniel has 838240 noodles left,contradiction,t_sub_075,mul-085
2564,Daniel had 9 noodles and he gave 2 noodles to William,Daniel has 20 noodles left,contradiction,t_sub_075,false-061
2565,Each pack of dvds costs 2 dollars. There is a discount of 7 dollars on each pack.,You have to pay 9 dollars to buy each pack.,contradiction,t_sub_076,add-005
2566,Each pack of dvds costs 9086 dollars. There is a discount of 22 dollars on each pack.,You have to pay 9108 dollars to buy each pack.,contradiction,t_sub_076,add-072
2567,Each pack of dvds costs 8930 dollars. There is a discount of 2 dollars on each pack.,You have to pay 17860 dollars to buy each pack.,contradiction,t_sub_076,mul-088
2568,Each pack of dvds costs 5220 dollars. There is a discount of 87 dollars on each pack.,You have to pay 60 dollars to buy each pack.,contradiction,t_sub_076,div-060
2569,Each pack of dvds costs 4087 dollars. There is a discount of 7337 dollars on each pack.,You have to pay 1124 dollars to buy each pack.,contradiction,t_sub_076,false-092
2570,"She also decided to contribute to the collection of the Museum of Natural History. After donating some of her bug collection, she was left with 24 bug species. She originally has 420 bug species.",She donated 10080 bug species.,contradiction,t_sub_077,mul-067
2571,"She also decided to contribute to the collection of the Museum of Natural History. After donating some of her bug collection, she was left with 13 bug species. She originally has 1105 bug species.",She donated 85 bug species.,contradiction,t_sub_077,div-048
2572,"She also decided to contribute to the collection of the Museum of Natural History. After donating some of her bug collection, she was left with 13 bug species. She originally has 468 bug species.",She donated 63 bug species.,contradiction,t_sub_077,false-014
2573,"She also decided to contribute to the collection of the Museum of Natural History. After donating some of her bug collection, she was left with 8 bug species. She originally has 30 bug species.",She donated 308 bug species.,contradiction,t_sub_077,false-039
2574,Her last stop was the post office. There she sent her rock collection to the Geological Museum in London. She was left with her 500 favorite stones after sending away a part of her collection. She originally has 600 stones in her collection.,She sent away 1100 stones.,contradiction,t_sub_078,add-053
2575,Her last stop was the post office. There she sent her rock collection to the Geological Museum in London. She was left with her 8 favorite stones after sending away a part of her collection. She originally has 16 stones in her collection.,She sent away 2 stones.,contradiction,t_sub_078,div-010
2576,Her last stop was the post office. There she sent her rock collection to the Geological Museum in London. She was left with her 5 favorite stones after sending away a part of her collection. She originally has 60 stones in her collection.,She sent away 12 stones.,contradiction,t_sub_078,div-023
2577,Her last stop was the post office. There she sent her rock collection to the Geological Museum in London. She was left with her 4 favorite stones after sending away a part of her collection. She originally has 140 stones in her collection.,She sent away 30 stones.,contradiction,t_sub_078,false-010
2578,"Scott and Sam decided to sell their old comic books. They had 31926 comic books altogether. After the sale, they only had 25103 comic books.",Scott and Sam sold 57029 comic books.,contradiction,t_sub_079,add-086
2579,"Scott and Sam decided to sell their old comic books. They had 839 comic books altogether. After the sale, they only had 31 comic books.",Scott and Sam sold 26009 comic books.,contradiction,t_sub_079,mul-081
2580,"Scott and Sam decided to sell their old comic books. They had 6000 comic books altogether. After the sale, they only had 32 comic books.",Scott and Sam sold 192000 comic books.,contradiction,t_sub_079,mul-095
2581,"Scott and Sam decided to sell their old comic books. They had 1107 comic books altogether. After the sale, they only had 27 comic books.",Scott and Sam sold 41 comic books.,contradiction,t_sub_079,div-049
2582,"Scott and Sam decided to sell their old comic books. They had 35 comic books altogether. After the sale, they only had 7 comic books.",Scott and Sam sold 35 comic books.,contradiction,t_sub_079,false-003
2583,"Scott and Sam decided to sell their old comic books. They had 5 comic books altogether. After the sale, they only had 5 comic books.",Scott and Sam sold 55 comic books.,contradiction,t_sub_079,false-036
2584,Cade had 2002 marbles. He gave 77 to Dylan.,Cade has 26 marbles left.,contradiction,t_sub_080,div-052
2585,Cade had 60000 marbles. He gave 200 to Dylan.,Cade has 300 marbles left.,contradiction,t_sub_080,div-089
2586,Cade had 35 marbles. He gave 7 to Dylan.,Cade has 9 marbles left.,contradiction,t_sub_080,false-002
2587,"On Tuesday, Mrs. Hilt saw 7195 raisins on a tray in the cafeteria. That was 713 more raisins than she saw the day before.",There were 7908 raisins on the table on Monday.,contradiction,t_sub_081,add-078
2588,"On Tuesday, Mrs. Hilt saw 7020 raisins on a tray in the cafeteria. That was 260 more raisins than she saw the day before.",There were 27 raisins on the table on Monday.,contradiction,t_sub_081,div-064
2589,"On Tuesday, Mrs. Hilt saw 35304 raisins on a tray in the cafeteria. That was 17386 more raisins than she saw the day before.",There were 18148 raisins on the table on Monday.,contradiction,t_sub_081,false-074
2590,Paul had 33 books. After buying some in a garage sale he had 363 left.,Paul bought 11 books.,contradiction,t_sub_082,div-043
2591,Paul had 13 books. After buying some in a garage sale he had 1105 left.,Paul bought 85 books.,contradiction,t_sub_082,div-048
2592,Paul had 107 books. After buying some in a garage sale he had 62595 left.,Paul bought 585 books.,contradiction,t_sub_082,div-090
2593,Paul had 776 books. After buying some in a garage sale he had 41128 left.,Paul bought 553 books.,contradiction,t_sub_082,false-024
2594,Paul sold some books in a garage sale leaving him with 35 books. He had 73 books initially.,Paul sold 108 books.,contradiction,t_sub_083,add-037
2595,"For the frosting and final touches, Willie will need to have 240 lbs. of whipped cream. He got 8 lbs. of cream from his farm.",Willie needs 30 more pounds of cream.,contradiction,t_sub_084,div-038
2596,Paul got a box of 62 crayons for his birthday. By the end of the school year he had either lost or given away 2 of them.,Paul had 64 crayons left by the end of the school year.,contradiction,t_sub_085,add-035
2597,Paul got a box of 80 crayons for his birthday. By the end of the school year he had either lost or given away 47 of them.,Paul had 3760 crayons left by the end of the school year.,contradiction,t_sub_085,mul-046
2598,Paul got a box of 790 crayons for his birthday. By the end of the school year he had either lost or given away 210 of them.,Paul had 165900 crayons left by the end of the school year.,contradiction,t_sub_085,mul-080
2599,Iesha has 39 books. 71 are about school and the rest are about sports.,Iesha has 2769 books about sports.,contradiction,t_sub_086,mul-029
2600,Iesha has 248 books. 743 are about school and the rest are about sports.,Iesha has 184264 books about sports.,contradiction,t_sub_086,mul-057
2601,Iesha has 420 books. 24 are about school and the rest are about sports.,Iesha has 10080 books about sports.,contradiction,t_sub_086,mul-067
2602,Iesha has 682 books. 591 are about school and the rest are about sports.,Iesha has 403062 books about sports.,contradiction,t_sub_086,mul-078
2603,Iesha has 35 books. 7 are about school and the rest are about sports.,Iesha has 5 books about sports.,contradiction,t_sub_086,div-016
2604,Iesha has 10080 books. 24 are about school and the rest are about sports.,Iesha has 420 books about sports.,contradiction,t_sub_086,div-073
2605,Next on his checklist are wax glues to stick the feathers together. The feathers require 4 g of wax and right now he just needs 2 g.,He already has 8 grams of wax glue.,contradiction,t_sub_087,mul-003
2606,Next on his checklist are wax glues to stick the feathers together. The feathers require 78 g of wax and right now he just needs 46 g.,He already has 3588 grams of wax glue.,contradiction,t_sub_087,mul-045
2607,Sally had 136 quarters in her bank  and she spent 4 of her quarters ,She has 34 quarters now,contradiction,t_sub_088,div-034
2608,Sally had 19440 quarters in her bank  and she spent 72 of her quarters ,She has 19772 quarters now,contradiction,t_sub_088,false-023
2609,Sally had 5587 quarters in her bank  and she spent 1727 of her quarters ,She has 386 quarters now,contradiction,t_sub_088,false-067
2610,If the cave is 76 feet deep and they are already at 6 feet.,They need to go 456 feet farther until they reach the end of the cave.,contradiction,t_sub_089,mul-044
2611,If the cave is 10080 feet deep and they are already at 24 feet.,They need to go 420 feet farther until they reach the end of the cave.,contradiction,t_sub_089,div-073
2612,The wings now need to be heated. The oven is at 57 degrees and the required temperature is 93 degrees.,The oven temperature needs to increase by 150 degrees.,contradiction,t_sub_090,add-041
2613,The wings now need to be heated. The oven is at 71 degrees and the required temperature is 2769 degrees.,The oven temperature needs to increase by 39 degrees.,contradiction,t_sub_090,div-056
2614,The wings now need to be heated. The oven is at 87 degrees and the required temperature is 5220 degrees.,The oven temperature needs to increase by 60 degrees.,contradiction,t_sub_090,div-060
2615,There was 560 children taking a test and 632 passed,1192 children had to sit it again,contradiction,t_sub_092,add-051
2616,There was 41 children taking a test and 27 passed,1107 children had to sit it again,contradiction,t_sub_092,mul-030
2617,There was 2865 children taking a test and 64 passed,183360 children had to sit it again,contradiction,t_sub_092,mul-090
2618,There was 8930 children taking a test and 2 passed,4465 children had to sit it again,contradiction,t_sub_092,div-069
2619,There was 62595 children taking a test and 107 passed,585 children had to sit it again,contradiction,t_sub_092,div-090
2620,The town of Milburg has 7 grown-ups and children and 6 are children,42 adults live in Milburg,contradiction,t_sub_093,mul-011
2621,The town of Milburg has 682 grown-ups and children and 591 are children,403062 adults live in Milburg,contradiction,t_sub_093,mul-078
2622,"Abe 's family moved from the Bahamas to Japan , so they had convert their money into Japanese yen  and their checking account  had 62 yen, and he has spent 740 yen since then ",They have 802 yen left,contradiction,t_sub_095,add-036
2623,"Abe 's family moved from the Bahamas to Japan , so they had convert their money into Japanese yen  and their checking account  had 618 yen, and he has spent 19152 yen since then ",They have 19770 yen left,contradiction,t_sub_095,add-054
2624,"Abe 's family moved from the Bahamas to Japan , so they had convert their money into Japanese yen  and their checking account  had 817 yen, and he has spent 623 yen since then ",They have 1440 yen left,contradiction,t_sub_095,add-057
2625,"Abe 's family moved from the Bahamas to Japan , so they had convert their money into Japanese yen  and their checking account  had 3878 yen, and he has spent 83 yen since then ",They have 3961 yen left,contradiction,t_sub_095,add-067
2626,"Abe 's family moved from the Bahamas to Japan , so they had convert their money into Japanese yen  and their checking account  had 3 yen, and he has spent 3 yen since then ",They have 9 yen left,contradiction,t_sub_095,mul-002
2627,"Abe 's family moved from the Bahamas to Japan , so they had convert their money into Japanese yen  and their checking account  had 37 yen, and he has spent 1 yen since then ",They have 37 yen left,contradiction,t_sub_095,mul-028
2628,"Abe 's family moved from the Bahamas to Japan , so they had convert their money into Japanese yen  and their checking account  had 85 yen, and he has spent 13 yen since then ",They have 1105 yen left,contradiction,t_sub_095,mul-048
2629,"Abe 's family moved from the Bahamas to Japan , so they had convert their money into Japanese yen  and their checking account  had 357 yen, and he has spent 98 yen since then ",They have 34986 yen left,contradiction,t_sub_095,mul-065
2630,"Abe 's family moved from the Bahamas to Japan , so they had convert their money into Japanese yen  and their checking account  had 2500 yen, and he has spent 4 yen since then ",They have 625 yen left,contradiction,t_sub_095,div-054
2631,There were 8 pieces of candy in a jar. 2 pieces were red and the rest were blue.,10 pieces of candy were blue.,contradiction,t_sub_096,add-018
2632,There were 80 pieces of candy in a jar. 47 pieces were red and the rest were blue.,127 pieces of candy were blue.,contradiction,t_sub_096,add-039
2633,There were 76 pieces of candy in a jar. 6 pieces were red and the rest were blue.,456 pieces of candy were blue.,contradiction,t_sub_096,mul-044
2634,There were 2040 pieces of candy in a jar. 2040 pieces were red and the rest were blue.,1 pieces of candy were blue.,contradiction,t_sub_096,div-053
2635,There were 5301 pieces of candy in a jar. 57 pieces were red and the rest were blue.,93 pieces of candy were blue.,contradiction,t_sub_096,div-061
2636,There were 6000 pieces of candy in a jar. 32 pieces were red and the rest were blue.,632000 pieces of candy were blue.,contradiction,t_sub_096,false-058
2637,"Before December, customers bought 62 ear muffs from the mall and During December, they bought 2 less earmuffs than before",124 earmuffs were sold in December,contradiction,t_sub_097,mul-038
2638,"Before December, customers bought 41128 ear muffs from the mall and During December, they bought 776 less earmuffs than before",53 earmuffs were sold in December,contradiction,t_sub_097,div-082
2639,"Before December, customers bought 63648 ear muffs from the mall and During December, they bought 612 less earmuffs than before",104 earmuffs were sold in December,contradiction,t_sub_097,div-091
2640,Lawrence county has 9 kids. During summer break 3 kids stay home and the rest go to camp.,A total of 12 kids go to the camp during the break.,contradiction,t_sub_099,add-019
2641,Lawrence county has 49790 kids. During summer break 21709 kids stay home and the rest go to camp.,A total of 71499 kids go to the camp during the break.,contradiction,t_sub_099,add-090
2642,Lawrence county has 3 kids. During summer break 3 kids stay home and the rest go to camp.,A total of 9 kids go to the camp during the break.,contradiction,t_sub_099,mul-002
2643,Lawrence county has 18 kids. During summer break 5 kids stay home and the rest go to camp.,A total of 90 kids go to the camp during the break.,contradiction,t_sub_099,mul-016
2644,Lawrence county has 7857 kids. During summer break 81 kids stay home and the rest go to camp.,A total of 97 kids go to the camp during the break.,contradiction,t_sub_099,div-066
2645,Lawrence county has 67796 kids. During summer break 68 kids stay home and the rest go to camp.,A total of 997 kids go to the camp during the break.,contradiction,t_sub_099,div-093
2646,Lawrence county has 35 kids. During summer break 7 kids stay home and the rest go to camp.,A total of 9 kids go to the camp during the break.,contradiction,t_sub_099,false-002
2647,Lawrence county has 140 kids. During summer break 4 kids stay home and the rest go to camp.,A total of 30 kids go to the camp during the break.,contradiction,t_sub_099,false-010
2648,Lawrence county has 39 kids. During summer break 71 kids stay home and the rest go to camp.,A total of 2781 kids go to the camp during the break.,contradiction,t_sub_099,false-043
2649,Mrs. Heine is buying Valentine's Day treats for her 200 dogs. She wants to buy them 60000 heart biscuits each.,Mrs. Heine needs to buy 200 biscuits.,contradiction,t_mul_000,false-031
2650,Mrs. Heine is buying Valentine's Day treats for her 250 dogs. She wants to buy them 87500 heart biscuits each.,Mrs. Heine needs to buy 3500 biscuits.,contradiction,t_mul_000,false-035
2651,Mrs. Heine is buying Valentine's Day treats for her 8 dogs. She wants to buy them 30 heart biscuits each.,Mrs. Heine needs to buy 24 biscuits.,contradiction,t_mul_000,false-038
2652,Paige's dresser drawers could hold 7 pieces of clothing each. She had 1 drawers.,It could hold 8 pieces of clothing.,contradiction,t_mul_001,add-001
2653,Paige's dresser drawers could hold 1 pieces of clothing each. She had 6 drawers.,It could hold 7 pieces of clothing.,contradiction,t_mul_001,add-011
2654,Paige's dresser drawers could hold 5 pieces of clothing each. She had 7 drawers.,It could hold 12 pieces of clothing.,contradiction,t_mul_001,add-015
2655,"There are 524 children in the classroom, each student will get 904 pencils.",The teacher will have to give out 1428 pencils,contradiction,t_mul_002,add-049
2656,"There are 5301 children in the classroom, each student will get 57 pencils.",The teacher will have to give out 933 pencils,contradiction,t_mul_002,false-019
2657,"There are 123456 children in the classroom, each student will get 56789 pencils.",The teacher will have to give out 12345 pencils,contradiction,t_mul_002,false-078
2658,He also made some juice from fresh oranges. He used 86 oranges per glass of juice and he made 65876 glasses of juice.,He used 766 oranges.,contradiction,t_mul_003,div-092
2659,Vanessa had to complete 5249 pages of homework. Each page had 8977 problems on it.,Vanessa had to complete 3728 problems in total.,contradiction,t_mul_004,sub-073
2660,Vanessa had to complete 537 pages of homework. Each page had 335 problems on it.,Vanessa had to complete 17989 problems in total.,contradiction,t_mul_004,false-049
2661,"At the end of the party, Mona gave away some souvenirs to her 11 closest friends. Each of them received 33 souvenir items.",Mona gave away 44 souvenirs.,contradiction,t_mul_006,add-021
2662,"At the end of the party, Mona gave away some souvenirs to her 7020 closest friends. Each of them received 260 souvenir items.",Mona gave away 7280 souvenirs.,contradiction,t_mul_006,add-077
2663,"At the end of the party, Mona gave away some souvenirs to her 180 closest friends. Each of them received 12 souvenir items.",Mona gave away 15 souvenirs.,contradiction,t_mul_006,div-037
2664,"For the final touches, John wanted to paint the house using the 220 primary colors. He has 6903 liters of paint for each color.",John has 7123 liters of paint in all.,contradiction,t_mul_007,add-076
2665,Mrs. Hilt bought 2 pizzas. Each pizza had 62 slices.,Mrs. Hilt had 64 slices of pizza in total.,contradiction,t_mul_008,add-035
2666,Mrs. Hilt bought 11730 pizzas. Each pizza had 86200 slices.,Mrs. Hilt had 97930 slices of pizza in total.,contradiction,t_mul_008,add-098
2667,Mrs. Hilt bought 8 pizzas. Each pizza had 17 slices.,Mrs. Hilt had 10 slices of pizza in total.,contradiction,t_mul_008,false-062
2668,Mrs. Hilt bought 5000 pizzas. Each pizza had 7500 slices.,Mrs. Hilt had 7550 slices of pizza in total.,contradiction,t_mul_008,false-068
2669,Andrew's 46942 friends decided to bring food as well. Each of them brought 54572 slices of pizza.,They have 101514 slices of pizza in total.,contradiction,t_mul_009,add-089
2670,Andrew's 9000 friends decided to bring food as well. Each of them brought 1200 slices of pizza.,They have 7800 slices of pizza in total.,contradiction,t_mul_009,sub-074
2671,Andrew's 75000 friends decided to bring food as well. Each of them brought 25000 slices of pizza.,They have 50000 slices of pizza in total.,contradiction,t_mul_009,sub-087
2672,Andrew's 90 friends decided to bring food as well. Each of them brought 5 slices of pizza.,They have 18 slices of pizza in total.,contradiction,t_mul_009,div-030
2673,Andrew's 36934 friends decided to bring food as well. Each of them brought 59 slices of pizza.,They have 626 slices of pizza in total.,contradiction,t_mul_009,div-080
2674,Charles strolled at 12842 miles per hour for 94374 hours,Charles travelled for 81532 miles,contradiction,t_mul_010,sub-096
2675,Charles strolled at 2 miles per hour for 18 hours,Charles travelled for 9 miles,contradiction,t_mul_010,div-011
2676,Charles strolled at 31 miles per hour for 62 hours,Charles travelled for 2 miles,contradiction,t_mul_010,div-025
2677,At the back of the zoo is a mountain where the birds can roam free in a natural habitat. The children saw 7762 types of eagles living on each section of the mountain. The mountain has 1906 sections.,They saw 9668 types of eagles in total.,contradiction,t_mul_011,add-080
2678,At the back of the zoo is a mountain where the birds can roam free in a natural habitat. The children saw 75292 types of eagles living on each section of the mountain. The mountain has 18823 sections.,They saw 56469 types of eagles in total.,contradiction,t_mul_011,sub-088
2679,At the back of the zoo is a mountain where the birds can roam free in a natural habitat. The children saw 18 types of eagles living on each section of the mountain. The mountain has 2 sections.,They saw 9 types of eagles in total.,contradiction,t_mul_011,div-011
2680,"John is building a tree house to serve as his hideout whenever he wanted to spend some time alone with himself. The first thing he did is to gather some materials. For the pillars, he needs two sets of wood with different lengths. The first set of wood is 11 feet long and the second set is 12 times longer than the first set.",The second set of wood is 23 feet long.,contradiction,t_mul_012,add-022
2681,"The kids from Oakwood Elementary School are visiting a bird zoo for their field trip. To get to the bird zoo from the school, the kids have to ride some buses. There are 436 buses and each bus has 396 adult supervisors to guide the children.",There are 832 supervisors in total.,contradiction,t_mul_013,add-048
2682,"The kids from Oakwood Elementary School are visiting a bird zoo for their field trip. To get to the bird zoo from the school, the kids have to ride some buses. There are 6494 buses and each bus has 50745 adult supervisors to guide the children.",There are 57239 supervisors in total.,contradiction,t_mul_013,add-075
2683,"The kids from Oakwood Elementary School are visiting a bird zoo for their field trip. To get to the bird zoo from the school, the kids have to ride some buses. There are 839 buses and each bus has 31 adult supervisors to guide the children.",There are 808 supervisors in total.,contradiction,t_mul_013,sub-051
2684,"The kids from Oakwood Elementary School are visiting a bird zoo for their field trip. To get to the bird zoo from the school, the kids have to ride some buses. There are 180 buses and each bus has 12 adult supervisors to guide the children.",There are 15 supervisors in total.,contradiction,t_mul_013,div-037
2685,"The kids from Oakwood Elementary School are visiting a bird zoo for their field trip. To get to the bird zoo from the school, the kids have to ride some buses. There are 1922 buses and each bus has 31 adult supervisors to guide the children.",There are 62 supervisors in total.,contradiction,t_mul_013,div-051
2686,"The kids from Oakwood Elementary School are visiting a bird zoo for their field trip. To get to the bird zoo from the school, the kids have to ride some buses. There are 70000 buses and each bus has 7 adult supervisors to guide the children.",There are 10000 supervisors in total.,contradiction,t_mul_013,div-094
2687,Olivia's dad took her and some friends out to eat for her birthday. Each meal costs 2 dollars and her dad paid for 8 meals.,Olivia spent 10 dollars.,contradiction,t_mul_014,add-006
2688,Olivia's dad took her and some friends out to eat for her birthday. Each meal costs 15 dollars and her dad paid for 12 meals.,Olivia spent 27 dollars.,contradiction,t_mul_014,add-025
2689,Olivia's dad took her and some friends out to eat for her birthday. Each meal costs 200 dollars and her dad paid for 660 meals.,Olivia spent 860 dollars.,contradiction,t_mul_014,add-044
2690,Olivia's dad took her and some friends out to eat for her birthday. Each meal costs 8930 dollars and her dad paid for 2 meals.,Olivia spent 4465 dollars.,contradiction,t_mul_014,div-069
2691,Olivia's dad took her and some friends out to eat for her birthday. Each meal costs 37113 dollars and her dad paid for 417 meals.,Olivia spent 89 dollars.,contradiction,t_mul_014,div-081
2692,Matthew had some crackers. Matthew gave 7 crackers to each of his 2 friends.,Matthew had 9 crackers.,contradiction,t_mul_015,add-005
2693,Matthew had some crackers. Matthew gave 7 crackers to each of his 47 friends.,Matthew had 54 crackers.,contradiction,t_mul_015,add-032
2694,Matthew had some crackers. Matthew gave 87 crackers to each of his 60 friends.,Matthew had 147 crackers.,contradiction,t_mul_015,add-034
2695,Matthew had some crackers. Matthew gave 3560 crackers to each of his 76666 friends.,Matthew had 80226 crackers.,contradiction,t_mul_015,add-097
2696,Matthew had some crackers. Matthew gave 9 crackers to each of his 63 friends.,Matthew had 54 crackers.,contradiction,t_mul_015,sub-030
2697,Matthew had some crackers. Matthew gave 23 crackers to each of his 333 friends.,Matthew had 310 crackers.,contradiction,t_mul_015,sub-038
2698,Then he started to prepare the games. Each game takes 4100 minutes to prepare and he prepared a total of 6900 games.,It took Andrew 11000 minutes to prepare all the games.,contradiction,t_mul_016,add-069
2699,Then he started to prepare the games. Each game takes 1922 minutes to prepare and he prepared a total of 31 games.,It took Andrew 62 minutes to prepare all the games.,contradiction,t_mul_016,div-051
2700,Then he started to prepare the games. Each game takes 9462 minutes to prepare and he prepared a total of 57 games.,It took Andrew 166 minutes to prepare all the games.,contradiction,t_mul_016,div-071
2701,Then he started to prepare the games. Each game takes 87500 minutes to prepare and he prepared a total of 250 games.,It took Andrew 3500 minutes to prepare all the games.,contradiction,t_mul_016,false-035
2702,Then he started to prepare the games. Each game takes 4149 minutes to prepare and he prepared a total of 9018 games.,It took Andrew 16137 minutes to prepare all the games.,contradiction,t_mul_016,false-095
2703,Tiffany was buying hand towels for her house. She bought 585 packs with each pack having 107 towels in it.,Tiffany bought 692 towels.,contradiction,t_mul_017,add-052
2704,Tiffany was buying hand towels for her house. She bought 9222 packs with each pack having 20 towels in it.,Tiffany bought 9242 towels.,contradiction,t_mul_017,add-082
2705,Tiffany was buying hand towels for her house. She bought 12 packs with each pack having 11 towels in it.,Tiffany bought 1 towels.,contradiction,t_mul_017,sub-010
2706,Tiffany was buying hand towels for her house. She bought 123456 packs with each pack having 56789 towels in it.,Tiffany bought 676767 towels.,contradiction,t_mul_017,false-079
2707,Nancy has 333 black balloons and Mary has 23 times more  black balloons than Nancy,Mary has 310 black balloons now,contradiction,t_mul_018,sub-038
2708,Nancy has 5587 black balloons and Mary has 1727 times more  black balloons than Nancy,Mary has 3860 black balloons now,contradiction,t_mul_018,sub-063
2709,For Bianca's birthday 2 of her friends gave her 62 dollars.,Bianca got 64 dollars for her birthday.,contradiction,t_mul_019,add-035
2710,For Bianca's birthday 6 of her friends gave her 42 dollars.,Bianca got 7 dollars for her birthday.,contradiction,t_mul_019,div-018
2711,For Bianca's birthday 16 of her friends gave her 288 dollars.,Bianca got 18 dollars for her birthday.,contradiction,t_mul_019,div-040
2712,For Bianca's birthday 75 of her friends gave her 3777 dollars.,Bianca got 283720 dollars for her birthday.,contradiction,t_mul_019,false-057
2713,Another material that he needs is rope. He already has 7 feet of rope and he needs additional ropes having 5 times the length of what he already have.,The additional rope should be 2 feet long.,contradiction,t_mul_020,sub-004
2714,Another material that he needs is rope. He already has 30 feet of rope and he needs additional ropes having 8 times the length of what he already have.,The additional rope should be 24 feet long.,contradiction,t_mul_020,false-038
2715,Another material that he needs is rope. He already has 41 feet of rope and he needs additional ropes having 27 times the length of what he already have.,The additional rope should be 1177 feet long.,contradiction,t_mul_020,false-040
2716,For the walls of the house John would use large planks of wood. Each plank needs 7 pieces of nails to be secured and he would use 14 planks.,John needs 21 nails for the house wall.,contradiction,t_mul_021,add-030
2717,For the walls of the house John would use large planks of wood. Each plank needs 37919 pieces of nails to be secured and he would use 73040 planks.,John needs 110959 nails for the house wall.,contradiction,t_mul_021,add-095
2718,For the walls of the house John would use large planks of wood. Each plank needs 73276 pieces of nails to be secured and he would use 73276 planks.,John needs 146552 nails for the house wall.,contradiction,t_mul_021,add-096
2719,For the walls of the house John would use large planks of wood. Each plank needs 97 pieces of nails to be secured and he would use 945 planks.,John needs 848 nails for the house wall.,contradiction,t_mul_021,sub-053
2720,For the walls of the house John would use large planks of wood. Each plank needs 7 pieces of nails to be secured and he would use 287 planks.,John needs 41 nails for the house wall.,contradiction,t_mul_021,div-039
2721,Each CD rack holds 2 CDs and a shelf can hold 3 racks,5 total CDs can fit on the shelf,contradiction,t_mul_022,add-004
2722,Each CD rack holds 4207 CDs and a shelf can hold 34851 racks,39058 total CDs can fit on the shelf,contradiction,t_mul_022,add-071
2723,Each CD rack holds 9086 CDs and a shelf can hold 22 racks,9108 total CDs can fit on the shelf,contradiction,t_mul_022,add-072
2724,Each CD rack holds 997 CDs and a shelf can hold 68 racks,929 total CDs can fit on the shelf,contradiction,t_mul_022,sub-054
2725,"She also estimated the number of candies that she will receive from each block. She will receive around 546 pieces of candies from every house, and there are 762 houses in a block.",She will receive 1308 candies from each block.,contradiction,t_mul_023,add-050
2726,"She also estimated the number of candies that she will receive from each block. She will receive around 10 pieces of candies from every house, and there are 3 houses in a block.",She will receive 7 candies from each block.,contradiction,t_mul_023,sub-009
2727,"She also estimated the number of candies that she will receive from each block. She will receive around 6868 pieces of candies from every house, and there are 3082 houses in a block.",She will receive 3786 candies from each block.,contradiction,t_mul_023,sub-065
2728,"She also estimated the number of candies that she will receive from each block. She will receive around 41128 pieces of candies from every house, and there are 776 houses in a block.",She will receive 55 candies from each block.,contradiction,t_mul_023,false-025
2729,"At the bird zoo, the kids were able to visit 1600 different bird cages, each containing 2400 different kinds of birds.",The children saw 800 different kinds of birds from the bird cages.,contradiction,t_mul_024,sub-059
2730,"At the bird zoo, the kids were able to visit 3 different bird cages, each containing 42 different kinds of birds.",The children saw 14 different kinds of birds from the bird cages.,contradiction,t_mul_024,div-017
2731,"At the bird zoo, the kids were able to visit 24 different bird cages, each containing 10080 different kinds of birds.",The children saw 420 different kinds of birds from the bird cages.,contradiction,t_mul_024,div-073
2732,"At the bird zoo, the kids were able to visit 200 different bird cages, each containing 60000 different kinds of birds.",The children saw 300 different kinds of birds from the bird cages.,contradiction,t_mul_024,div-089
2733,A group of 17 friends were dressing as pirates for Halloween. Each costume cost 8 dollars.,They spent 9 dollars.,contradiction,t_mul_025,sub-013
2734,A group of 839 friends were dressing as pirates for Halloween. Each costume cost 31 dollars.,They spent 808 dollars.,contradiction,t_mul_025,sub-051
2735,A group of 5587 friends were dressing as pirates for Halloween. Each costume cost 1727 dollars.,They spent 3860 dollars.,contradiction,t_mul_025,sub-063
2736,A group of 6903 friends were dressing as pirates for Halloween. Each costume cost 220 dollars.,They spent 6683 dollars.,contradiction,t_mul_025,sub-066
2737,A group of 69 friends were dressing as pirates for Halloween. Each costume cost 81 dollars.,They spent 5569 dollars.,contradiction,t_mul_025,false-044
2738,Olivia was buying DVDs of her favorite TV series. Each season had 6 DVDs. She bought 1 seasons.,Olivia bought 7 DVDs in total.,contradiction,t_mul_026,add-011
2739,Olivia was buying DVDs of her favorite TV series. Each season had 2470 DVDs. She bought 9992 seasons.,Olivia bought 12462 DVDs in total.,contradiction,t_mul_026,add-064
2740,Olivia was buying DVDs of her favorite TV series. Each season had 14 DVDs. She bought 3 seasons.,Olivia bought 11 DVDs in total.,contradiction,t_mul_026,sub-011
2741,Olivia was buying DVDs of her favorite TV series. Each season had 62 DVDs. She bought 31 seasons.,Olivia bought 31 DVDs in total.,contradiction,t_mul_026,sub-025
2742,Olivia was buying DVDs of her favorite TV series. Each season had 50 DVDs. She bought 25 seasons.,Olivia bought 2 DVDs in total.,contradiction,t_mul_026,div-020
2743,Olivia was buying DVDs of her favorite TV series. Each season had 84 DVDs. She bought 14 seasons.,Olivia bought 7 DVDs in total.,contradiction,t_mul_026,false-009
2744,Olivia was buying DVDs of her favorite TV series. Each season had 19440 DVDs. She bought 72 seasons.,Olivia bought 19772 DVDs in total.,contradiction,t_mul_026,false-023
2745,Olivia was buying DVDs of her favorite TV series. Each season had 50760 DVDs. She bought 6 seasons.,Olivia bought 846 DVDs in total.,contradiction,t_mul_026,false-029
2746,Olivia was buying DVDs of her favorite TV series. Each season had 2 DVDs. She bought 8 seasons.,Olivia bought 28 DVDs in total.,contradiction,t_mul_026,false-080
2747,Olivia was buying DVDs of her favorite TV series. Each season had 14 DVDs. She bought 41 seasons.,Olivia bought 44 DVDs in total.,contradiction,t_mul_026,false-083
2748,A contractor was buying wall outlets for a new house he was building. Each room needed 56 outlets. The house has 22 rooms.,A contractor needs a total of 78 outlets.,contradiction,t_mul_027,add-028
2749,A contractor was buying wall outlets for a new house he was building. Each room needed 85341 outlets. The house has 52384 rooms.,A contractor needs a total of 137725 outlets.,contradiction,t_mul_027,add-091
2750,A contractor was buying wall outlets for a new house he was building. Each room needed 150 outlets. The house has 9733 rooms.,A contractor needs a total of 9583 outlets.,contradiction,t_mul_027,sub-076
2751,A contractor was buying wall outlets for a new house he was building. Each room needed 81 outlets. The house has 69 rooms.,A contractor needs a total of 5859 outlets.,contradiction,t_mul_027,false-045
2752,A contractor was buying wall outlets for a new house he was building. Each room needed 9018 outlets. The house has 4149 rooms.,A contractor needs a total of 1316 outlets.,contradiction,t_mul_027,false-094
2753,"Annie takes trick or treating seriously. So, days before Halloween, she makes sure that the details of her trick or treating are well planned. First, she wanted to find out the number of houses in her village. The village has 3 houses per block and has a total of 4 blocks.",There are 1 houses in her village.,contradiction,t_mul_028,sub-000
2754,"Annie takes trick or treating seriously. So, days before Halloween, she makes sure that the details of her trick or treating are well planned. First, she wanted to find out the number of houses in her village. The village has 11 houses per block and has a total of 132 blocks.",There are 12 houses in her village.,contradiction,t_mul_028,div-033
2755,"Annie takes trick or treating seriously. So, days before Halloween, she makes sure that the details of her trick or treating are well planned. First, she wanted to find out the number of houses in her village. The village has 16 houses per block and has a total of 288 blocks.",There are 18 houses in her village.,contradiction,t_mul_028,div-040
2756,"Annie takes trick or treating seriously. So, days before Halloween, she makes sure that the details of her trick or treating are well planned. First, she wanted to find out the number of houses in her village. The village has 776 houses per block and has a total of 41128 blocks.",There are 53 houses in her village.,contradiction,t_mul_028,div-082
2757,She wants to know how many children will go trick or treating in their village. There are 16 children on each of the 18 blocks.,34 children will go trick-or-treating in Annie's village.,contradiction,t_mul_030,add-027
2758,They decided to hold the party in their backyard. They have 18 sets of tables and each set has 16 chairs.,They have 34 chairs for the guests.,contradiction,t_mul_031,add-027
2759,They decided to hold the party in their backyard. They have 80 sets of tables and each set has 47 chairs.,They have 127 chairs for the guests.,contradiction,t_mul_031,add-039
2760,They decided to hold the party in their backyard. They have 75000 sets of tables and each set has 25000 chairs.,They have 100000 chairs for the guests.,contradiction,t_mul_031,add-087
2761,They decided to hold the party in their backyard. They have 15 sets of tables and each set has 12 chairs.,They have 3 chairs for the guests.,contradiction,t_mul_031,sub-012
2762,They decided to hold the party in their backyard. They have 73 sets of tables and each set has 35 chairs.,They have 38 chairs for the guests.,contradiction,t_mul_031,sub-026
2763,They decided to hold the party in their backyard. They have 2270 sets of tables and each set has 677 chairs.,They have 1593 chairs for the guests.,contradiction,t_mul_031,sub-058
2764,They decided to hold the party in their backyard. They have 7020 sets of tables and each set has 260 chairs.,They have 6760 chairs for the guests.,contradiction,t_mul_031,sub-067
2765,They decided to hold the party in their backyard. They have 9924 sets of tables and each set has 9280 chairs.,They have 644 chairs for the guests.,contradiction,t_mul_031,sub-077
2766,They decided to hold the party in their backyard. They have 180 sets of tables and each set has 12 chairs.,They have 15 chairs for the guests.,contradiction,t_mul_031,div-037
2767,They decided to hold the party in their backyard. They have 27492 sets of tables and each set has 87 chairs.,They have 316 chairs for the guests.,contradiction,t_mul_031,div-076
2768,"After resting, they decided to go for a swim. The depth of the water is 2 times Dean's height and he stands at 7 feet.",The water was 9 feet deep.,contradiction,t_mul_032,add-005
2769,"After resting, they decided to go for a swim. The depth of the water is 240 times Dean's height and he stands at 8 feet.",The water was 30 feet deep.,contradiction,t_mul_032,div-038
2770,"Their last stop before leaving the zoo is the bird museum. There, they went through 762 bird exhibits, spending 546 minutes going around each exhibit.",They spent 1308 minutes going through the museum.,contradiction,t_mul_033,add-050
2771,"Their last stop before leaving the zoo is the bird museum. There, they went through 35 bird exhibits, spending 83 minutes going around each exhibit.",They spent 48 minutes going through the museum.,contradiction,t_mul_033,sub-031
2772,"Their last stop before leaving the zoo is the bird museum. There, they went through 72 bird exhibits, spending 19440 minutes going around each exhibit.",They spent 270 minutes going through the museum.,contradiction,t_mul_033,div-075
2773,"Their last stop before leaving the zoo is the bird museum. There, they went through 250 bird exhibits, spending 87500 minutes going around each exhibit.",They spent 250 minutes going through the museum.,contradiction,t_mul_033,false-034
2774,Ben was also given 41 trays of eggs to examine. Each tray has 14 eggs.,Ben examined 55 eggs in total.,contradiction,t_mul_034,add-024
2775,Ben was also given 632 trays of eggs to examine. Each tray has 560 eggs.,Ben examined 1192 eggs in total.,contradiction,t_mul_034,add-051
2776,Ben was also given 12 trays of eggs to examine. Each tray has 15 eggs.,Ben examined 3 eggs in total.,contradiction,t_mul_034,sub-012
2777,Ben was also given 5000 trays of eggs to examine. Each tray has 7500 eggs.,Ben examined 2500 eggs in total.,contradiction,t_mul_034,sub-069
2778,Ben was also given 1 trays of eggs to examine. Each tray has 6 eggs.,Ben examined 6 eggs in total.,contradiction,t_mul_034,div-003
2779,Ben was also given 8 trays of eggs to examine. Each tray has 240 eggs.,Ben examined 30 eggs in total.,contradiction,t_mul_034,div-038
2780,Ben was also given 77 trays of eggs to examine. Each tray has 2002 eggs.,Ben examined 26 eggs in total.,contradiction,t_mul_034,div-052
2781,Ben was also given 14 trays of eggs to examine. Each tray has 84 eggs.,Ben examined 16 eggs in total.,contradiction,t_mul_034,false-008
2782,"For the walls of the house, he would use 9086 large planks of wood. Each plank of wood needs 22 pieces of nails to be secured.",John needs 9108 pieces of nails for the house wall.,contradiction,t_mul_035,add-072
2783,"For the walls of the house, he would use 59111 large planks of wood. Each plank of wood needs 58298 pieces of nails to be secured.",John needs 117409 pieces of nails for the house wall.,contradiction,t_mul_035,add-092
2784,"For the walls of the house, he would use 123456 large planks of wood. Each plank of wood needs 56789 pieces of nails to be secured.",John needs 66667 pieces of nails for the house wall.,contradiction,t_mul_035,sub-098
2785,"For the walls of the house, he would use 363 large planks of wood. Each plank of wood needs 33 pieces of nails to be secured.",John needs 11 pieces of nails for the house wall.,contradiction,t_mul_035,div-043
2786,"For the walls of the house, he would use 49743 large planks of wood. Each plank of wood needs 9 pieces of nails to be secured.",John needs 5527 pieces of nails for the house wall.,contradiction,t_mul_035,div-086
2787,"For the walls of the house, he would use 84 large planks of wood. Each plank of wood needs 14 pieces of nails to be secured.",John needs 16 pieces of nails for the house wall.,contradiction,t_mul_035,false-008
2788,"For the walls of the house, he would use 335 large planks of wood. Each plank of wood needs 537 pieces of nails to be secured.",John needs 17989 pieces of nails for the house wall.,contradiction,t_mul_035,false-049
2789,Annie also planned the time she would spend going around the 766 blocks in her village. She plans on spending just 86 minutes on each block.,It would take her 680 minutes to finish trick-or-treating.,contradiction,t_mul_036,sub-048
2790,Annie also planned the time she would spend going around the 5301 blocks in her village. She plans on spending just 57 minutes on each block.,It would take her 933 minutes to finish trick-or-treating.,contradiction,t_mul_036,false-019
2791,Annie also planned the time she would spend going around the 35304 blocks in her village. She plans on spending just 17386 minutes on each block.,It would take her 18148 minutes to finish trick-or-treating.,contradiction,t_mul_036,false-074
2792,Annie also planned the time she would spend going around the 53 blocks in her village. She plans on spending just 776 minutes on each block.,It would take her 876 minutes to finish trick-or-treating.,contradiction,t_mul_036,false-086
2793,"Janet was practicing for a marathon. She practiced for 2 days, running 2 miles each day.",Janet ran 4 miles altogether.,contradiction,t_mul_037,add-003
2794,"Janet was practicing for a marathon. She practiced for 997 days, running 68 miles each day.",Janet ran 929 miles altogether.,contradiction,t_mul_037,sub-054
2795,"Janet was practicing for a marathon. She practiced for 60000 days, running 200 miles each day.",Janet ran 600 miles altogether.,contradiction,t_mul_037,false-030
2796,"Janet was practicing for a marathon. She practiced for 560 days, running 632 miles each day.",Janet ran 1882 miles altogether.,contradiction,t_mul_037,false-088
2797,Adam could fit 80 action figures on each shelf in his room. His room has could hold 47 action figures.,His room had a total of 33 shelves.,contradiction,t_mul_038,sub-029
2798,Adam could fit 8656 action figures on each shelf in his room. His room has could hold 3533 action figures.,His room had a total of 5123 shelves.,contradiction,t_mul_038,sub-072
2799,Adam could fit 77148 action figures on each shelf in his room. His room has could hold 62935 action figures.,His room had a total of 14213 shelves.,contradiction,t_mul_038,sub-091
2800,Adam could fit 16 action figures on each shelf in his room. His room has could hold 8 action figures.,His room had a total of 2 shelves.,contradiction,t_mul_038,div-010
2801,Adam could fit 626 action figures on each shelf in his room. His room has could hold 59 action figures.,His room had a total of 626 shelves.,contradiction,t_mul_038,false-050
2802,Adam could fit 14 action figures on each shelf in his room. His room has could hold 41 action figures.,His room had a total of 44 shelves.,contradiction,t_mul_038,false-083
2803,"To get to school, Jenny decided to ride the school's double decker bus. The bus has a total of 12 rows of seats and each row has a capacity of 11 kids.","1 kids, in total, can ride the school bus.",contradiction,t_mul_039,sub-010
2804,"To get to school, Jenny decided to ride the school's double decker bus. The bus has a total of 248 rows of seats and each row has a capacity of 119 kids.","129 kids, in total, can ride the school bus.",contradiction,t_mul_039,sub-035
2805,Amanda and her friends decided to go to an amusement park for the weekend. The nearest amusement park from their city is Super Fun-tastic Land. They cover a distance of 19440 miles for every hour of travel and they travelled for 72 hours.,SFL is 270 miles away from the city.,contradiction,t_mul_040,div-075
2806,Amanda and her friends decided to go to an amusement park for the weekend. The nearest amusement park from their city is Super Fun-tastic Land. They cover a distance of 65876 miles for every hour of travel and they travelled for 86 hours.,SFL is 766 miles away from the city.,contradiction,t_mul_040,div-092
2807,The Ferris wheel in Paradise Park has 4149 seats. Each seat can hold 9018 people.,The Ferris wheel can accommodate 13167 people at the same time.,contradiction,t_mul_041,add-070
2808,The Ferris wheel in Paradise Park has 60874 seats. Each seat can hold 44542 people.,The Ferris wheel can accommodate 105416 people at the same time.,contradiction,t_mul_041,add-094
2809,The Ferris wheel in Paradise Park has 47 seats. Each seat can hold 7 people.,The Ferris wheel can accommodate 40 people at the same time.,contradiction,t_mul_041,sub-019
2810,The Ferris wheel in Paradise Park has 9462 seats. Each seat can hold 57 people.,The Ferris wheel can accommodate 166 people at the same time.,contradiction,t_mul_041,div-071
2811,The Ferris wheel in Paradise Park has 8977 seats. Each seat can hold 5249 people.,The Ferris wheel can accommodate 3648 people at the same time.,contradiction,t_mul_041,false-070
2812,Jesse's room is 7500 feet long and 5000 feet wide.,Jesse needs 2500 square feet of carpet to cover the whole floor.,contradiction,t_mul_042,sub-069
2813,Jesse's room is 31926 feet long and 25103 feet wide.,Jesse needs 6823 square feet of carpet to cover the whole floor.,contradiction,t_mul_042,sub-081
2814,Jesse's room is 6 feet long and 3 feet wide.,Jesse needs 2 square feet of carpet to cover the whole floor.,contradiction,t_mul_042,div-004
2815,Jesse's room is 136 feet long and 8 feet wide.,Jesse needs 17 square feet of carpet to cover the whole floor.,contradiction,t_mul_042,div-035
2816,In Haley's class 7020 are boys who love to play marbles. Haley gives 260 marbles to each boy.,Haley had 27 marbles.,contradiction,t_mul_043,div-064
2817,In Haley's class 60000 are boys who love to play marbles. Haley gives 200 marbles to each boy.,Haley had 600 marbles.,contradiction,t_mul_043,false-030
2818,It usually takes Stanley 59111 hours to go around his two favorite places. He took 58298 times longer than the usual.,Stanley took 117409 hours to go around the places this time.,contradiction,t_mul_044,add-092
2819,It usually takes Stanley 6903 hours to go around his two favorite places. He took 220 times longer than the usual.,Stanley took 6683 hours to go around the places this time.,contradiction,t_mul_044,sub-066
2820,It usually takes Stanley 27 hours to go around his two favorite places. He took 3 times longer than the usual.,Stanley took 9 hours to go around the places this time.,contradiction,t_mul_044,div-013
2821,It usually takes Stanley 48 hours to go around his two favorite places. He took 8 times longer than the usual.,Stanley took 4 hours to go around the places this time.,contradiction,t_mul_044,false-004
2822,It usually takes Stanley 248 hours to go around his two favorite places. He took 743 times longer than the usual.,Stanley took 248743 hours to go around the places this time.,contradiction,t_mul_044,false-052
2823,It usually takes Stanley 14 hours to go around his two favorite places. He took 41 times longer than the usual.,Stanley took 11 hours to go around the places this time.,contradiction,t_mul_044,false-082
2824,"Dean knew that they are going to stay at the beach for a while, so he brought 7 sets of clothes for every week of their stay. Dean is staying for 6 weeks there.",Dean brought 13 sets of clothes in total.,contradiction,t_mul_045,add-016
2825,"Dean knew that they are going to stay at the beach for a while, so he brought 18 sets of clothes for every week of their stay. Dean is staying for 5 weeks there.",Dean brought 13 sets of clothes in total.,contradiction,t_mul_045,sub-014
2826,"Dean knew that they are going to stay at the beach for a while, so he brought 132 sets of clothes for every week of their stay. Dean is staying for 11 weeks there.",Dean brought 121 sets of clothes in total.,contradiction,t_mul_045,sub-034
2827,"The first act included 119 clown mobiles, each stuffed with 248 clowns.",There are 129 clowns inside all the clown mobiles combined.,contradiction,t_mul_046,sub-035
2828,"The first act included 25 clown mobiles, each stuffed with 50 clowns.",There are 2 clowns inside all the clown mobiles combined.,contradiction,t_mul_046,div-020
2829,"The first act included 13 clown mobiles, each stuffed with 1105 clowns.",There are 85 clowns inside all the clown mobiles combined.,contradiction,t_mul_046,div-048
2830,We ordered 546 pizzas. Each pizza has 762 slices.,There are 1308 slices of pizza altogether.,contradiction,t_mul_048,add-050
2831,A mailman has to give 9 pieces of junk mail to each house in each block. There are 1 houses on a block.,10 pieces of junk mail should be given in each block.,contradiction,t_mul_049,add-002
2832,A mailman has to give 25 pieces of junk mail to each house in each block. There are 1250 houses on a block.,5 pieces of junk mail should be given in each block.,contradiction,t_mul_049,false-017
2833,"Stanley, a car enthusiast, loves to drive across different places as a hobby. So for his vacation, he decided to go around his favorite places. His first destination is the famous Sky Falls, one of the tallest waterfalls in his country. It is said to be 3878 times as tall as the tallest building in their city. The building is 83 feet tall.",Sky Falls is 3961 feet tall.,contradiction,t_mul_050,add-067
2834,"Stanley, a car enthusiast, loves to drive across different places as a hobby. So for his vacation, he decided to go around his favorite places. His first destination is the famous Sky Falls, one of the tallest waterfalls in his country. It is said to be 86200 times as tall as the tallest building in their city. The building is 11730 feet tall.",Sky Falls is 97930 feet tall.,contradiction,t_mul_050,add-098
2835,"Stanley, a car enthusiast, loves to drive across different places as a hobby. So for his vacation, he decided to go around his favorite places. His first destination is the famous Sky Falls, one of the tallest waterfalls in his country. It is said to be 3740 times as tall as the tallest building in their city. The building is 1330 feet tall.",Sky Falls is 2410 feet tall.,contradiction,t_mul_050,sub-060
2836,"Stanley, a car enthusiast, loves to drive across different places as a hobby. So for his vacation, he decided to go around his favorite places. His first destination is the famous Sky Falls, one of the tallest waterfalls in his country. It is said to be 7762 times as tall as the tallest building in their city. The building is 1906 feet tall.",Sky Falls is 5856 feet tall.,contradiction,t_mul_050,sub-071
2837,93 cars with 42 people each are going to the zoo.,135 people are going to the zoo,contradiction,t_mul_051,add-031
2838,1 cars with 8 people each are going to the zoo.,7 people are going to the zoo,contradiction,t_mul_051,sub-006
2839,5000 cars with 7500 people each are going to the zoo.,2500 people are going to the zoo,contradiction,t_mul_051,sub-069
2840,6967 cars with 7654 people each are going to the zoo.,687 people are going to the zoo,contradiction,t_mul_051,sub-070
2841,8 cars with 48 people each are going to the zoo.,12 people are going to the zoo,contradiction,t_mul_051,false-005
2842,"The mini library also has a section for the classics. Jack has a collection of 3 classic authors, with each author having 10 books.",There are 13 books in the classics section.,contradiction,t_mul_052,add-020
2843,"The mini library also has a section for the classics. Jack has a collection of 47 classic authors, with each author having 80 books.",There are 127 books in the classics section.,contradiction,t_mul_052,add-039
2844,"The mini library also has a section for the classics. Jack has a collection of 81 classic authors, with each author having 97 books.",There are 178 books in the classics section.,contradiction,t_mul_052,add-042
2845,"The mini library also has a section for the classics. Jack has a collection of 35 classic authors, with each author having 73 books.",There are 38 books in the classics section.,contradiction,t_mul_052,sub-026
2846,"Tyler, an animal rights advocate, decided to build his own animal sanctuary to protect different animals from poachers. The sanctuary was divided into different regions. The first region to be built was a bird sanctuary. Initially, he had 200 endangered bird species on that region. Each species has 625 pairs of birds.",Tyler has a total of 825 pairs.,contradiction,t_mul_053,add-043
2847,"Tyler, an animal rights advocate, decided to build his own animal sanctuary to protect different animals from poachers. The sanctuary was divided into different regions. The first region to be built was a bird sanctuary. Initially, he had 9086 endangered bird species on that region. Each species has 22 pairs of birds.",Tyler has a total of 9108 pairs.,contradiction,t_mul_053,add-072
2848,"Tyler, an animal rights advocate, decided to build his own animal sanctuary to protect different animals from poachers. The sanctuary was divided into different regions. The first region to be built was a bird sanctuary. Initially, he had 47 endangered bird species on that region. Each species has 7 pairs of birds.",Tyler has a total of 40 pairs.,contradiction,t_mul_053,sub-019
2849,"Tyler, an animal rights advocate, decided to build his own animal sanctuary to protect different animals from poachers. The sanctuary was divided into different regions. The first region to be built was a bird sanctuary. Initially, he had 6868 endangered bird species on that region. Each species has 3082 pairs of birds.",Tyler has a total of 3786 pairs.,contradiction,t_mul_053,sub-065
2850,"Tyler, an animal rights advocate, decided to build his own animal sanctuary to protect different animals from poachers. The sanctuary was divided into different regions. The first region to be built was a bird sanctuary. Initially, he had 75292 endangered bird species on that region. Each species has 18823 pairs of birds.",Tyler has a total of 4 pairs.,contradiction,t_mul_053,div-097
2851,"Tyler, an animal rights advocate, decided to build his own animal sanctuary to protect different animals from poachers. The sanctuary was divided into different regions. The first region to be built was a bird sanctuary. Initially, he had 19440 endangered bird species on that region. Each species has 72 pairs of birds.",Tyler has a total of 19772 pairs.,contradiction,t_mul_053,false-023
2852,"Tyler, an animal rights advocate, decided to build his own animal sanctuary to protect different animals from poachers. The sanctuary was divided into different regions. The first region to be built was a bird sanctuary. Initially, he had 7500 endangered bird species on that region. Each species has 5000 pairs of birds.",Tyler has a total of 250 pairs.,contradiction,t_mul_053,false-069
2853,"Tyler, an animal rights advocate, decided to build his own animal sanctuary to protect different animals from poachers. The sanctuary was divided into different regions. The first region to be built was a bird sanctuary. Initially, he had 14 endangered bird species on that region. Each species has 41 pairs of birds.",Tyler has a total of 44 pairs.,contradiction,t_mul_053,false-083
2854,"When he arrived there, he went on to climb to the top of the falls. It usually takes 22 minutes for someone to get to the top. Stanley took time to see the view so his climb took 56 times longer than the usual.",Stanley took 78 minutes to get to the top.,contradiction,t_mul_054,add-028
2855,"When he arrived there, he went on to climb to the top of the falls. It usually takes 60874 minutes for someone to get to the top. Stanley took time to see the view so his climb took 44542 times longer than the usual.",Stanley took 105416 minutes to get to the top.,contradiction,t_mul_054,add-094
2856,"When he arrived there, he went on to climb to the top of the falls. It usually takes 80 minutes for someone to get to the top. Stanley took time to see the view so his climb took 47 times longer than the usual.",Stanley took 33 minutes to get to the top.,contradiction,t_mul_054,sub-029
2857,"When he arrived there, he went on to climb to the top of the falls. It usually takes 682 minutes for someone to get to the top. Stanley took time to see the view so his climb took 591 times longer than the usual.",Stanley took 91 minutes to get to the top.,contradiction,t_mul_054,sub-046
2858,"When he arrived there, he went on to climb to the top of the falls. It usually takes 2255 minutes for someone to get to the top. Stanley took time to see the view so his climb took 548 times longer than the usual.",Stanley took 1707 minutes to get to the top.,contradiction,t_mul_054,sub-057
2859,"When he arrived there, he went on to climb to the top of the falls. It usually takes 35 minutes for someone to get to the top. Stanley took time to see the view so his climb took 7 times longer than the usual.",Stanley took 5 minutes to get to the top.,contradiction,t_mul_054,div-016
2860,"When he arrived there, he went on to climb to the top of the falls. It usually takes 6540 minutes for someone to get to the top. Stanley took time to see the view so his climb took 60 times longer than the usual.",Stanley took 109 minutes to get to the top.,contradiction,t_mul_054,div-063
2861,"When he arrived there, he went on to climb to the top of the falls. It usually takes 57897 minutes for someone to get to the top. Stanley took time to see the view so his climb took 63 times longer than the usual.",Stanley took 919 minutes to get to the top.,contradiction,t_mul_054,div-088
2862,"When he arrived there, he went on to climb to the top of the falls. It usually takes 63648 minutes for someone to get to the top. Stanley took time to see the view so his climb took 612 times longer than the usual.",Stanley took 104 minutes to get to the top.,contradiction,t_mul_054,div-091
2863,"When he arrived there, he went on to climb to the top of the falls. It usually takes 1250 minutes for someone to get to the top. Stanley took time to see the view so his climb took 25 times longer than the usual.",Stanley took 5 minutes to get to the top.,contradiction,t_mul_054,false-017
2864,"There are 94374 bottle caps in every box of Beverly's bottle cap collection, and the bottle caps are organized into 12842 boxes",81532 bottle caps are there in total,contradiction,t_mul_055,sub-096
2865,"There are 3906 bottle caps in every box of Beverly's bottle cap collection, and the bottle caps are organized into 93 boxes",42 bottle caps are there in total,contradiction,t_mul_055,div-059
2866,"There are 5587 bottle caps in every box of Beverly's bottle cap collection, and the bottle caps are organized into 1727 boxes",5517 bottle caps are there in total,contradiction,t_mul_055,false-066
2867,"It's Valentine's Day in the city and Mayor Harvey wants to celebrate by giving the institutions for women some flowers. His first beneficiary was the nursing home for old women. He bought 19152 sets of flowers, 618 pieces each.",Mayor Harvey bought 19770 flowers for the nursing home.,contradiction,t_mul_056,add-054
2868,"It's Valentine's Day in the city and Mayor Harvey wants to celebrate by giving the institutions for women some flowers. His first beneficiary was the nursing home for old women. He bought 13 sets of flowers, 36 pieces each.",Mayor Harvey bought 23 flowers for the nursing home.,contradiction,t_mul_056,sub-017
2869,"It's Valentine's Day in the city and Mayor Harvey wants to celebrate by giving the institutions for women some flowers. His first beneficiary was the nursing home for old women. He bought 396 sets of flowers, 705 pieces each.",Mayor Harvey bought 309 flowers for the nursing home.,contradiction,t_mul_056,sub-047
2870,"It's Valentine's Day in the city and Mayor Harvey wants to celebrate by giving the institutions for women some flowers. His first beneficiary was the nursing home for old women. He bought 35 sets of flowers, 2555 pieces each.",Mayor Harvey bought 73 flowers for the nursing home.,contradiction,t_mul_056,div-055
2871,"It's Valentine's Day in the city and Mayor Harvey wants to celebrate by giving the institutions for women some flowers. His first beneficiary was the nursing home for old women. He bought 57 sets of flowers, 5301 pieces each.",Mayor Harvey bought 93 flowers for the nursing home.,contradiction,t_mul_056,div-061
2872,"When she got to school, she saw that the school is composed of 6 buildings, each having 76 classrooms.",The school has 82 classrooms.,contradiction,t_mul_057,add-038
2873,"When she got to school, she saw that the school is composed of 3 buildings, each having 9 classrooms.",The school has 6 classrooms.,contradiction,t_mul_057,sub-008
2874,The Razorback T-shirt Shop ordered 7 cases of t-shirts. Each case contains 1 t-shirts.,They ordered 8 t-shirts.,contradiction,t_mul_058,add-001
2875,"When relatives visit Haley and her family, she and her cousins do origami and she gives 93 origami papers to every 1 of her 57 cousins",She has given away 150 papers,contradiction,t_mul_059,add-041
2876,"When relatives visit Haley and her family, she and her cousins do origami and she gives 97 origami papers to every 1 of her 81 cousins",She has given away 16 papers,contradiction,t_mul_059,sub-033
2877,"When relatives visit Haley and her family, she and her cousins do origami and she gives 35304 origami papers to every 1 of her 17386 cousins",She has given away 17918 papers,contradiction,t_mul_059,sub-082
2878,"When relatives visit Haley and her family, she and her cousins do origami and she gives 19440 origami papers to every 1 of her 72 cousins",She has given away 19772 papers,contradiction,t_mul_059,false-023
2879,"When relatives visit Haley and her family, she and her cousins do origami and she gives 87500 origami papers to every 1 of her 250 cousins",She has given away 250 papers,contradiction,t_mul_059,false-034
2880,Jill invited 436 people to her birthday party. They each ate 396 pieces of pizza.,They ate 832 pieces of pizza.,contradiction,t_mul_060,add-048
2881,Jill invited 46942 people to her birthday party. They each ate 54572 pieces of pizza.,They ate 101514 pieces of pizza.,contradiction,t_mul_060,add-089
2882,Jill invited 73276 people to her birthday party. They each ate 73276 pieces of pizza.,They ate 146552 pieces of pizza.,contradiction,t_mul_060,add-096
2883,Jill invited 7 people to her birthday party. They each ate 1 pieces of pizza.,They ate 6 pieces of pizza.,contradiction,t_mul_060,sub-003
2884,"After they vacation, they figured out that the farm was divided into 1 sections and each section has a land area of 1 acres.",The total area of the farm is 1 acres.,contradiction,t_mul_061,div-000
2885,"After they vacation, they figured out that the farm was divided into 5 sections and each section has a land area of 55 acres.",The total area of the farm is 11 acres.,contradiction,t_mul_061,div-022
2886,"After they vacation, they figured out that the farm was divided into 12 sections and each section has a land area of 180 acres.",The total area of the farm is 15 acres.,contradiction,t_mul_061,div-037
2887,Mrs. Hilt bought 396 hot dogs. Each hot dog cost 436 cents.,Mrs. Hilt spent 832 cents in total for all the hot dogs.,contradiction,t_mul_062,add-048
2888,Mrs. Hilt bought 13 hot dogs. Each hot dog cost 36 cents.,Mrs. Hilt spent 23 cents in total for all the hot dogs.,contradiction,t_mul_062,sub-017
2889,Mrs. Hilt bought 1727 hot dogs. Each hot dog cost 5587 cents.,Mrs. Hilt spent 3860 cents in total for all the hot dogs.,contradiction,t_mul_062,sub-063
2890,Mrs. Hilt bought 35356 hot dogs. Each hot dog cost 92614 cents.,Mrs. Hilt spent 57258 cents in total for all the hot dogs.,contradiction,t_mul_062,sub-095
2891,Mrs. Hilt bought 3 hot dogs. Each hot dog cost 42 cents.,Mrs. Hilt spent 14 cents in total for all the hot dogs.,contradiction,t_mul_062,div-017
2892,Ben was asked to count the number of cows that they have. He saw that there are a total of 2 cows for every cow herd. There are 8 cow herds in the farm.,There are 10 cows in total.,contradiction,t_mul_063,add-006
2893,Ben was asked to count the number of cows that they have. He saw that there are a total of 6 cows for every cow herd. There are 8 cow herds in the farm.,There are 14 cows in total.,contradiction,t_mul_063,add-013
2894,Ben was asked to count the number of cows that they have. He saw that there are a total of 12 cows for every cow herd. There are 11 cow herds in the farm.,There are 1 cows in total.,contradiction,t_mul_063,sub-010
2895,Ben was asked to count the number of cows that they have. He saw that there are a total of 2270 cows for every cow herd. There are 677 cow herds in the farm.,There are 1593 cows in total.,contradiction,t_mul_063,sub-058
2896,Ben was asked to count the number of cows that they have. He saw that there are a total of 123456 cows for every cow herd. There are 56789 cow herds in the farm.,There are 66667 cows in total.,contradiction,t_mul_063,sub-098
2897,Ben was asked to count the number of cows that they have. He saw that there are a total of 12 cows for every cow herd. There are 3 cow herds in the farm.,There are 5 cows in total.,contradiction,t_mul_063,false-000
2898,8 people ate 17 lemon heads each.,9 lemon heads were eaten all together,contradiction,t_mul_064,sub-013
2899,3560 people ate 76666 lemon heads each.,73106 lemon heads were eaten all together,contradiction,t_mul_064,sub-090
2900,Shirley sold 64237 cases of boxes of trefoils. Each case has 73360 boxes.,Shirley needs to deliver 137597 boxes of trefoils.,contradiction,t_mul_065,add-093
2901,Shirley sold 97 cases of boxes of trefoils. Each case has 81 boxes.,Shirley needs to deliver 16 boxes of trefoils.,contradiction,t_mul_065,sub-033
2902,Shirley sold 81 cases of boxes of trefoils. Each case has 9 boxes.,Shirley needs to deliver 9 boxes of trefoils.,contradiction,t_mul_065,div-028
2903,Third-grade students went to a concert in 50745 buses. Each bus took 6494 students.,57239 students went to the concert.,contradiction,t_mul_066,add-075
2904,Third-grade students went to a concert in 53292 buses. Each bus took 10447 students.,63739 students went to the concert.,contradiction,t_mul_066,add-083
2905,Third-grade students went to a concert in 1830 buses. Each bus took 2050 students.,220 students went to the concert.,contradiction,t_mul_066,sub-056
2906,"After going down the falls, he then went to Rock Mist Mountains. The mountain is 62 times farther from the city than Sky Falls and Sky Falls is 31 miles from the city.",Rocky Mist is 31 miles from the city.,contradiction,t_mul_067,sub-025
2907,"After going down the falls, he then went to Rock Mist Mountains. The mountain is 490 times farther from the city than Sky Falls and Sky Falls is 90 miles from the city.",Rocky Mist is 400 miles from the city.,contradiction,t_mul_067,sub-043
2908,"After going down the falls, he then went to Rock Mist Mountains. The mountain is 2270 times farther from the city than Sky Falls and Sky Falls is 677 miles from the city.",Rocky Mist is 1593 miles from the city.,contradiction,t_mul_067,sub-058
2909,Our watermelons have 8 seeds each. We have 2 watermelons.,"If the same number of seeds go in each can, there will be 10 seeds.",contradiction,t_mul_068,add-018
2910,Our watermelons have 14 seeds each. We have 41 watermelons.,"If the same number of seeds go in each can, there will be 55 seeds.",contradiction,t_mul_068,add-024
2911,Our watermelons have 2255 seeds each. We have 548 watermelons.,"If the same number of seeds go in each can, there will be 2803 seeds.",contradiction,t_mul_068,add-063
2912,Our watermelons have 86200 seeds each. We have 11730 watermelons.,"If the same number of seeds go in each can, there will be 97930 seeds.",contradiction,t_mul_068,add-098
2913,He then went to see the oranges being harvested. He found out that they harvest 8977 sacks and that each sack containes 5249 oranges.,They harvest a total of 3648 oranges.,contradiction,t_mul_069,false-070
2914,Chris gave his 7 friends 5 pieces of candy each.,Chris gave his friends 12 pieces of candy.,contradiction,t_mul_070,add-015
2915,Chris gave his 2270 friends 677 pieces of candy each.,Chris gave his friends 1593 pieces of candy.,contradiction,t_mul_070,sub-058
2916,Chris gave his 132 friends 11 pieces of candy each.,Chris gave his friends 12 pieces of candy.,contradiction,t_mul_070,div-033
2917,Chris gave his 574 friends 41 pieces of candy each.,Chris gave his friends 14 pieces of candy.,contradiction,t_mul_070,div-047
2918,Chris gave his 2002 friends 77 pieces of candy each.,Chris gave his friends 26 pieces of candy.,contradiction,t_mul_070,div-052
2919,Chris gave his 2769 friends 71 pieces of candy each.,Chris gave his friends 39 pieces of candy.,contradiction,t_mul_070,div-056
2920,Chris gave his 140 friends 4 pieces of candy each.,Chris gave his friends 30 pieces of candy.,contradiction,t_mul_070,false-010
2921,Chris gave his 3777 friends 75 pieces of candy each.,Chris gave his friends 283720 pieces of candy.,contradiction,t_mul_070,false-057
2922,Chris gave his 92614 friends 35356 pieces of candy each.,Chris gave his friends 63598 pieces of candy.,contradiction,t_mul_070,false-076
2923,White t-shirts can be purchased in packages of 41. Mom buys 14 packages.,Mom will have 55 white t-shirts.,contradiction,t_mul_071,add-024
2924,White t-shirts can be purchased in packages of 20000. Mom buys 125000 packages.,Mom will have 105000 white t-shirts.,contradiction,t_mul_071,sub-099
2925,Mrs. Hilt saw 997 bees in the hive. The next day she saw 68 times that many.,Mrs. Hilt saw 929 bees on the second day.,contradiction,t_mul_073,sub-054
2926,Paige was helping her mom plant flowers and together they planted some seeds. They put 8 seeds in each flower bed. There are 2 flowerbeds.,They planted 10 seeds.,contradiction,t_mul_075,add-006
2927,Paige was helping her mom plant flowers and together they planted some seeds. They put 396 seeds in each flower bed. There are 436 flowerbeds.,They planted 40 seeds.,contradiction,t_mul_075,sub-042
2928,Paige was helping her mom plant flowers and together they planted some seeds. They put 1600 seeds in each flower bed. There are 2400 flowerbeds.,They planted 800 seeds.,contradiction,t_mul_075,sub-059
2929,Paige was helping her mom plant flowers and together they planted some seeds. They put 93 seeds in each flower bed. There are 3906 flowerbeds.,They planted 42 seeds.,contradiction,t_mul_075,div-059
2930,Robin has 42 packages of gum. There are 6 pieces in each package.,Robin has 7 pieces of gum.,contradiction,t_mul_076,div-018
2931,Bryan took a look at his books as well. He has 57 books in each of his 49 bookshelves.,Bryan has 8 books.,contradiction,t_mul_077,sub-021
2932,He also had 9018 aquariums for saltwater animals. Each aquarium has 4149 animals in it.,Tyler has 13167 saltwater animals.,contradiction,t_mul_078,add-070
2933,He also had 25 aquariums for saltwater animals. Each aquarium has 1250 animals in it.,Tyler has 50 saltwater animals.,contradiction,t_mul_078,div-050
2934,Both of them were also asked to take note of the total number of chicken in the farm. Ben counted a total of 220 chicken coops and Daniel said that there are 6903 chickens in one coop.,They have 7123 chickens in total.,contradiction,t_mul_079,add-076
2935,Both of them were also asked to take note of the total number of chicken in the farm. Ben counted a total of 56789 chicken coops and Daniel said that there are 123456 chickens in one coop.,They have 66667 chickens in total.,contradiction,t_mul_079,sub-098
2936,Both of them were also asked to take note of the total number of chicken in the farm. Ben counted a total of 8 chicken coops and Daniel said that there are 136 chickens in one coop.,They have 17 chickens in total.,contradiction,t_mul_079,div-035
2937,There are 41 houses in a block. A mailman has to give 574 pieces of junk mail to each house in each block.,Each block should be given 615 pieces of junk mail.,contradiction,t_mul_080,add-055
2938,"4 people are going to the zoo, and there are 2 tasty sandwiches made ready for each person's lunch.",6 sandwiches are prepared in total,contradiction,t_mul_081,add-008
2939,"9086 people are going to the zoo, and there are 22 tasty sandwiches made ready for each person's lunch.",9108 sandwiches are prepared in total,contradiction,t_mul_081,add-072
2940,"9222 people are going to the zoo, and there are 20 tasty sandwiches made ready for each person's lunch.",9202 sandwiches are prepared in total,contradiction,t_mul_081,sub-075
2941,"560 people are going to the zoo, and there are 632 tasty sandwiches made ready for each person's lunch.",112 sandwiches are prepared in total,contradiction,t_mul_081,false-089
2942,Frank had some pieces of candy. He put them into 2 bags with 4 pieces in each bag.,Frank has 6 pieces of candy.,contradiction,t_mul_082,add-008
2943,Frank had some pieces of candy. He put them into 21709 bags with 49790 pieces in each bag.,Frank has 28081 pieces of candy.,contradiction,t_mul_082,sub-083
2944,Frank had some pieces of candy. He put them into 25 bags with 50 pieces in each bag.,Frank has 2 pieces of candy.,contradiction,t_mul_082,div-020
2945,Frank had some pieces of candy. He put them into 93 bags with 3906 pieces in each bag.,Frank has 42 pieces of candy.,contradiction,t_mul_082,div-059
2946,Frank had some pieces of candy. He put them into 8 bags with 30 pieces in each bag.,Frank has 308 pieces of candy.,contradiction,t_mul_082,false-039
2947,Frank had some pieces of candy. He put them into 7337 bags with 4087 pieces in each bag.,Frank has 1124 pieces of candy.,contradiction,t_mul_082,false-092
2948,Frank had some pieces of candy. He put them into 54572 bags with 46942 pieces in each bag.,Frank has 10154 pieces of candy.,contradiction,t_mul_082,false-097
2949,"Another region was the aquatic reserve for freshwater organisms. There are 904 bodies of water in the region, each having 524 different fishes.",There is a total of 1428 fishes.,contradiction,t_mul_083,add-049
2950,A book has 7 chapters. Each chapter is 47 pages long.,The book has a total of 54 pages.,contradiction,t_mul_084,add-032
2951,A book has 1 chapters. Each chapter is 6 pages long.,The book has a total of 6 pages.,contradiction,t_mul_084,div-003
2952,A book has 1 chapters. Each chapter is 8 pages long.,The book has a total of 8 pages.,contradiction,t_mul_084,div-005
2953,If each bag has 81 cookies and you had 97 bags of cookies.,You would have 16 cookies.,contradiction,t_mul_085,sub-033
2954,There were 14 book shelves. Each book shelf had 7 books.,There were 21 books on the shelves.,contradiction,t_mul_086,add-030
2955,There were 80 book shelves. Each book shelf had 47 books.,There were 127 books on the shelves.,contradiction,t_mul_086,add-039
2956,There were 600 book shelves. Each book shelf had 500 books.,There were 1100 books on the shelves.,contradiction,t_mul_086,add-053
2957,There were 4087 book shelves. Each book shelf had 7337 books.,There were 1424 books on the shelves.,contradiction,t_mul_086,false-093
2958,The next act involved several jugglers. Each juggler is juggling 46 balls at a time. 78 jugglers are putting on a show at the same time.,32 balls are needed.,contradiction,t_mul_087,sub-028
2959,The next act involved several jugglers. Each juggler is juggling 1 balls at a time. 1 jugglers are putting on a show at the same time.,1 balls are needed.,contradiction,t_mul_087,div-000
2960,The next act involved several jugglers. Each juggler is juggling 2 balls at a time. 4 jugglers are putting on a show at the same time.,2 balls are needed.,contradiction,t_mul_087,div-002
2961,"Determined to have fun, they travelled to the next amusement park, HappyLand. They cover a distance of 93 feet for every minute of travel and they travelled for 57 minutes.",HappyLand is 150 feet away from SFL.,contradiction,t_mul_089,add-041
2962,"Determined to have fun, they travelled to the next amusement park, HappyLand. They cover a distance of 93 feet for every minute of travel and they travelled for 57 minutes.",HappyLand is 150 feet away from SFL.,contradiction,t_mul_089,add-041
2963,A candy store has 623 boxes of chocolates. Each box has 817 pieces.,There are 1440 pieces altogether in the boxes.,contradiction,t_mul_090,add-057
2964,A candy store has 31 boxes of chocolates. Each box has 839 pieces.,There are 808 pieces altogether in the boxes.,contradiction,t_mul_090,sub-051
2965,"One of his favorites is a book called Encyclopedia of Life and Everything Else. The book has 2 large chapters, each having 4 pages.",The encyclopedia has a total of 6 pages.,contradiction,t_mul_091,add-008
2966,"One of his favorites is a book called Encyclopedia of Life and Everything Else. The book has 8 large chapters, each having 16 pages.",The encyclopedia has a total of 24 pages.,contradiction,t_mul_091,add-023
2967,There are 49790 fishbowls. Each fishbowl has 21709 fish.,There are 71499 fish.,contradiction,t_mul_092,add-090
2968,There are 7762 fishbowls. Each fishbowl has 1906 fish.,There are 5856 fish.,contradiction,t_mul_092,sub-071
2969,There are 75292 fishbowls. Each fishbowl has 18823 fish.,There are 56469 fish.,contradiction,t_mul_092,sub-088
2970,Lansing has 37919 elementary schools and there are 73040 students in each school,110959 elementary students are there altogether in Lansing,contradiction,t_mul_093,add-095
2971,Lansing has 31 elementary schools and there are 62 students in each school,31 elementary students are there altogether in Lansing,contradiction,t_mul_093,sub-025
2972,Luke played 7762 rounds of a trivia game. He gained 1906 points in each round.,Luke scored 9668 points in the game.,contradiction,t_mul_094,add-080
2973,Luke played 10 rounds of a trivia game. He gained 3 points in each round.,Luke scored 7 points in the game.,contradiction,t_mul_094,sub-009
2974,Luke played 78 rounds of a trivia game. He gained 46 points in each round.,Luke scored 32 points in the game.,contradiction,t_mul_094,sub-028
2975,Luke played 436 rounds of a trivia game. He gained 396 points in each round.,Luke scored 40 points in the game.,contradiction,t_mul_094,sub-042
2976,Lisa took a plane trip of 93 miles and she took this trip 57 times,She has flown 150 miles,contradiction,t_mul_095,add-041
2977,Lisa took a plane trip of 59111 miles and she took this trip 58298 times,She has flown 117409 miles,contradiction,t_mul_095,add-092
2978,Lisa took a plane trip of 335 miles and she took this trip 537 times,She has flown 17989 miles,contradiction,t_mul_095,false-049
2979,Lisa took a plane trip of 248 miles and she took this trip 743 times,She has flown 126484 miles,contradiction,t_mul_095,false-053
2980,Lisa took a plane trip of 8977 miles and she took this trip 5249 times,She has flown 3278 miles,contradiction,t_mul_095,false-071
2981,Emily collected eggs from the hen and put them into 2470 baskets. She put 9992 eggs into each basket.,Emily collected 12462 eggs.,contradiction,t_mul_096,add-064
2982,Emily collected eggs from the hen and put them into 7020 baskets. She put 260 eggs into each basket.,Emily collected 7280 eggs.,contradiction,t_mul_096,add-077
2983,Frank was reading through his favorite book. He read 776 pages per day and it took him 53 days to finish the book.,The book has 876 pages.,contradiction,t_mul_097,false-086
2984,There are 63 pots. Each pot has 9 flowers in it.,There are 54 flowers in all.,contradiction,t_mul_098,sub-030
2985,There are some bananas in Philip's banana collection. The bananas are organized into 41 groups of size 14.,Philip has 55 bananas in his collection.,contradiction,t_mul_099,add-024
2986,There are some bananas in Philip's banana collection. The bananas are organized into 16 groups of size 18.,Philip has 34 bananas in his collection.,contradiction,t_mul_099,add-027
2987,There are some bananas in Philip's banana collection. The bananas are organized into 58298 groups of size 59111.,Philip has 117409 bananas in his collection.,contradiction,t_mul_099,add-092
2988,Philip has 945 bottle caps stored in boxes. The are 97 boxes.,Each box must contain 1042 bottle cap.,contradiction,t_div_000,add-059
2989,Philip has 9924 bottle caps stored in boxes. The are 9280 boxes.,Each box must contain 6464 bottle cap.,contradiction,t_div_000,false-073
2990,2 people can ride the Ferris wheel in paradise park at the same time. Each seat on the Ferris wheel can hold 8 people.,The Ferris wheel has 10 seats.,contradiction,t_div_001,add-006
2991,Charles strolled 997 miles at 68 miles per hour,Charles travelled for 1065 hours,contradiction,t_div_002,add-060
2992,Charles strolled 9 miles at 2 miles per hour,Charles travelled for 7 hours,contradiction,t_div_002,sub-007
2993,Charles strolled 15 miles at 12 miles per hour,Charles travelled for 3 hours,contradiction,t_div_002,sub-012
2994,An industrial machine can make 740 shirts per minute. It made 62 shirts in all.,The machine worked for 802 minutes.,contradiction,t_div_003,add-036
2995,An industrial machine can make 3533 shirts per minute. It made 8656 shirts in all.,The machine worked for 5123 minutes.,contradiction,t_div_003,sub-072
2996,An industrial machine can make 743 shirts per minute. It made 248 shirts in all.,The machine worked for 248743 minutes.,contradiction,t_div_003,false-052
2997,An industrial machine can make 5000 shirts per minute. It made 7500 shirts in all.,The machine worked for 7550 minutes.,contradiction,t_div_003,false-068
2998,Jesse needs a carpet of size 9924 square feet to cover her room. Her room is 9280 feet long.,The width of her room is 644 feet.,contradiction,t_div_004,sub-077
2999,Jesse needs a carpet of size 76666 square feet to cover her room. Her room is 3560 feet long.,The width of her room is 73106 feet.,contradiction,t_div_004,sub-090
3000,Jesse needs a carpet of size 3777 square feet to cover her room. Her room is 75 feet long.,The width of her room is 283720 feet.,contradiction,t_div_004,false-057
3001,If you have 817 cookies in total and 623 bags having equal number of cookies.,Each bag of cookies has 1440 cookies.,contradiction,t_div_005,add-057
3002,If you have 6447 cookies in total and 958 bags having equal number of cookies.,Each bag of cookies has 5489 cookies.,contradiction,t_div_005,sub-064
3003,If you have 7020 cookies in total and 260 bags having equal number of cookies.,Each bag of cookies has 6760 cookies.,contradiction,t_div_005,sub-067
3004,Jesse's room is 2 feet long. She needs a carpet of size 4 square feet.,The width of her room is 6 feet.,contradiction,t_div_006,add-008
3005,Jesse's room is 2 feet long. She needs a carpet of size 8 square feet.,The width of her room is 10 feet.,contradiction,t_div_006,add-018
3006,Jesse's room is 8 feet long. She needs a carpet of size 16 square feet.,The width of her room is 24 feet.,contradiction,t_div_006,add-023
3007,Jesse's room is 3 feet long. She needs a carpet of size 14 square feet.,The width of her room is 11 feet.,contradiction,t_div_006,sub-011
3008,Jesse's room is 97 feet long. She needs a carpet of size 945 square feet.,The width of her room is 848 feet.,contradiction,t_div_006,sub-053
3009,Jesse's room is 3 feet long. She needs a carpet of size 12 square feet.,The width of her room is 5 feet.,contradiction,t_div_006,false-000
3010,Jesse's room is 81 feet long. She needs a carpet of size 69 square feet.,The width of her room is 5859 feet.,contradiction,t_div_006,false-045
3011,Emily is making bead necklaces for her friends. Each necklace takes 3 beads and she has 4 beads.,Emily can make 12 necklaces.,contradiction,t_div_007,mul-004
3012,Emily is making bead necklaces for her friends. Each necklace takes 5 beads and she has 7 beads.,Emily can make 35 necklaces.,contradiction,t_div_007,mul-010
3013,Emily is making bead necklaces for her friends. Each necklace takes 500 beads and she has 600 beads.,Emily can make 300000 necklaces.,contradiction,t_div_007,mul-075
3014,Emily is making bead necklaces for her friends. Each necklace takes 47 beads and she has 747 beads.,Emily can make 35109 necklaces.,contradiction,t_div_007,mul-079
3015,Emily is making bead necklaces for her friends. Each necklace takes 14 beads and she has 84 beads.,Emily can make 16 necklaces.,contradiction,t_div_007,false-008
3016,Emily is making bead necklaces for her friends. Each necklace takes 8 beads and she has 2 beads.,Emily can make 12 necklaces.,contradiction,t_div_007,false-081
3017,Frank put 87 pieces of candy in each bag. He had 60 pieces of candy.,There are 147 bags.,contradiction,t_div_008,add-034
3018,He also had 713 aquariums for saltwater animals. The aquarium had 7195 saltwater animals in total and every aquarium had the same number of animals.,Each aquarium has 6482 saltwater animals.,contradiction,t_div_009,sub-068
3019,He also had 3 aquariums for saltwater animals. The aquarium had 2 saltwater animals in total and every aquarium had the same number of animals.,Each aquarium has 6 saltwater animals.,contradiction,t_div_009,mul-001
3020,He also had 33 aquariums for saltwater animals. The aquarium had 11 saltwater animals in total and every aquarium had the same number of animals.,Each aquarium has 363 saltwater animals.,contradiction,t_div_009,mul-017
3021,He also had 7 aquariums for saltwater animals. The aquarium had 10000 saltwater animals in total and every aquarium had the same number of animals.,Each aquarium has 70000 saltwater animals.,contradiction,t_div_009,mul-099
3022,He also had 16 aquariums for saltwater animals. The aquarium had 288 saltwater animals in total and every aquarium had the same number of animals.,Each aquarium has 16 saltwater animals.,contradiction,t_div_009,false-013
3023,He also had 776 aquariums for saltwater animals. The aquarium had 41128 saltwater animals in total and every aquarium had the same number of animals.,Each aquarium has 55 saltwater animals.,contradiction,t_div_009,false-025
3024,There are 524 marbles in Phyllis's marble collection. The marbles are organized into 904 groups.,Each group has 1428 marbles.,contradiction,t_div_010,add-049
3025,There are 9086 marbles in Phyllis's marble collection. The marbles are organized into 22 groups.,Each group has 9108 marbles.,contradiction,t_div_010,add-072
3026,There are 35304 marbles in Phyllis's marble collection. The marbles are organized into 17386 groups.,Each group has 17918 marbles.,contradiction,t_div_010,sub-082
3027,There are 123456 marbles in Phyllis's marble collection. The marbles are organized into 56789 groups.,Each group has 12345 marbles.,contradiction,t_div_010,false-078
3028,There are 14 marbles in Phyllis's marble collection. The marbles are organized into 41 groups.,Each group has 44 marbles.,contradiction,t_div_010,false-083
3029,A bee has 73040 legs and the legs are split on 37919 sides of their body,110959 legs are on a side,contradiction,t_div_012,add-095
3030,A bee has 415 legs and the legs are split on 32 sides of their body,383 legs are on a side,contradiction,t_div_012,sub-040
3031,A bee has 83 legs and the legs are split on 35 sides of their body,2905 legs are on a side,contradiction,t_div_012,mul-047
3032,A bee has 69 legs and the legs are split on 81 sides of their body,5569 legs are on a side,contradiction,t_div_012,false-044
3033,Emily is making bead necklaces for her friends. She was able to make 12 necklaces and she had 15 beads.,Each necklace needed 27 beads.,contradiction,t_div_013,add-025
3034,Emily is making bead necklaces for her friends. She was able to make 41 necklaces and she had 574 beads.,Each necklace needed 615 beads.,contradiction,t_div_013,add-055
3035,Emily is making bead necklaces for her friends. She was able to make 54572 necklaces and she had 46942 beads.,Each necklace needed 101514 beads.,contradiction,t_div_013,add-089
3036,Emily is making bead necklaces for her friends. She was able to make 54572 necklaces and she had 46942 beads.,Each necklace needed 46942 beads.,contradiction,t_div_013,false-096
3037,Matthew had 60874 crackers. Matthew gave equal numbers of crackers to his 44542 friends.,Each person ate 105416 crackers.,contradiction,t_div_014,add-094
3038,Matthew had 9 crackers. Matthew gave equal numbers of crackers to his 3 friends.,Each person ate 27 crackers.,contradiction,t_div_014,mul-009
3039,Matthew had 60000 crackers. Matthew gave equal numbers of crackers to his 200 friends.,Each person ate 200 crackers.,contradiction,t_div_014,false-031
3040,There are 44542 students in the class and 60874 Skittles. The Skittles are divided equally among the students.,Each student gets 105416 Skittles.,contradiction,t_div_015,add-094
3041,There are 11 students in the class and 12 Skittles. The Skittles are divided equally among the students.,Each student gets 1 Skittles.,contradiction,t_div_015,sub-010
3042,There are 537 students in the class and 335 Skittles. The Skittles are divided equally among the students.,Each student gets 179895 Skittles.,contradiction,t_div_015,mul-062
3043,White t - shirts can be purchased in packages of 6. Mom buys 7 white t - shirts.,Mom will have 1 packages.,contradiction,t_div_016,sub-005
3044,White t - shirts can be purchased in packages of 81. Mom buys 7857 white t - shirts.,Mom will have 81 packages.,contradiction,t_div_016,false-020
3045,He found that 7654 sacks of oranges being harvested. He harvested 6967 sacks of oranges per day.,It would take 14621 days to harvest the oranges.,contradiction,t_div_017,add-079
3046,Bryan took a look at his books as well. He has 660 bookshelves with each having the same number of books. He has a total of 200 books.,There are 860 books in each bookshelf.,contradiction,t_div_018,add-044
3047,Teresa jogged 30 kilometers at 3 kilometers per hour,Teresa jogged for 33 hours,contradiction,t_div_019,add-026
3048,Teresa jogged 839 kilometers at 31 kilometers per hour,Teresa jogged for 808 hours,contradiction,t_div_019,sub-051
3049,Teresa jogged 83 kilometers at 35 kilometers per hour,Teresa jogged for 2905 hours,contradiction,t_div_019,mul-047
3050,Teresa jogged 363 kilometers at 33 kilometers per hour,Teresa jogged for 11979 hours,contradiction,t_div_019,mul-073
3051,Teresa jogged 7659 kilometers at 23 kilometers per hour,Teresa jogged for 176157 hours,contradiction,t_div_019,mul-097
3052,A mailman has to give 4 pieces of junk mail to each block. He gives 5 mails to each house in a block.,Each block has 9 houses.,contradiction,t_div_020,add-009
3053,A mailman has to give 6 pieces of junk mail to each block. He gives 8 mails to each house in a block.,Each block has 48 houses.,contradiction,t_div_020,mul-008
3054,A mailman has to give 61 pieces of junk mail to each block. He gives 9 mails to each house in a block.,Each block has 549 houses.,contradiction,t_div_020,mul-037
3055,A mailman has to give 200 pieces of junk mail to each block. He gives 660 mails to each house in a block.,Each block has 132000 houses.,contradiction,t_div_020,mul-055
3056,A mailman has to give 347 pieces of junk mail to each block. He gives 767 mails to each house in a block.,Each block has 266149 houses.,contradiction,t_div_020,mul-063
3057,A mailman has to give 8460 pieces of junk mail to each block. He gives 6 mails to each house in a block.,Each block has 50760 houses.,contradiction,t_div_020,mul-096
3058,A vase can hold 7 flowers. You had 14 flowers.,You would need 21 vases.,contradiction,t_div_021,add-030
3059,There are 3 pencils in Frances's pencil collection. The pencils are organized into 3 groups.,Each group has 6 pencils.,contradiction,t_div_022,add-007
3060,There are 8 pencils in Frances's pencil collection. The pencils are organized into 1 groups.,Each group has 9 pencils.,contradiction,t_div_022,add-017
3061,There are 36 pencils in Frances's pencil collection. The pencils are organized into 13 groups.,Each group has 23 pencils.,contradiction,t_div_022,sub-017
3062,There are 80 pencils in Frances's pencil collection. The pencils are organized into 47 groups.,Each group has 33 pencils.,contradiction,t_div_022,sub-029
3063,There are 123456 pencils in Frances's pencil collection. The pencils are organized into 56789 groups.,Each group has 66667 pencils.,contradiction,t_div_022,sub-098
3064,There are 6000 pencils in Frances's pencil collection. The pencils are organized into 32 groups.,Each group has 192000 pencils.,contradiction,t_div_022,mul-095
3065,There are 140 pencils in Frances's pencil collection. The pencils are organized into 4 groups.,Each group has 10 pencils.,contradiction,t_div_022,false-011
3066,There are 7500 pencils in Frances's pencil collection. The pencils are organized into 5000 groups.,Each group has 250 pencils.,contradiction,t_div_022,false-069
3067,There are 9924 pencils in Frances's pencil collection. The pencils are organized into 9280 groups.,Each group has 64 pencils.,contradiction,t_div_022,false-072
3068,"They decided to hold the party in their backyard. They have 71 sets of tables, each having the same number of chairs. There are a total of 39 chairs in the backyard.",Each table has 2769 chairs.,contradiction,t_div_024,mul-029
3069,Faye was placing 10447 pencils into rows with 53292 pencils in each row.,Faye could make 63739 rows.,contradiction,t_div_025,add-083
3070,Faye was placing 164 pencils into rows with 85 pencils in each row.,Faye could make 14590 rows.,contradiction,t_div_025,false-047
3071,Faye was placing 4100 pencils into rows with 6900 pencils in each row.,Faye could make 11400 rows.,contradiction,t_div_025,false-090
3072,There are 200 students in a class. The teacher put them into groups with 660 students in each group.,The class would have 860 groups.,contradiction,t_div_026,add-044
3073,There are 7 students in a class. The teacher put them into groups with 1 students in each group.,The class would have 6 groups.,contradiction,t_div_026,sub-003
3074,There are 63 students in a class. The teacher put them into groups with 9 students in each group.,The class would have 54 groups.,contradiction,t_div_026,sub-030
3075,Matthew gave 660 crackers to each his friends. He had 200 crackers.,Matthew gave crackers to 860 friends.,contradiction,t_div_027,add-044
3076,Matthew gave 81 crackers to each his friends. He had 69 crackers.,Matthew gave crackers to 5589 friends.,contradiction,t_div_027,mul-042
3077,Matthew gave 6 crackers to each his friends. He had 50760 crackers.,Matthew gave crackers to 5070 friends.,contradiction,t_div_027,false-028
3078,Matthew gave 85 crackers to each his friends. He had 164 crackers.,Matthew gave crackers to 14590 friends.,contradiction,t_div_027,false-047
3079,Matthew gave 1727 crackers to each his friends. He had 5587 crackers.,Matthew gave crackers to 5517 friends.,contradiction,t_div_027,false-066
3080,"On the first Saturday of spring, Jane woke up early to enjoy the whole day and help with chores at home. Jane had been saving large empty cans to serve as pots for sunflowers. She has 59111 sunflower seeds and there are 58298 cans.","If she places an equal number of seeds in each can, each can will have 117409 seeds.",contradiction,t_div_028,add-092
3081,"On the first Saturday of spring, Jane woke up early to enjoy the whole day and help with chores at home. Jane had been saving large empty cans to serve as pots for sunflowers. She has 357 sunflower seeds and there are 98 cans.","If she places an equal number of seeds in each can, each can will have 259 seeds.",contradiction,t_div_028,sub-039
3082,"On the first Saturday of spring, Jane woke up early to enjoy the whole day and help with chores at home. Jane had been saving large empty cans to serve as pots for sunflowers. She has 12 sunflower seeds and there are 11 cans.","If she places an equal number of seeds in each can, each can will have 132 seeds.",contradiction,t_div_028,mul-019
3083,Paige was helping her mom plant flowers and they put 9 seeds in each flower bed. They planted 1 seeds altogther.,They had 10 flower beds.,contradiction,t_div_029,add-002
3084,A mailman gives 220 junk mails to each house in a block. The mailman has to give 6903 pieces of junk mail to each block.,There are 7123 houses in a block.,contradiction,t_div_030,add-076
3085,A mailman gives 16 junk mails to each house in a block. The mailman has to give 18 pieces of junk mail to each block.,There are 2 houses in a block.,contradiction,t_div_030,sub-015
3086,A mailman gives 68 junk mails to each house in a block. The mailman has to give 997 pieces of junk mail to each block.,There are 67796 houses in a block.,contradiction,t_div_030,mul-086
3087,A mailman gives 537 junk mails to each house in a block. The mailman has to give 335 pieces of junk mail to each block.,There are 17895 houses in a block.,contradiction,t_div_030,false-048
3088,A mailman gives 77 junk mails to each house in a block. The mailman has to give 26 pieces of junk mail to each block.,There are 99 houses in a block.,contradiction,t_div_030,false-084
3089,If each bag has 1 cookies and you had 6 cookies in total.,You have 7 bags of cookies.,contradiction,t_div_031,add-011
3090,If each bag has 32 cookies and you had 415 cookies in total.,You have 383 bags of cookies.,contradiction,t_div_031,sub-040
3091,If each bag has 1600 cookies and you had 2400 cookies in total.,You have 800 bags of cookies.,contradiction,t_div_031,sub-059
3092,If each bag has 5 cookies and you had 18 cookies in total.,You have 90 bags of cookies.,contradiction,t_div_031,mul-016
3093,If each bag has 2 cookies and you had 62 cookies in total.,You have 124 bags of cookies.,contradiction,t_div_031,mul-038
3094,If each bag has 20 cookies and you had 9222 cookies in total.,You have 184440 bags of cookies.,contradiction,t_div_031,mul-098
3095,If each bag has 75 cookies and you had 3777 cookies in total.,You have 283720 bags of cookies.,contradiction,t_div_031,false-057
3096,If each bag has 17386 cookies and you had 35304 cookies in total.,You have 18148 bags of cookies.,contradiction,t_div_031,false-074
3097,Sunday morning was spent for making wood carvings which can be sold as souvenir for tourists. They were placed in shelves that can contain 800 wood carvings at a time. 915 wood carvings were displayed.,1715 shelves were filled with carvings.,contradiction,t_div_033,add-058
3098,Jane's mom picked cherry tomatoes from their backyard. She gathered 436 cherry tomatoes and is about to place them in small jars which can contain 396 cherry tomatoes at a time.,Jane will need 832 jars.,contradiction,t_div_034,add-048
3099,Jane's mom picked cherry tomatoes from their backyard. She gathered 560 cherry tomatoes and is about to place them in small jars which can contain 632 cherry tomatoes at a time.,Jane will need 1192 jars.,contradiction,t_div_034,add-051
3100,Jane's mom picked cherry tomatoes from their backyard. She gathered 18 cherry tomatoes and is about to place them in small jars which can contain 5 cherry tomatoes at a time.,Jane will need 90 jars.,contradiction,t_div_034,mul-016
3101,Jane's mom picked cherry tomatoes from their backyard. She gathered 25 cherry tomatoes and is about to place them in small jars which can contain 5 cherry tomatoes at a time.,Jane will need 125 jars.,contradiction,t_div_034,mul-025
3102,Jane's mom picked cherry tomatoes from their backyard. She gathered 69 cherry tomatoes and is about to place them in small jars which can contain 81 cherry tomatoes at a time.,Jane will need 5589 jars.,contradiction,t_div_034,mul-042
3103,Jane's mom picked cherry tomatoes from their backyard. She gathered 3906 cherry tomatoes and is about to place them in small jars which can contain 93 cherry tomatoes at a time.,Jane will need 363258 jars.,contradiction,t_div_034,mul-092
3104,Jane's mom picked cherry tomatoes from their backyard. She gathered 39 cherry tomatoes and is about to place them in small jars which can contain 71 cherry tomatoes at a time.,Jane will need 2781 jars.,contradiction,t_div_034,false-043
3105,Haley has 9 magazines in her cabinet. She plans to send it to the recycling office in their area. She places it in boxes which can contain 3 magazines.,12 boxes will be used.,contradiction,t_div_035,add-019
3106,Haley has 10447 magazines in her cabinet. She plans to send it to the recycling office in their area. She places it in boxes which can contain 53292 magazines.,63739 boxes will be used.,contradiction,t_div_035,add-083
3107,Haley has 12513 magazines in her cabinet. She plans to send it to the recycling office in their area. She places it in boxes which can contain 70727 magazines.,83240 boxes will be used.,contradiction,t_div_035,add-084
3108,Haley has 9 magazines in her cabinet. She plans to send it to the recycling office in their area. She places it in boxes which can contain 2 magazines.,7 boxes will be used.,contradiction,t_div_035,sub-007
3109,Haley has 132 magazines in her cabinet. She plans to send it to the recycling office in their area. She places it in boxes which can contain 11 magazines.,121 boxes will be used.,contradiction,t_div_035,sub-034
3110,Haley has 92396 magazines in her cabinet. She plans to send it to the recycling office in their area. She places it in boxes which can contain 36233 magazines.,56163 boxes will be used.,contradiction,t_div_035,sub-094
3111,Haley has 97 magazines in her cabinet. She plans to send it to the recycling office in their area. She places it in boxes which can contain 81 magazines.,7857 boxes will be used.,contradiction,t_div_035,mul-049
3112,Haley has 109 magazines in her cabinet. She plans to send it to the recycling office in their area. She places it in boxes which can contain 60 magazines.,6540 boxes will be used.,contradiction,t_div_035,mul-052
3113,Haley has 420 magazines in her cabinet. She plans to send it to the recycling office in their area. She places it in boxes which can contain 24 magazines.,10080 boxes will be used.,contradiction,t_div_035,mul-067
3114,Melissa scored a total of 31926 points in 25103 games scoring the same for each game.,Melissa scored 57029 points in each game.,contradiction,t_div_036,add-086
3115,Melissa scored a total of 5 points in 5 games scoring the same for each game.,Melissa scored 25 points in each game.,contradiction,t_div_036,mul-006
3116,Melissa scored a total of 42 points in 93 games scoring the same for each game.,Melissa scored 3906 points in each game.,contradiction,t_div_036,mul-031
3117,For 3560 weeks of harvest Lewis earns a total of $ 76666.,Lewis earns $80226 each week.,contradiction,t_div_037,add-097
3118,For 18 weeks of harvest Lewis earns a total of $ 54.,Lewis earns $36 each week.,contradiction,t_div_037,sub-022
3119,For 17386 weeks of harvest Lewis earns a total of $ 35304.,Lewis earns $17918 each week.,contradiction,t_div_037,sub-082
3120,For 35356 weeks of harvest Lewis earns a total of $ 92614.,Lewis earns $57258 each week.,contradiction,t_div_037,sub-095
3121,For 81 weeks of harvest Lewis earns a total of $ 69.,Lewis earns $5589 each week.,contradiction,t_div_037,mul-042
3122,For 23 weeks of harvest Lewis earns a total of $ 333.,Lewis earns $7659 each week.,contradiction,t_div_037,mul-061
3123,For 836 weeks of harvest Lewis earns a total of $ 943.,Lewis earns $788348 each week.,contradiction,t_div_037,mul-084
3124,For 68 weeks of harvest Lewis earns a total of $ 997.,Lewis earns $67796 each week.,contradiction,t_div_037,mul-086
3125,For 8 weeks of harvest Lewis earns a total of $ 48.,Lewis earns $12 each week.,contradiction,t_div_037,false-005
3126,Beside the pile of clean white paper was a stack of 31926 sheets of used paper. She wants to place it in boxes for recycling. Every box can contain 25103 sheets.,She needs 57029 boxes.,contradiction,t_div_038,add-086
3127,Beside the pile of clean white paper was a stack of 15 sheets of used paper. She wants to place it in boxes for recycling. Every box can contain 12 sheets.,She needs 3 boxes.,contradiction,t_div_038,sub-012
3128,Beside the pile of clean white paper was a stack of 14 sheets of used paper. She wants to place it in boxes for recycling. Every box can contain 7 sheets.,She needs 7 boxes.,contradiction,t_div_038,sub-018
3129,Beside the pile of clean white paper was a stack of 2255 sheets of used paper. She wants to place it in boxes for recycling. Every box can contain 548 sheets.,She needs 1707 boxes.,contradiction,t_div_038,sub-057
3130,Frank put some pieces of candy equally into 8911 bags. He had 5406 pieces of candy.,There are 14317 pieces of candy in each bag.,contradiction,t_div_039,add-073
3131,Frank put some pieces of candy equally into 220 bags. He had 6903 pieces of candy.,There are 7123 pieces of candy in each bag.,contradiction,t_div_039,add-076
3132,Frank put some pieces of candy equally into 47 bags. He had 80 pieces of candy.,There are 33 pieces of candy in each bag.,contradiction,t_div_039,sub-029
3133,Frank put some pieces of candy equally into 68 bags. He had 997 pieces of candy.,There are 929 pieces of candy in each bag.,contradiction,t_div_039,sub-054
3134,Frank put some pieces of candy equally into 37919 bags. He had 73040 pieces of candy.,There are 35121 pieces of candy in each bag.,contradiction,t_div_039,sub-089
3135,Frank put some pieces of candy equally into 72 bags. He had 270 pieces of candy.,There are 19440 pieces of candy in each bag.,contradiction,t_div_039,mul-058
3136,Mike has 413 action figures he wants to display. Each shelf in his room can hold 261 figures.,Mike needs 674 shelves.,contradiction,t_div_040,add-046
3137,Mike has 84 action figures he wants to display. Each shelf in his room can hold 14 figures.,Mike needs 16 shelves.,contradiction,t_div_040,false-008
3138,While playing basketball Team A scored 61 points. Each person scored 9 points.,52 people were playing.,contradiction,t_div_041,sub-023
3139,While playing basketball Team A scored 50 points. Each person scored 25 points.,1250 people were playing.,contradiction,t_div_041,mul-034
3140,While playing basketball Team A scored 350 points. Each person scored 250 points.,87500 people were playing.,contradiction,t_div_041,mul-064
3141,While playing basketball Team A scored 50760 points. Each person scored 6 points.,5070 people were playing.,contradiction,t_div_041,false-028
3142,If you had 5 bags with equal number of cookies and 7 cookies in total.,Each bag contains 35 cookies.,contradiction,t_div_042,mul-010
3143,If you had 33 bags with equal number of cookies and 11 cookies in total.,Each bag contains 363 cookies.,contradiction,t_div_042,mul-017
3144,If you had 396 bags with equal number of cookies and 436 cookies in total.,Each bag contains 172656 cookies.,contradiction,t_div_042,mul-068
3145,Shiela has 3 neighbors who like to collect animal drawings. Shiela has a talent for drawing and so she drew 30 animals on small pieces of paper. She plans to give the same number of animal drawings to her neighbors.,Each of them will receive 33 animals.,contradiction,t_div_043,add-026
3146,Shiela has 260 neighbors who like to collect animal drawings. Shiela has a talent for drawing and so she drew 7020 animals on small pieces of paper. She plans to give the same number of animal drawings to her neighbors.,Each of them will receive 6760 animals.,contradiction,t_div_043,sub-067
3147,Shiela has 7945 neighbors who like to collect animal drawings. Shiela has a talent for drawing and so she drew 10679 animals on small pieces of paper. She plans to give the same number of animal drawings to her neighbors.,Each of them will receive 2734 animals.,contradiction,t_div_043,sub-079
3148,Shiela has 57 neighbors who like to collect animal drawings. Shiela has a talent for drawing and so she drew 166 animals on small pieces of paper. She plans to give the same number of animal drawings to her neighbors.,Each of them will receive 9462 animals.,contradiction,t_div_043,mul-054
3149,Shiela has 54572 neighbors who like to collect animal drawings. Shiela has a talent for drawing and so she drew 46942 animals on small pieces of paper. She plans to give the same number of animal drawings to her neighbors.,Each of them will receive 10154 animals.,contradiction,t_div_043,false-097
3150,Paige was helping her mom plant flowers and together they planted 333 seeds. They put 23 seeds in each flower bed.,They had 310 flower beds.,contradiction,t_div_044,sub-038
3151,Paige was helping her mom plant flowers and together they planted 59111 seeds. They put 58298 seeds in each flower bed.,They had 813 flower beds.,contradiction,t_div_044,sub-084
3152,Paige was helping her mom plant flowers and together they planted 3 seeds. They put 3 seeds in each flower bed.,They had 9 flower beds.,contradiction,t_div_044,mul-002
3153,Paige was helping her mom plant flowers and together they planted 164 seeds. They put 85 seeds in each flower bed.,They had 13940 flower beds.,contradiction,t_div_044,mul-053
3154,Paige was helping her mom plant flowers and together they planted 682 seeds. They put 591 seeds in each flower bed.,They had 403062 flower beds.,contradiction,t_div_044,mul-078
3155,Lana had 60874 extra nickels. She put them into stacks with 44542 in each stack.,Lana could make 105416 stacks.,contradiction,t_div_045,add-094
3156,Haley has 4 marbles. In her class 5 boys love to play marbles. She distributes her marbles equally.,Each of the boys will receive 9.,contradiction,t_div_046,add-009
3157,Haley has 14 marbles. In her class 7 boys love to play marbles. She distributes her marbles equally.,Each of the boys will receive 21.,contradiction,t_div_046,add-030
3158,Haley has 200 marbles. In her class 660 boys love to play marbles. She distributes her marbles equally.,Each of the boys will receive 860.,contradiction,t_div_046,add-044
3159,Haley has 347 marbles. In her class 767 boys love to play marbles. She distributes her marbles equally.,Each of the boys will receive 266149.,contradiction,t_div_046,mul-063
3160,Haley has 600 marbles. In her class 500 boys love to play marbles. She distributes her marbles equally.,Each of the boys will receive 300000.,contradiction,t_div_046,mul-075
3161,Mrs. Hilt has 76666 cents. A pencil costs 3560 cents.,Mrs. Hilt can buy 80226 pencils with the money she has.,contradiction,t_div_047,add-097
3162,Mrs. Hilt has 7654 cents. A pencil costs 6967 cents.,Mrs. Hilt can buy 687 pencils with the money she has.,contradiction,t_div_047,sub-070
3163,Mrs. Hilt has 16 cents. A pencil costs 8 cents.,Mrs. Hilt can buy 128 pencils with the money she has.,contradiction,t_div_047,mul-021
3164,Mrs. Hilt has 80 cents. A pencil costs 47 cents.,Mrs. Hilt can buy 3760 pencils with the money she has.,contradiction,t_div_047,mul-046
3165,Mrs. Hilt has 30 cents. A pencil costs 8 cents.,Mrs. Hilt can buy 24 pencils with the money she has.,contradiction,t_div_047,false-038
3166,Mrs. Hilt has 2 cents. A pencil costs 8 cents.,Mrs. Hilt can buy 12 pencils with the money she has.,contradiction,t_div_047,false-081
3167,Betty also bought 41 shiny blue round stones. 27 pieces of this stone is in each bracelet.,There will be 1107 bracelets of blue shiny round stones.,contradiction,t_div_048,mul-030
3168,Betty also bought 626 shiny blue round stones. 59 pieces of this stone is in each bracelet.,There will be 62659 bracelets of blue shiny round stones.,contradiction,t_div_048,false-051
3169,The bananas in Philip's collection are organized into groups of size 5. There are a total of 18 bananas in Philip's banana collection.,There are 13 groups.,contradiction,t_div_049,sub-014
3170,The bananas in Philip's collection are organized into groups of size 150. There are a total of 9733 bananas in Philip's banana collection.,There are 9583 groups.,contradiction,t_div_049,sub-076
3171,The bananas in Philip's collection are organized into groups of size 49. There are a total of 57 bananas in Philip's banana collection.,There are 2793 groups.,contradiction,t_div_049,mul-035
3172,The bananas in Philip's collection are organized into groups of size 63. There are a total of 919 bananas in Philip's banana collection.,There are 57897 groups.,contradiction,t_div_049,mul-082
3173,The bananas in Philip's collection are organized into groups of size 13. There are a total of 468 bananas in Philip's banana collection.,There are 63 groups.,contradiction,t_div_049,false-014
3174,There are 817 blocks in Bridget's block collection. The blocks are organized into 623 groups.,Each group has 1440 blocks.,contradiction,t_div_050,add-057
3175,There are 60874 blocks in Bridget's block collection. The blocks are organized into 44542 groups.,Each group has 105416 blocks.,contradiction,t_div_050,add-094
3176,"Brenda, Betty's sister, wanted to have 8 bracelets with star-shaped stones. She also bought 6 star-shaped stones from the local store and gave it to Betty.","In each of the bracelets Betty makes for Brenda, there will be 48 star-shaped stones.",contradiction,t_div_051,mul-008
3177,"Brenda, Betty's sister, wanted to have 71 bracelets with star-shaped stones. She also bought 39 star-shaped stones from the local store and gave it to Betty.","In each of the bracelets Betty makes for Brenda, there will be 2679 star-shaped stones.",contradiction,t_div_051,false-042
3178,"Charles was curious about Greek mythology and so he read 625 pages a day of a 200-page book entitled ""Greek Mythology: Fast Facts.""",Charles also took 825 days to finish the book.,contradiction,t_div_053,add-043
3179,"Charles was curious about Greek mythology and so he read 210 pages a day of a 790-page book entitled ""Greek Mythology: Fast Facts.""",Charles also took 1000 days to finish the book.,contradiction,t_div_053,add-056
3180,"Charles was curious about Greek mythology and so he read 623 pages a day of a 817-page book entitled ""Greek Mythology: Fast Facts.""",Charles also took 194 days to finish the book.,contradiction,t_div_053,sub-050
3181,"Charles was curious about Greek mythology and so he read 1600 pages a day of a 2400-page book entitled ""Greek Mythology: Fast Facts.""",Charles also took 800 days to finish the book.,contradiction,t_div_053,sub-059
3182,There are 5329 cupcakes for 97 children to share.,"If they share the cupcakes equally, each person will get 5232 cupcakes.",contradiction,t_div_054,sub-062
3183,There are 17 cupcakes for 8 children to share.,"If they share the cupcakes equally, each person will get 17 cupcakes.",contradiction,t_div_054,false-063
3184,There are 46942 cupcakes for 54572 children to share.,"If they share the cupcakes equally, each person will get 46942 cupcakes.",contradiction,t_div_054,false-096
3185,A pile of clean white paper was stacked in the corner of her room. She decided to place these papers in paper envelopes which can contain 2040 white papers. She has 2040 clean white papers,She needs 4080 paper envelopes.,contradiction,t_div_055,add-061
3186,A pile of clean white paper was stacked in the corner of her room. She decided to place these papers in paper envelopes which can contain 9 white papers. She has 81 clean white papers,She needs 729 paper envelopes.,contradiction,t_div_055,mul-050
3187,A pile of clean white paper was stacked in the corner of her room. She decided to place these papers in paper envelopes which can contain 20 white papers. She has 9222 clean white papers,She needs 184440 paper envelopes.,contradiction,t_div_055,mul-098
3188,A pile of clean white paper was stacked in the corner of her room. She decided to place these papers in paper envelopes which can contain 8 white papers. She has 2 clean white papers,She needs 28 paper envelopes.,contradiction,t_div_055,false-080
3189,Julian is writing a comic book. His story has 10679 frames in all. He wants to put exactly 7945 frames on each page.,Julian would have 2734 pages.,contradiction,t_div_057,sub-079
3190,Julian is writing a comic book. His story has 9 frames in all. He wants to put exactly 9 frames on each page.,Julian would have 81 pages.,contradiction,t_div_057,mul-014
3191,"There are 62 students at a school, and each classroom holds 740 students",802 classrooms are needed at the school,contradiction,t_div_058,add-036
3192,Robin has some packages of gum. There are 9 pieces in each package and a total of 1 pieces of gum.,Robin has 10 packages.,contradiction,t_div_059,add-002
3193,He then went to see the oranges being harvested. He found out that the harvest will go on for 2040 days. They harvested a total of 2040 sacks of oranges.,They harvest 4080 sacks per day.,contradiction,t_div_060,add-061
3194,He then went to see the oranges being harvested. He found out that the harvest will go on for 3 days. They harvested a total of 9 sacks of oranges.,They harvest 6 sacks per day.,contradiction,t_div_060,sub-008
3195,He then went to see the oranges being harvested. He found out that the harvest will go on for 25103 days. They harvested a total of 31926 sacks of oranges.,They harvest 6823 sacks per day.,contradiction,t_div_060,sub-081
3196,He then went to see the oranges being harvested. He found out that the harvest will go on for 660 days. They harvested a total of 200 sacks of oranges.,They harvest 132000 sacks per day.,contradiction,t_div_060,mul-055
3197,He then went to see the oranges being harvested. He found out that the harvest will go on for 33 days. They harvested a total of 363 sacks of oranges.,They harvest 11979 sacks per day.,contradiction,t_div_060,mul-073
3198,He then went to see the oranges being harvested. He found out that the harvest will go on for 2 days. They harvested a total of 9 sacks of oranges.,They harvest 5 sacks per day.,contradiction,t_div_060,false-060
3199,Luke played a trivia game and scored 55 points. He gained the 5 points in each round.,Luke played 13 rounds.,contradiction,t_div_061,false-006
3200,Luke played a trivia game and scored 1250 points. He gained the 25 points in each round.,Luke played 5 rounds.,contradiction,t_div_061,false-017
3201,Lex read a 47 page book about music and instruments. He can read exactly 7 pages a day.,Lex will take 54 days to finish reading the book.,contradiction,t_div_062,add-032
3202,Lex read a 14 page book about music and instruments. He can read exactly 3 pages a day.,Lex will take 11 days to finish reading the book.,contradiction,t_div_062,sub-011
3203,Lex read a 59111 page book about music and instruments. He can read exactly 58298 pages a day.,Lex will take 813 days to finish reading the book.,contradiction,t_div_062,sub-084
3204,Mom buys 22 white t-shirts. White t-shirts can be purchased in packages of 56.,Mom will have 78 packages.,contradiction,t_div_063,add-028
3205,Mom buys 180 white t-shirts. White t-shirts can be purchased in packages of 12.,Mom will have 168 packages.,contradiction,t_div_063,sub-037
3206,Mom buys 100000 white t-shirts. White t-shirts can be purchased in packages of 44444.,Mom will have 55556 packages.,contradiction,t_div_063,sub-097
3207,Mom buys 8 white t-shirts. White t-shirts can be purchased in packages of 9.,Mom will have 72 packages.,contradiction,t_div_063,mul-013
3208,Mom buys 62 white t-shirts. White t-shirts can be purchased in packages of 740.,Mom will have 45880 packages.,contradiction,t_div_063,mul-039
3209,7 packs of dvds can be bought with 2 dollars.,Each pack costs 9 dollars.,contradiction,t_div_065,add-005
3210,8 packs of dvds can be bought with 2 dollars.,Each pack costs 10 dollars.,contradiction,t_div_065,add-006
3211,623 packs of dvds can be bought with 817 dollars.,Each pack costs 194 dollars.,contradiction,t_div_065,sub-050
3212,5 packs of dvds can be bought with 4 dollars.,Each pack costs 20 dollars.,contradiction,t_div_065,mul-005
3213,1 packs of dvds can be bought with 37 dollars.,Each pack costs 37 dollars.,contradiction,t_div_065,mul-028
3214,Christian and the junior ranger brought a bag of 357 nails as they visited every station assigned to the junior ranger. They left exactly 98 nails in every station they visited.,Joline and the junior ranger visited 455 stations.,contradiction,t_div_066,add-045
3215,Christian and the junior ranger brought a bag of 3878 nails as they visited every station assigned to the junior ranger. They left exactly 83 nails in every station they visited.,Joline and the junior ranger visited 3961 stations.,contradiction,t_div_066,add-067
3216,Christian and the junior ranger brought a bag of 73 nails as they visited every station assigned to the junior ranger. They left exactly 35 nails in every station they visited.,Joline and the junior ranger visited 38 stations.,contradiction,t_div_066,sub-026
3217,Christian and the junior ranger brought a bag of 7500 nails as they visited every station assigned to the junior ranger. They left exactly 5000 nails in every station they visited.,Joline and the junior ranger visited 2500 stations.,contradiction,t_div_066,sub-069
3218,Christian and the junior ranger brought a bag of 7857 nails as they visited every station assigned to the junior ranger. They left exactly 81 nails in every station they visited.,Joline and the junior ranger visited 81 stations.,contradiction,t_div_066,false-020
3219,Christian and the junior ranger brought a bag of 9 nails as they visited every station assigned to the junior ranger. They left exactly 2 nails in every station they visited.,Joline and the junior ranger visited 5 stations.,contradiction,t_div_066,false-060
3220,Amy had 57 video games. She placed the games into 49 different stacks.,Each stack would have 8 games.,contradiction,t_div_067,sub-021
3221,Amy had 350 video games. She placed the games into 250 different stacks.,Each stack would have 100 games.,contradiction,t_div_067,sub-049
3222,Amy had 1057 video games. She placed the games into 181 different stacks.,Each stack would have 876 games.,contradiction,t_div_067,sub-055
3223,Amy had 41 video games. She placed the games into 27 different stacks.,Each stack would have 1107 games.,contradiction,t_div_067,mul-030
3224,Amy had 7857 video games. She placed the games into 81 different stacks.,Each stack would have 987 games.,contradiction,t_div_067,false-021
3225,Amy had 87500 video games. She placed the games into 250 different stacks.,Each stack would have 250 games.,contradiction,t_div_067,false-034
3226,Amy uploaded 7 pics to Facebook. She put the pics into 1 albums with the same number of photos in each album.,Each album has 8 photos.,contradiction,t_div_068,add-014
3227,Amy uploaded 7020 pics to Facebook. She put the pics into 260 albums with the same number of photos in each album.,Each album has 7280 photos.,contradiction,t_div_068,add-077
3228,Amy uploaded 14 pics to Facebook. She put the pics into 3 albums with the same number of photos in each album.,Each album has 11 photos.,contradiction,t_div_068,sub-011
3229,Amy uploaded 16864 pics to Facebook. She put the pics into 1570 albums with the same number of photos in each album.,Each album has 15294 photos.,contradiction,t_div_068,sub-080
3230,Frank had 15 pieces of candy. He put them equally into 12 bags.,There are 27 pieces of candy in each bag.,contradiction,t_div_069,add-025
3231,Frank had 12513 pieces of candy. He put them equally into 70727 bags.,There are 83240 pieces of candy in each bag.,contradiction,t_div_069,add-084
3232,Frank had 8656 pieces of candy. He put them equally into 3533 bags.,There are 5123 pieces of candy in each bag.,contradiction,t_div_069,sub-072
3233,Frank had 248 pieces of candy. He put them equally into 119 bags.,There are 29512 pieces of candy in each bag.,contradiction,t_div_069,mul-056
3234,61 people are going to the zoo. There are 9 cars to take people to the zoo.,"If the same number go in each car, 52 people will go in each car.",contradiction,t_div_070,sub-023
3235,490 people are going to the zoo. There are 90 cars to take people to the zoo.,"If the same number go in each car, 400 people will go in each car.",contradiction,t_div_070,sub-043
3236,1057 people are going to the zoo. There are 181 cars to take people to the zoo.,"If the same number go in each car, 876 people will go in each car.",contradiction,t_div_070,sub-055
3237,89 pounds of oranges are in 417 bags,Each bag contains 506 pounds of oranges,contradiction,t_div_072,add-040
3238,3225 pounds of oranges are in 7126 bags,Each bag contains 10351 pounds of oranges,contradiction,t_div_072,add-065
3239,9000 pounds of oranges are in 1200 bags,Each bag contains 10200 pounds of oranges,contradiction,t_div_072,add-081
3240,92614 pounds of oranges are in 35356 bags,Each bag contains 57258 pounds of oranges,contradiction,t_div_072,sub-095
3241,50 pounds of oranges are in 25 bags,Each bag contains 1250 pounds of oranges,contradiction,t_div_072,mul-034
3242,62 pounds of oranges are in 2 bags,Each bag contains 124 pounds of oranges,contradiction,t_div_072,mul-038
3243,35 pounds of oranges are in 7 bags,Each bag contains 35 pounds of oranges,contradiction,t_div_072,false-003
3244,"Sue’s mother made 49790 cookies and she put the cookies in bags, with 21709 cookies in each bag",Sue's mother could fill up 71499 bags,contradiction,t_div_073,add-090
3245,"Sue’s mother made 73276 cookies and she put the cookies in bags, with 73276 cookies in each bag",Sue's mother could fill up 146552 bags,contradiction,t_div_073,add-096
3246,"Sue’s mother made 436 cookies and she put the cookies in bags, with 396 cookies in each bag",Sue's mother could fill up 40 bags,contradiction,t_div_073,sub-042
3247,"Sue’s mother made 5329 cookies and she put the cookies in bags, with 97 cookies in each bag",Sue's mother could fill up 5232 bags,contradiction,t_div_073,sub-062
3248,We have a pile with 30 seeds in it and those seeds came from 3 watermelons,33 seeds were there in each watermelon,contradiction,t_div_074,add-026
3249,There are 7 people attending a luncheon. A table can hold 5 people.,They need 12 tables.,contradiction,t_div_075,add-015
3250,There are 73276 people attending a luncheon. A table can hold 73276 people.,They need 146552 tables.,contradiction,t_div_075,add-096
3251,There are 7 people attending a luncheon. A table can hold 5 people.,They need 2 tables.,contradiction,t_div_075,sub-004
3252,There are 69 people attending a luncheon. A table can hold 81 people.,They need 5859 tables.,contradiction,t_div_075,false-045
3253,An industrial machine made 53 shirts. It made one minute to make 776 shirts.,The machine was working for 829 minutes.,contradiction,t_div_076,add-033
3254,An industrial machine made 97 shirts. It made one minute to make 81 shirts.,The machine was working for 16 minutes.,contradiction,t_div_076,sub-033
3255,An industrial machine made 248 shirts. It made one minute to make 743 shirts.,The machine was working for 184264 minutes.,contradiction,t_div_076,mul-057
3256,2255 children are taking a bus to the zoo. They sit 548 children in every seat.,The children will need 2803 seats in all.,contradiction,t_div_077,add-063
3257,16 children are taking a bus to the zoo. They sit 8 children in every seat.,The children will need 128 seats in all.,contradiction,t_div_077,mul-021
3258,The ring toss game at the carnival made the same amount of money each day. In total in 83 days they earned 3878 dollars.,They made 3961 dollars per day.,contradiction,t_div_078,add-067
3259,The ring toss game at the carnival made the same amount of money each day. In total in 1906 days they earned 7762 dollars.,They made 5856 dollars per day.,contradiction,t_div_078,sub-071
3260,They also gathered paper to create some star-shaped papier-mache. Each star requires 18823 pieces of paper and they had 75292 pieces of paper.,They were able to make 94115 stars.,contradiction,t_div_079,add-088
3261,They also gathered paper to create some star-shaped papier-mache. Each star requires 220 pieces of paper and they had 6903 pieces of paper.,They were able to make 6683 stars.,contradiction,t_div_079,sub-066
3262,They also gathered paper to create some star-shaped papier-mache. Each star requires 1906 pieces of paper and they had 7762 pieces of paper.,They were able to make 5856 stars.,contradiction,t_div_079,sub-071
3263,They also gathered paper to create some star-shaped papier-mache. Each star requires 81 pieces of paper and they had 7857 pieces of paper.,They were able to make 987 stars.,contradiction,t_div_079,false-021
3264,They also gathered paper to create some star-shaped papier-mache. Each star requires 54572 pieces of paper and they had 46942 pieces of paper.,They were able to make 10154 stars.,contradiction,t_div_079,false-097
3265,A farmer had 42 seeds to plant. He planted the same number of seeds each day and it took him 6 days to plant them all.,A farmer planted 252 seeds per day.,contradiction,t_div_080,mul-033
3266,A farmer had 248 seeds to plant. He planted the same number of seeds each day and it took him 743 days to plant them all.,A farmer planted 184264 seeds per day.,contradiction,t_div_080,mul-057
3267,A mailman has to give out 3740 pieces of junk mail. He goes to 1330 blocks.,A mailman should give each block 5070 pieces of junk mail.,contradiction,t_div_081,add-066
3268,A mailman has to give out 60874 pieces of junk mail. He goes to 44542 blocks.,A mailman should give each block 16332 pieces of junk mail.,contradiction,t_div_081,sub-085
3269,A mailman has to give out 94374 pieces of junk mail. He goes to 12842 blocks.,A mailman should give each block 81532 pieces of junk mail.,contradiction,t_div_081,sub-096
3270,There are 73 students in a school. The school has 35 grades and each grade had the same number of students.,There are 38 students in each grade.,contradiction,t_div_082,sub-026
3271,There are 357 students in a school. The school has 98 grades and each grade had the same number of students.,There are 259 students in each grade.,contradiction,t_div_082,sub-039
3272,Albert is inviting 41 friends to a party. He has 14 cookies.,Each friend gets 55 cookies.,contradiction,t_div_083,add-024
3273,Albert is inviting 6 friends to a party. He has 76 cookies.,Each friend gets 82 cookies.,contradiction,t_div_083,add-038
3274,Albert is inviting 1830 friends to a party. He has 2050 cookies.,Each friend gets 220 cookies.,contradiction,t_div_083,sub-056
3275,Albert is inviting 87 friends to a party. He has 60 cookies.,Each friend gets 5220 cookies.,contradiction,t_div_083,mul-036
3276,There are 2 students in a school. The school has 7 students in each grades and each grade has the same number of students.,There are a total of 9 grades.,contradiction,t_div_084,add-005
3277,There are 10 students in a school. The school has 3 students in each grades and each grade has the same number of students.,There are a total of 13 grades.,contradiction,t_div_084,add-020
3278,There are 2050 students in a school. The school has 1830 students in each grades and each grade has the same number of students.,There are a total of 3880 grades.,contradiction,t_div_084,add-062
3279,There are 7 students in a school. The school has 5 students in each grades and each grade has the same number of students.,There are a total of 35 grades.,contradiction,t_div_084,mul-010
3280,There are 347 students in a school. The school has 767 students in each grades and each grade has the same number of students.,There are a total of 266149 grades.,contradiction,t_div_084,mul-063
3281,There are 1250 students in a school. The school has 25 students in each grades and each grade has the same number of students.,There are a total of 1000 grades.,contradiction,t_div_084,false-016
3282,Luke was played 7554 rounds of a trivia game and scored 5425 points. He gained the same number of points each round.,Luke scored 12979 points per round.,contradiction,t_div_085,add-074
3283,Luke was played 5 rounds of a trivia game and scored 18 points. He gained the same number of points each round.,Luke scored 13 points per round.,contradiction,t_div_085,sub-014
3284,Luke was played 396 rounds of a trivia game and scored 705 points. He gained the same number of points each round.,Luke scored 309 points per round.,contradiction,t_div_085,sub-047
3285,Warren has 2 guests coming to his party. Each table will hold 3 guests.,Warren will need 6 tables.,contradiction,t_div_086,mul-001
3286,Warren has 57 guests coming to his party. Each table will hold 49 guests.,Warren will need 2793 tables.,contradiction,t_div_086,mul-035
3287,Warren has 248 guests coming to his party. Each table will hold 743 guests.,Warren will need 184264 tables.,contradiction,t_div_086,mul-057
3288,You have 915 balls and 800 juggler is able to juggle 6 balls at a time,You need 115 jugglers,contradiction,t_div_087,sub-052
3289,You have 3777 balls and 75 juggler is able to juggle 6 balls at a time,You need 28275 jugglers,contradiction,t_div_087,false-056
3290,Debby bought 705 bottles of water when they were on sale. She drank 396 bottles a day.,They would last her 309 days.,contradiction,t_div_088,sub-047
3291,Debby bought 75000 bottles of water when they were on sale. She drank 25000 bottles a day.,They would last her 50000 days.,contradiction,t_div_088,sub-087
3292,Debby bought 41 bottles of water when they were on sale. She drank 27 bottles a day.,They would last her 1177 days.,contradiction,t_div_088,false-040
3293,George had 6494 pieces of candy. He split the candy into 50745 bags with the same amount of candy in each bag.,Each bag would have 57239 pieces in it.,contradiction,t_div_089,add-075
3294,George had 35 pieces of candy. He split the candy into 5 bags with the same amount of candy in each bag.,Each bag would have 175 pieces in it.,contradiction,t_div_089,mul-026
3295,Lawrence has 6 marbles. He shares them among 1 friends.,Each friend gets 7 marbles.,contradiction,t_div_090,add-011
3296,Lawrence has 618 marbles. He shares them among 19152 friends.,Each friend gets 19770 marbles.,contradiction,t_div_090,add-054
3297,Lawrence has 22 marbles. He shares them among 56 friends.,Each friend gets 1232 marbles.,contradiction,t_div_090,mul-023
3298,Lawrence has 10000 marbles. He shares them among 7 friends.,Each friend gets 70000 marbles.,contradiction,t_div_090,mul-099
3299,Lawrence has 39 marbles. He shares them among 71 friends.,Each friend gets 2679 marbles.,contradiction,t_div_090,false-042
3300,A pallet of boxes weighed 3740 kilograms. There were 1330 boxes on the pallet and each box weighed the same amount.,Each weighed 5070 kilograms.,contradiction,t_div_091,add-066
3301,A pallet of boxes weighed 2255 kilograms. There were 548 boxes on the pallet and each box weighed the same amount.,Each weighed 1707 kilograms.,contradiction,t_div_091,sub-057
3302,A pallet of boxes weighed 75292 kilograms. There were 18823 boxes on the pallet and each box weighed the same amount.,Each weighed 56469 kilograms.,contradiction,t_div_091,sub-088
3303,A pallet of boxes weighed 67 kilograms. There were 5 boxes on the pallet and each box weighed the same amount.,Each weighed 335 kilograms.,contradiction,t_div_091,mul-041
3304,There are 90000 apples and it takes 95397 apples to make 1 pie,There are 185397 pies,contradiction,t_div_092,add-099
3305,Sarah is making bead necklaces. She has 524 beads and is making 904 necklaces with each necklace using the same number of beads.,Each necklace will use 1428 beads.,contradiction,t_div_093,add-049
3306,Sarah is making bead necklaces. She has 6 beads and is making 3 necklaces with each necklace using the same number of beads.,Each necklace will use 3 beads.,contradiction,t_div_093,sub-001
3307,Sarah is making bead necklaces. She has 992 beads and is making 845 necklaces with each necklace using the same number of beads.,Each necklace will use 838240 beads.,contradiction,t_div_093,mul-085
3308,Sarah is making bead necklaces. She has 70000 beads and is making 7 necklaces with each necklace using the same number of beads.,Each necklace will use 77000 beads.,contradiction,t_div_093,false-033
3309,The ring toss game at the carnival made 15 dollars in 12 days. They made the same amount of money each day.,They made 27 dollars per day.,contradiction,t_div_094,add-025
3310,The ring toss game at the carnival made 997 dollars in 68 days. They made the same amount of money each day.,They made 1065 dollars per day.,contradiction,t_div_094,add-060
3311,The ring toss game at the carnival made 7857 dollars in 81 days. They made the same amount of money each day.,They made 81 dollars per day.,contradiction,t_div_094,false-020
3312,Kaleb has to sell 36 chocolate bars to get a prize. Each box contains 13 chocolate bars.,Kaleb needs to sell 23 boxes.,contradiction,t_div_095,sub-017
3313,Kaleb has to sell 350 chocolate bars to get a prize. Each box contains 250 chocolate bars.,Kaleb needs to sell 100 boxes.,contradiction,t_div_095,sub-049
3314,Kaleb has to sell 73040 chocolate bars to get a prize. Each box contains 37919 chocolate bars.,Kaleb needs to sell 35121 boxes.,contradiction,t_div_095,sub-089
3315,Frank was reading through his favorite book. The book had 47 pages and it took Frank 7 days to finish the book.,Frank read 40 pages per day.,contradiction,t_div_098,sub-019
3316,Frank was reading through his favorite book. The book had 6 pages and it took Frank 3 days to finish the book.,Frank read 18 pages per day.,contradiction,t_div_098,mul-012
3317,Frank was reading through his favorite book. The book had 41 pages and it took Frank 27 days to finish the book.,Frank read 1107 pages per day.,contradiction,t_div_098,mul-030
3318,Frank was reading through his favorite book. The book had 2400 pages and it took Frank 1600 days to finish the book.,Frank read 400 pages per day.,contradiction,t_div_098,false-065
3319,There are 2 books in a library and they are arranged on shelves that hold 3 books each,5 shelves are in the library,contradiction,t_div_099,add-004
3320,There are 2400 books in a library and they are arranged on shelves that hold 1600 books each,8000 shelves are in the library,contradiction,t_div_099,false-064
3321,Paul got a box of 35 crayons and 7 erasers for his birthday. At the end of the school year he only had some crayons left while not having lost a single erasers.,9 crayons had been lost or given away.,neutral,t_neu_000,false-002
3322,Paul got a box of 288 crayons and 16 erasers for his birthday. At the end of the school year he only had some crayons left while not having lost a single erasers.,16 crayons had been lost or given away.,neutral,t_neu_000,false-013
3323,Paul got a box of 44100 crayons and 90 erasers for his birthday. At the end of the school year he only had some crayons left while not having lost a single erasers.,90 crayons had been lost or given away.,neutral,t_neu_000,false-026
3324,Paul got a box of 50760 crayons and 6 erasers for his birthday. At the end of the school year he only had some crayons left while not having lost a single erasers.,846 crayons had been lost or given away.,neutral,t_neu_000,false-029
3325,Paul got a box of 3777 crayons and 75 erasers for his birthday. At the end of the school year he only had some crayons left while not having lost a single erasers.,28275 crayons had been lost or given away.,neutral,t_neu_000,false-056
3326,Paul got a box of 14 crayons and 41 erasers for his birthday. At the end of the school year he only had some crayons left while not having lost a single erasers.,11 crayons had been lost or given away.,neutral,t_neu_000,false-082
3327,Paul got a box of 560 crayons and 632 erasers for his birthday. At the end of the school year he only had some crayons left while not having lost a single erasers.,1882 crayons had been lost or given away.,neutral,t_neu_000,false-088
3328,Paul got a box of 46942 crayons and 54572 erasers for his birthday. At the end of the school year he only had some crayons left while not having lost a single erasers.,46942 crayons had been lost or given away.,neutral,t_neu_000,false-096
3329,"At the zoo, a cage had snakes and alligators. The total number of animals in the cage is unknown. If 41128 snakes and 776 alligators were hiding",553 animals were not hiding in all.,neutral,t_neu_001,false-024
3330,"At the zoo, a cage had snakes and alligators. The total number of animals in the cage is unknown. If 44100 snakes and 90 alligators were hiding",90 animals were not hiding in all.,neutral,t_neu_001,false-026
3331,"At the zoo, a cage had snakes and alligators. The total number of animals in the cage is unknown. If 60000 snakes and 200 alligators were hiding",200 animals were not hiding in all.,neutral,t_neu_001,false-031
3332,"At the zoo, a cage had snakes and alligators. The total number of animals in the cage is unknown. If 7500 snakes and 5000 alligators were hiding",250 animals were not hiding in all.,neutral,t_neu_001,false-069
3333,"A chef had apples and 288 peaches. After making some pies, he had 16 apples left.",A chef used 22 apple.,neutral,t_neu_002,false-012
3334,"A chef had apples and 7857 peaches. After making some pies, he had 81 apples left.",A chef used 987 apple.,neutral,t_neu_002,false-021
3335,"A chef had apples and 164 peaches. After making some pies, he had 85 apples left.",A chef used 14590 apple.,neutral,t_neu_002,false-047
3336,"A chef had apples and 335 peaches. After making some pies, he had 537 apples left.",A chef used 17989 apple.,neutral,t_neu_002,false-049
3337,"A chef had apples and 248 peaches. After making some pies, he had 743 apples left.",A chef used 248743 apple.,neutral,t_neu_002,false-052
3338,"A chef had apples and 9 peaches. After making some pies, he had 2 apples left.",A chef used 20 apple.,neutral,t_neu_002,false-061
3339,"A chef had apples and 2400 peaches. After making some pies, he had 1600 apples left.",A chef used 400 apple.,neutral,t_neu_002,false-065
3340,"A chef had apples and 7500 peaches. After making some pies, he had 5000 apples left.",A chef used 7550 apple.,neutral,t_neu_002,false-068
3341,"A chef had apples and 92614 peaches. After making some pies, he had 35356 apples left.",A chef used 5758 apple.,neutral,t_neu_002,false-077
3342,"A chef had apples and 46942 peaches. After making some pies, he had 54572 apples left.",A chef used 10154 apple.,neutral,t_neu_002,false-097
3343,A waiter had 12 customers in his section. 3 of them left and the rest of his tables had several people at each table.,A had 5 tables.,neutral,t_neu_003,false-000
3344,A waiter had 55 customers in his section. 5 of them left and the rest of his tables had several people at each table.,A had 13 tables.,neutral,t_neu_003,false-006
3345,A waiter had 39 customers in his section. 71 of them left and the rest of his tables had several people at each table.,A had 2679 tables.,neutral,t_neu_003,false-042
3346,A waiter had 248 customers in his section. 743 of them left and the rest of his tables had several people at each table.,A had 248743 tables.,neutral,t_neu_003,false-052
3347,A waiter had 5587 customers in his section. 1727 of them left and the rest of his tables had several people at each table.,A had 386 tables.,neutral,t_neu_003,false-067
3348,A waiter had 2 customers in his section. 8 of them left and the rest of his tables had several people at each table.,A had 28 tables.,neutral,t_neu_003,false-080
3349,A waiter had 4149 customers in his section. 9018 of them left and the rest of his tables had several people at each table.,A had 1316 tables.,neutral,t_neu_003,false-094
3350,April's discount flowers was having a sale. Maria bought 288 roses and 16 daisies.,April spent 22 dollars.,neutral,t_neu_004,false-012
3351,April's discount flowers was having a sale. Maria bought 288 roses and 16 daisies.,April spent 16 dollars.,neutral,t_neu_004,false-013
3352,April's discount flowers was having a sale. Maria bought 1250 roses and 25 daisies.,April spent 5 dollars.,neutral,t_neu_004,false-017
3353,April's discount flowers was having a sale. Maria bought 69 roses and 81 daisies.,April spent 5569 dollars.,neutral,t_neu_004,false-044
3354,April's discount flowers was having a sale. Maria bought 9924 roses and 9280 daisies.,April spent 64 dollars.,neutral,t_neu_004,false-072
3355,April's discount flowers was having a sale. Maria bought 26 roses and 77 daisies.,April spent 99 dollars.,neutral,t_neu_004,false-084
3356,April's discount flowers was having a sale. Maria bought 4100 roses and 6900 daisies.,April spent 11400 dollars.,neutral,t_neu_004,false-090
3357,Isabel uploaded 84 pictures to Facebook. She put some pics into one album and put the rest into 14 different albums.,Each album had 16 pictures.,neutral,t_neu_006,false-008
3358,Isabel uploaded 468 pictures to Facebook. She put some pics into one album and put the rest into 13 different albums.,Each album had 39 pictures.,neutral,t_neu_006,false-015
3359,Isabel uploaded 1250 pictures to Facebook. She put some pics into one album and put the rest into 25 different albums.,Each album had 1000 pictures.,neutral,t_neu_006,false-016
3360,Isabel uploaded 60000 pictures to Facebook. She put some pics into one album and put the rest into 200 different albums.,Each album had 600 pictures.,neutral,t_neu_006,false-030
3361,Isabel uploaded 164 pictures to Facebook. She put some pics into one album and put the rest into 85 different albums.,Each album had 14590 pictures.,neutral,t_neu_006,false-047
3362,Isabel uploaded 3777 pictures to Facebook. She put some pics into one album and put the rest into 75 different albums.,Each album had 28275 pictures.,neutral,t_neu_006,false-056
3363,Isabel uploaded 9 pictures to Facebook. She put some pics into one album and put the rest into 2 different albums.,Each album had 5 pictures.,neutral,t_neu_006,false-060
3364,Isabel uploaded 7500 pictures to Facebook. She put some pics into one album and put the rest into 5000 different albums.,Each album had 7550 pictures.,neutral,t_neu_006,false-068
3365,Isabel uploaded 64237 pictures to Facebook. She put some pics into one album and put the rest into 73360 different albums.,Each album had 133457 pictures.,neutral,t_neu_006,false-099
3366,There are 92614 skittles in Steven's skittles collection. Steven also has 35356 erasers. If the erasers are organized into groups,Each group has 63598 erasers.,neutral,t_neu_007,false-076
3367,Ed had more marbles than Doug. Doug lost 6000 of his marbles at the playground. If Ed had 32 marbles,Ed had 19200 more marbles than Doug then.,neutral,t_neu_008,false-059
3368,Edward bought 26 tickets at the state fair. He spent 77 tickets at the 'dunk a clown' booth and decided to use the rest on rides. Each ride cost several tickets.,Edward could go on 301 rides.,neutral,t_neu_009,false-085
3369,Edward bought 53 tickets at the state fair. He spent 776 tickets at the 'dunk a clown' booth and decided to use the rest on rides. Each ride cost several tickets.,Edward could go on 928 rides.,neutral,t_neu_009,false-087
3370,Edward had some books. He sold 4149 of them and used the money he earned to buy 9018 new books.,Edward would have 1316 books.,neutral,t_neu_010,false-094
3371,"Frank was reading through his favorite book. The book had 84 chapters, each with the same number of pages. It has a total of 14 pages. It took Frank several days to finish the book.",Frank read 16 pages per day.,neutral,t_neu_011,false-008
3372,"Frank was reading through his favorite book. The book had 140 chapters, each with the same number of pages. It has a total of 4 pages. It took Frank several days to finish the book.",Frank read 30 pages per day.,neutral,t_neu_011,false-010
3373,"Frank was reading through his favorite book. The book had 87500 chapters, each with the same number of pages. It has a total of 250 pages. It took Frank several days to finish the book.",Frank read 3500 pages per day.,neutral,t_neu_011,false-035
3374,"Frank was reading through his favorite book. The book had 39 chapters, each with the same number of pages. It has a total of 71 pages. It took Frank several days to finish the book.",Frank read 2679 pages per day.,neutral,t_neu_011,false-042
3375,"Frank was reading through his favorite book. The book had 626 chapters, each with the same number of pages. It has a total of 59 pages. It took Frank several days to finish the book.",Frank read 626 pages per day.,neutral,t_neu_011,false-050
3376,"Frank was reading through his favorite book. The book had 53 chapters, each with the same number of pages. It has a total of 776 pages. It took Frank several days to finish the book.",Frank read 928 pages per day.,neutral,t_neu_011,false-087
3377,"Frank was reading through his favorite book. The book had 4100 chapters, each with the same number of pages. It has a total of 6900 pages. It took Frank several days to finish the book.",Frank read 1900 pages per day.,neutral,t_neu_011,false-091
3378,"Frank was reading through his favorite book. The book had 4149 chapters, each with the same number of pages. It has a total of 9018 pages. It took Frank several days to finish the book.",Frank read 1316 pages per day.,neutral,t_neu_011,false-094
3379,Haley's favorite band was holding a concert. Haley bought 248 tickets for herself and her friends and 743 extra tickets in case anyone else wanted to go.,Haley spent 248743 dollars.,neutral,t_neu_012,false-052
3380,Haley's favorite band was holding a concert. Haley bought 747 tickets for herself and her friends and 47 extra tickets in case anyone else wanted to go.,Haley spent 77777 dollars.,neutral,t_neu_012,false-054
3381,Haley's favorite band was holding a concert. Haley bought 560 tickets for herself and her friends and 632 extra tickets in case anyone else wanted to go.,Haley spent 112 dollars.,neutral,t_neu_012,false-089
3382,Marco and his dad went strawberry picking. Marco's strawberries weighed 12 pounds. If together their strawberries weighed at least 3 pounds.,His strawberries weighed 5 pounds more than his dad's.,neutral,t_neu_013,false-000
3383,Marco and his dad went strawberry picking. Marco's strawberries weighed 288 pounds. If together their strawberries weighed at least 16 pounds.,His strawberries weighed 22 pounds more than his dad's.,neutral,t_neu_013,false-012
3384,Marco and his dad went strawberry picking. Marco's strawberries weighed 41128 pounds. If together their strawberries weighed at least 776 pounds.,His strawberries weighed 553 pounds more than his dad's.,neutral,t_neu_013,false-024
3385,Marco and his dad went strawberry picking. Marco's strawberries weighed 60000 pounds. If together their strawberries weighed at least 200 pounds.,His strawberries weighed 200 pounds more than his dad's.,neutral,t_neu_013,false-031
3386,Marco and his dad went strawberry picking. Marco's strawberries weighed 69 pounds. If together their strawberries weighed at least 81 pounds.,His strawberries weighed 5859 pounds more than his dad's.,neutral,t_neu_013,false-045
3387,Marco and his dad went strawberry picking. Marco's strawberries weighed 626 pounds. If together their strawberries weighed at least 59 pounds.,His strawberries weighed 626 pounds more than his dad's.,neutral,t_neu_013,false-050
3388,Marco and his dad went strawberry picking. Marco's strawberries weighed 5587 pounds. If together their strawberries weighed at least 1727 pounds.,His strawberries weighed 386 pounds more than his dad's.,neutral,t_neu_013,false-067
3389,Marco and his dad went strawberry picking. Marco's strawberries weighed 26 pounds. If together their strawberries weighed at least 77 pounds.,His strawberries weighed 99 pounds more than his dad's.,neutral,t_neu_013,false-084
3390,Marco and his dad went strawberry picking. Marco's strawberries weighed 4149 pounds. If together their strawberries weighed at least 9018 pounds.,His strawberries weighed 1316 pounds more than his dad's.,neutral,t_neu_013,false-094
3391,"While shopping for music online, Janet bought 35 country albums and 7 pop albums. Each album came with a lyric sheet and had some songs.",Janet bought a total of 9 songs.,neutral,t_neu_014,false-002
3392,"While shopping for music online, Janet bought 84 country albums and 14 pop albums. Each album came with a lyric sheet and had some songs.",Janet bought a total of 7 songs.,neutral,t_neu_014,false-009
3393,"While shopping for music online, Janet bought 19440 country albums and 72 pop albums. Each album came with a lyric sheet and had some songs.",Janet bought a total of 2700 songs.,neutral,t_neu_014,false-022
3394,"While shopping for music online, Janet bought 41128 country albums and 776 pop albums. Each album came with a lyric sheet and had some songs.",Janet bought a total of 553 songs.,neutral,t_neu_014,false-024
3395,"While shopping for music online, Janet bought 70000 country albums and 7 pop albums. Each album came with a lyric sheet and had some songs.",Janet bought a total of 77000 songs.,neutral,t_neu_014,false-033
3396,"While shopping for music online, Janet bought 17 country albums and 8 pop albums. Each album came with a lyric sheet and had some songs.",Janet bought a total of 17 songs.,neutral,t_neu_014,false-063
3397,"While shopping for music online, Janet bought 8977 country albums and 5249 pop albums. Each album came with a lyric sheet and had some songs.",Janet bought a total of 3278 songs.,neutral,t_neu_014,false-071
3398,"While shopping for music online, Janet bought 123456 country albums and 56789 pop albums. Each album came with a lyric sheet and had some songs.",Janet bought a total of 676767 songs.,neutral,t_neu_014,false-079
3399,"While shopping for music online, Janet bought 4149 country albums and 9018 pop albums. Each album came with a lyric sheet and had some songs.",Janet bought a total of 16137 songs.,neutral,t_neu_014,false-095
3400,"Jerry was helping the cafeteria workers pick up lunch trays, but he could only carry 468 trays at a time. He had to pick up some trays from one table and 13 trays from another.",Jerry will make 63 trips.,neutral,t_neu_015,false-014
3401,"Jerry was helping the cafeteria workers pick up lunch trays, but he could only carry 41128 trays at a time. He had to pick up some trays from one table and 776 trays from another.",Jerry will make 553 trips.,neutral,t_neu_015,false-024
3402,"Jerry was helping the cafeteria workers pick up lunch trays, but he could only carry 30 trays at a time. He had to pick up some trays from one table and 8 trays from another.",Jerry will make 308 trips.,neutral,t_neu_015,false-039
3403,"Jerry was helping the cafeteria workers pick up lunch trays, but he could only carry 9924 trays at a time. He had to pick up some trays from one table and 9280 trays from another.",Jerry will make 64 trips.,neutral,t_neu_015,false-072
3404,"Jerry was helping the cafeteria workers pick up lunch trays, but he could only carry 35304 trays at a time. He had to pick up some trays from one table and 17386 trays from another.",Jerry will make 18148 trips.,neutral,t_neu_015,false-074
3405,"Jerry was helping the cafeteria workers pick up lunch trays, but he could only carry 35304 trays at a time. He had to pick up some trays from one table and 17386 trays from another.",Jerry will make 17819 trips.,neutral,t_neu_015,false-075
3406,"Jerry was helping the cafeteria workers pick up lunch trays, but he could only carry 92614 trays at a time. He had to pick up some trays from one table and 35356 trays from another.",Jerry will make 5758 trips.,neutral,t_neu_015,false-077
3407,"Jerry was helping the cafeteria workers pick up lunch trays, but he could only carry 4100 trays at a time. He had to pick up some trays from one table and 6900 trays from another.",Jerry will make 1900 trips.,neutral,t_neu_015,false-091
3408,"Jerry was helping the cafeteria workers pick up lunch trays, but he could only carry 46942 trays at a time. He had to pick up some trays from one table and 54572 trays from another.",Jerry will make 46942 trips.,neutral,t_neu_015,false-096
3409,Jerry is at the library helping put away books. There are 48 book to put away total but a librarian takes 8 of them and leaves Jerry with the rest. He can fit some books on a shelf.,Jerry will need 4 shelves.,neutral,t_neu_016,false-004
3410,Jerry is at the library helping put away books. There are 41128 book to put away total but a librarian takes 776 of them and leaves Jerry with the rest. He can fit some books on a shelf.,Jerry will need 553 shelves.,neutral,t_neu_016,false-024
3411,Jerry is at the library helping put away books. There are 164 book to put away total but a librarian takes 85 of them and leaves Jerry with the rest. He can fit some books on a shelf.,Jerry will need 14590 shelves.,neutral,t_neu_016,false-047
3412,Jerry is at the library helping put away books. There are 7500 book to put away total but a librarian takes 5000 of them and leaves Jerry with the rest. He can fit some books on a shelf.,Jerry will need 250 shelves.,neutral,t_neu_016,false-069
3413,There were roses and orchids in the vase. Jessica cut some more roses and orchids from her flower garden. There are now 140 orchids and 4 roses in the vase.,Jessica cut 30 orchids.,neutral,t_neu_017,false-010
3414,There were roses and orchids in the vase. Jessica cut some more roses and orchids from her flower garden. There are now 5301 orchids and 57 roses in the vase.,Jessica cut 933 orchids.,neutral,t_neu_017,false-019
3415,There were roses and orchids in the vase. Jessica cut some more roses and orchids from her flower garden. There are now 50760 orchids and 6 roses in the vase.,Jessica cut 5070 orchids.,neutral,t_neu_017,false-028
3416,There were roses and orchids in the vase. Jessica cut some more roses and orchids from her flower garden. There are now 60000 orchids and 200 roses in the vase.,Jessica cut 200 orchids.,neutral,t_neu_017,false-031
3417,There were roses and orchids in the vase. Jessica cut some more roses and orchids from her flower garden. There are now 70000 orchids and 7 roses in the vase.,Jessica cut 77 orchids.,neutral,t_neu_017,false-032
3418,Jessie currently weighs 44100 kilograms. After she started to go jogging everyday she lost more than 90 kilograms.,Jessie weighed 4900 kilograms before starting to jog.,neutral,t_neu_018,false-027
3419,Jessie currently weighs 123456 kilograms. After she started to go jogging everyday she lost more than 56789 kilograms.,Jessie weighed 676767 kilograms before starting to jog.,neutral,t_neu_018,false-079
3420,Jessie currently weighs 53 kilograms. After she started to go jogging everyday she lost more than 776 kilograms.,Jessie weighed 928 kilograms before starting to jog.,neutral,t_neu_018,false-087
3421,Jessie currently weighs 4087 kilograms. After she started to go jogging everyday she lost more than 7337 kilograms.,Jessie weighed 1124 kilograms before starting to jog.,neutral,t_neu_018,false-092
3422,"Katie baked 55 cupcakes for her school's bake sale. Her brother, Todd, ate some of them. She put 5 cupcake in each package?.",Katie could make 5 packages.,neutral,t_neu_019,false-007
3423,"Katie baked 44100 cupcakes for her school's bake sale. Her brother, Todd, ate some of them. She put 90 cupcake in each package?.",Katie could make 4900 packages.,neutral,t_neu_019,false-027
3424,"Katie baked 164 cupcakes for her school's bake sale. Her brother, Todd, ate some of them. She put 85 cupcake in each package?.",Katie could make 139400 packages.,neutral,t_neu_019,false-046
3425,"Katie baked 92614 cupcakes for her school's bake sale. Her brother, Todd, ate some of them. She put 35356 cupcake in each package?.",Katie could make 5758 packages.,neutral,t_neu_019,false-077
3426,"Katie baked 123456 cupcakes for her school's bake sale. Her brother, Todd, ate some of them. She put 56789 cupcake in each package?.",Katie could make 676767 packages.,neutral,t_neu_019,false-079
3427,"Katie baked 26 cupcakes for her school's bake sale. Her brother, Todd, ate some of them. She put 77 cupcake in each package?.",Katie could make 301 packages.,neutral,t_neu_019,false-085
3428,"Katie baked 4149 cupcakes for her school's bake sale. Her brother, Todd, ate some of them. She put 9018 cupcake in each package?.",Katie could make 1316 packages.,neutral,t_neu_019,false-094
3429,Luke was selling his old games. He started out with 288 but sold lots of them. He packed the rest up putting 16 games into each box.,Luke had to use 22 boxes.,neutral,t_neu_020,false-012
3430,Luke was selling his old games. He started out with 288 but sold lots of them. He packed the rest up putting 16 games into each box.,Luke had to use 16 boxes.,neutral,t_neu_020,false-013
3431,Luke was selling his old games. He started out with 69 but sold lots of them. He packed the rest up putting 81 games into each box.,Luke had to use 5569 boxes.,neutral,t_neu_020,false-044
3432,Luke was selling his old games. He started out with 6000 but sold lots of them. He packed the rest up putting 32 games into each box.,Luke had to use 632000 boxes.,neutral,t_neu_020,false-058
3433,"Mike invited 12 friends to a birthday party, but 3 couldn't come. He wanted to buy enough cupcakes so each person could have exactly cake number with Mike.",Mike should buy 5 of them.,neutral,t_neu_021,false-000
3434,"Mike invited 12 friends to a birthday party, but 3 couldn't come. He wanted to buy enough cupcakes so each person could have exactly cake number with Mike.",Mike should buy 14 of them.,neutral,t_neu_021,false-001
3435,"Mike invited 55 friends to a birthday party, but 5 couldn't come. He wanted to buy enough cupcakes so each person could have exactly cake number with Mike.",Mike should buy 5 of them.,neutral,t_neu_021,false-007
3436,"Mike invited 44100 friends to a birthday party, but 90 couldn't come. He wanted to buy enough cupcakes so each person could have exactly cake number with Mike.",Mike should buy 4900 of them.,neutral,t_neu_021,false-027
3437,"Mike invited 87500 friends to a birthday party, but 250 couldn't come. He wanted to buy enough cupcakes so each person could have exactly cake number with Mike.",Mike should buy 250 of them.,neutral,t_neu_021,false-034
3438,"Mike invited 5 friends to a birthday party, but 5 couldn't come. He wanted to buy enough cupcakes so each person could have exactly cake number with Mike.",Mike should buy 55 of them.,neutral,t_neu_021,false-036
3439,"Mike invited 248 friends to a birthday party, but 743 couldn't come. He wanted to buy enough cupcakes so each person could have exactly cake number with Mike.",Mike should buy 126484 of them.,neutral,t_neu_021,false-053
3440,"Mike invited 2400 friends to a birthday party, but 1600 couldn't come. He wanted to buy enough cupcakes so each person could have exactly cake number with Mike.",Mike should buy 8000 of them.,neutral,t_neu_021,false-064
3441,"Mike invited 9924 friends to a birthday party, but 9280 couldn't come. He wanted to buy enough cupcakes so each person could have exactly cake number with Mike.",Mike should buy 6464 of them.,neutral,t_neu_021,false-073
3442,"Mike invited 2 friends to a birthday party, but 8 couldn't come. He wanted to buy enough cupcakes so each person could have exactly cake number with Mike.",Mike should buy 12 of them.,neutral,t_neu_021,false-081
3443,Paige had 48 files on her computer. She deleted some of them and put the rest into folders with 8 files in each one.,Paige ended up with 12 folders.,neutral,t_neu_022,false-005
3444,Paige had 55 files on her computer. She deleted some of them and put the rest into folders with 5 files in each one.,Paige ended up with 13 folders.,neutral,t_neu_022,false-006
3445,Paige had 30 files on her computer. She deleted some of them and put the rest into folders with 8 files in each one.,Paige ended up with 308 folders.,neutral,t_neu_022,false-039
3446,Paige had 747 files on her computer. She deleted some of them and put the rest into folders with 47 files in each one.,Paige ended up with 49947 folders.,neutral,t_neu_022,false-055
3447,Paige had 2400 files on her computer. She deleted some of them and put the rest into folders with 1600 files in each one.,Paige ended up with 400 folders.,neutral,t_neu_022,false-065
3448,Paige had 92614 files on her computer. She deleted some of them and put the rest into folders with 35356 files in each one.,Paige ended up with 5758 folders.,neutral,t_neu_022,false-077
3449,Paige had 2 files on her computer. She deleted some of them and put the rest into folders with 8 files in each one.,Paige ended up with 28 folders.,neutral,t_neu_022,false-080
3450,Paige had 4087 files on her computer. She deleted some of them and put the rest into folders with 7337 files in each one.,Paige ended up with 1424 folders.,neutral,t_neu_022,false-093
3451,Paul got a box of 35 crayons for his birthday. During the school year he gave about 7 crayons to his friends while he lost some crayons.,Paul gave 9 more crayons to his friends than those he lost.,neutral,t_neu_023,false-002
3452,Paul got a box of 5301 crayons for his birthday. During the school year he gave about 57 crayons to his friends while he lost some crayons.,Paul gave 933 more crayons to his friends than those he lost.,neutral,t_neu_023,false-019
3453,Paul got a box of 5 crayons for his birthday. During the school year he gave about 5 crayons to his friends while he lost some crayons.,Paul gave 505 more crayons to his friends than those he lost.,neutral,t_neu_023,false-037
3454,Paul got a box of 2 crayons for his birthday. During the school year he gave about 8 crayons to his friends while he lost some crayons.,Paul gave 28 more crayons to his friends than those he lost.,neutral,t_neu_023,false-080
3455,Paul got a box of 2 crayons for his birthday. During the school year he gave about 8 crayons to his friends while he lost some crayons.,Paul gave 12 more crayons to his friends than those he lost.,neutral,t_neu_023,false-081
3456,Paul got a box of 4100 crayons for his birthday. During the school year he gave about 6900 crayons to his friends while he lost some crayons.,Paul gave 1900 more crayons to his friends than those he lost.,neutral,t_neu_023,false-091
3457,Paul got a box of 84 crayons for his birthday. By the end of the school year he had either lost or given away nearly 14 of them.,Paul had 7 crayons left by the end of the school year.,neutral,t_neu_024,false-009
3458,Paul got a box of 60000 crayons for his birthday. By the end of the school year he had either lost or given away nearly 200 of them.,Paul had 200 crayons left by the end of the school year.,neutral,t_neu_024,false-031
3459,Paul got a box of 248 crayons for his birthday. By the end of the school year he had either lost or given away nearly 743 of them.,Paul had 126484 crayons left by the end of the school year.,neutral,t_neu_024,false-053
3460,Paul got a box of 4149 crayons for his birthday. By the end of the school year he had either lost or given away nearly 9018 of them.,Paul had 16137 crayons left by the end of the school year.,neutral,t_neu_024,false-095
3461,Paul was collecting cans for recycling. On Saturday he filled 84 bags up and on Sunday he filled 14 more bags. Each bag had several cans in it.,Paul picked up a total of 16 cans.,neutral,t_neu_025,false-008
3462,Paul was collecting cans for recycling. On Saturday he filled 19440 bags up and on Sunday he filled 72 more bags. Each bag had several cans in it.,Paul picked up a total of 2700 cans.,neutral,t_neu_025,false-022
3463,Paul was collecting cans for recycling. On Saturday he filled 60000 bags up and on Sunday he filled 200 more bags. Each bag had several cans in it.,Paul picked up a total of 200 cans.,neutral,t_neu_025,false-031
3464,Paul was collecting cans for recycling. On Saturday he filled 335 bags up and on Sunday he filled 537 more bags. Each bag had several cans in it.,Paul picked up a total of 17989 cans.,neutral,t_neu_025,false-049
3465,Paul was collecting cans for recycling. On Saturday he filled 9 bags up and on Sunday he filled 2 more bags. Each bag had several cans in it.,Paul picked up a total of 5 cans.,neutral,t_neu_025,false-060
3466,Paul was collecting cans for recycling. On Saturday he filled 2400 bags up and on Sunday he filled 1600 more bags. Each bag had several cans in it.,Paul picked up a total of 400 cans.,neutral,t_neu_025,false-065
3467,Paul was collecting cans for recycling. On Saturday he filled 5587 bags up and on Sunday he filled 1727 more bags. Each bag had several cans in it.,Paul picked up a total of 5517 cans.,neutral,t_neu_025,false-066
3468,Paul was collecting cans for recycling. On Saturday he filled 7500 bags up and on Sunday he filled 5000 more bags. Each bag had several cans in it.,Paul picked up a total of 7550 cans.,neutral,t_neu_025,false-068
3469,Paul was collecting cans for recycling. On Saturday he filled 123456 bags up and on Sunday he filled 56789 more bags. Each bag had several cans in it.,Paul picked up a total of 12345 cans.,neutral,t_neu_025,false-078
3470,Robin has 12 packages of gum and 3 packages of candy.,Robin has 5 pieces of gum.,neutral,t_neu_026,false-000
3471,Robin has 84 packages of gum and 14 packages of candy.,Robin has 16 pieces of gum.,neutral,t_neu_026,false-008
3472,Robin has 140 packages of gum and 4 packages of candy.,Robin has 30 pieces of gum.,neutral,t_neu_026,false-010
3473,Robin has 92614 packages of gum and 35356 packages of candy.,Robin has 5758 pieces of gum.,neutral,t_neu_026,false-077
3474,Robin has 560 packages of gum and 632 packages of candy.,Robin has 1882 pieces of gum.,neutral,t_neu_026,false-088
3475,Robin has 4087 packages of gum and 7337 packages of candy.,Robin has 1124 pieces of gum.,neutral,t_neu_026,false-092
3476,The cafeteria had apples. For lunch they handed out 468 to students and decided to use the rest to make pies. Each pie takes 13 apples.,The cafetaria could make 39 pies.,neutral,t_neu_027,false-015
3477,The cafeteria had apples. For lunch they handed out 5301 to students and decided to use the rest to make pies. Each pie takes 57 apples.,The cafetaria could make 53 pies.,neutral,t_neu_027,false-018
3478,The cafeteria had apples. For lunch they handed out 626 to students and decided to use the rest to make pies. Each pie takes 59 apples.,The cafetaria could make 626 pies.,neutral,t_neu_027,false-050
3479,The cafeteria had apples. For lunch they handed out 9924 to students and decided to use the rest to make pies. Each pie takes 9280 apples.,The cafetaria could make 6464 pies.,neutral,t_neu_027,false-073
3480,The cafeteria had apples. For lunch they handed out 92614 to students and decided to use the rest to make pies. Each pie takes 35356 apples.,The cafetaria could make 5758 pies.,neutral,t_neu_027,false-077
3481,The cafeteria had apples. For lunch they handed out 46942 to students and decided to use the rest to make pies. Each pie takes 54572 apples.,The cafetaria could make 46942 pies.,neutral,t_neu_027,false-096
3482,"The grasshopper, the frog and the mouse had a jumping contest. The grasshopper jumped 5301 inches farther than the frog and the mouse jumped 57 inches lesser than the frog.",The frog jumped 53 inches.,neutral,t_neu_028,false-018
3483,"The grasshopper, the frog and the mouse had a jumping contest. The grasshopper jumped 50760 inches farther than the frog and the mouse jumped 6 inches lesser than the frog.",The frog jumped 846 inches.,neutral,t_neu_028,false-029
3484,"The grasshopper, the frog and the mouse had a jumping contest. The grasshopper jumped 17 inches farther than the frog and the mouse jumped 8 inches lesser than the frog.",The frog jumped 17 inches.,neutral,t_neu_028,false-063
3485,"The grasshopper, the frog and the mouse had a jumping contest. The grasshopper jumped 2400 inches farther than the frog and the mouse jumped 1600 inches lesser than the frog.",The frog jumped 8000 inches.,neutral,t_neu_028,false-064
3486,An industrial machine made some shirts yesterday and 46942 shirts today. It can make 54572 shirts a minute.,The machine worked for 10154 minutes yesterday.,neutral,t_neu_029,false-097
3487,A pet store had 5 puppies. In one day they sold 5 of them and put the rest into cages with unknown number in each cage.,The pet store used 505 cages.,neutral,t_neu_030,false-037
3488,A pet store had 39 puppies. In one day they sold 71 of them and put the rest into cages with unknown number in each cage.,The pet store used 2679 cages.,neutral,t_neu_030,false-042
3489,A pet store had 69 puppies. In one day they sold 81 of them and put the rest into cages with unknown number in each cage.,The pet store used 5859 cages.,neutral,t_neu_030,false-045
3490,A pet store had 335 puppies. In one day they sold 537 of them and put the rest into cages with unknown number in each cage.,The pet store used 17989 cages.,neutral,t_neu_030,false-049
3491,A pet store had 8977 puppies. In one day they sold 5249 of them and put the rest into cages with unknown number in each cage.,The pet store used 3648 cages.,neutral,t_neu_030,false-070
3492,A pet store had 92614 puppies. In one day they sold 35356 of them and put the rest into cages with unknown number in each cage.,The pet store used 5758 cages.,neutral,t_neu_030,false-077
3493,A pet store had 26 puppies. In one day they sold 77 of them and put the rest into cages with unknown number in each cage.,The pet store used 99 cages.,neutral,t_neu_030,false-084
3494,A pet store had 53 puppies. In one day they sold 776 of them and put the rest into cages with unknown number in each cage.,The pet store used 876 cages.,neutral,t_neu_030,false-086
3495,A pet store had 4100 puppies. In one day they sold 6900 of them and put the rest into cages with unknown number in each cage.,The pet store used 11400 cages.,neutral,t_neu_030,false-090
3496,Mary is baking a cake. The recipe calls for 248 cups of sugar and some more cups of flour. She already put in 743 cups of flour. If she still needs to add more cups of flour,The recipe required 248743 cups of flour.,neutral,t_neu_031,false-052
3497,A store had coloring books in stock. They ended up putting them on sale and getting rid of 12 of them. The put the ones they still had onto shelves with 3 on each shelf.,The store used 14 shelves.,neutral,t_neu_032,false-001
3498,A store had coloring books in stock. They ended up putting them on sale and getting rid of 140 of them. The put the ones they still had onto shelves with 4 on each shelf.,The store used 30 shelves.,neutral,t_neu_032,false-010
3499,A store had coloring books in stock. They ended up putting them on sale and getting rid of 41128 of them. The put the ones they still had onto shelves with 776 on each shelf.,The store used 55 shelves.,neutral,t_neu_032,false-025
3500,A store had coloring books in stock. They ended up putting them on sale and getting rid of 30 of them. The put the ones they still had onto shelves with 8 on each shelf.,The store used 24 shelves.,neutral,t_neu_032,false-038
3501,A store had coloring books in stock. They ended up putting them on sale and getting rid of 248 of them. The put the ones they still had onto shelves with 743 on each shelf.,The store used 126484 shelves.,neutral,t_neu_032,false-053
3502,A store had coloring books in stock. They ended up putting them on sale and getting rid of 123456 of them. The put the ones they still had onto shelves with 56789 on each shelf.,The store used 676767 shelves.,neutral,t_neu_032,false-079
3503,A store had coloring books in stock. They ended up putting them on sale and getting rid of 14 of them. The put the ones they still had onto shelves with 41 on each shelf.,The store used 11 shelves.,neutral,t_neu_032,false-082
3504,A store had coloring books in stock. They ended up putting them on sale and getting rid of 4087 of them. The put the ones they still had onto shelves with 7337 on each shelf.,The store used 1424 shelves.,neutral,t_neu_032,false-093
3505,A store had coloring books in stock. They ended up putting them on sale and getting rid of 46942 of them. The put the ones they still had onto shelves with 54572 on each shelf.,The store used 46942 shelves.,neutral,t_neu_032,false-096
3506,At the stop 55 more people got on the bus. Initially there were more than 5 people on the bus.,There are 13 people on the bus now.,neutral,t_neu_033,false-006
3507,At the stop 1250 more people got on the bus. Initially there were more than 25 people on the bus.,There are 5 people on the bus now.,neutral,t_neu_033,false-017
3508,At the stop 7857 more people got on the bus. Initially there were more than 81 people on the bus.,There are 81 people on the bus now.,neutral,t_neu_033,false-020
3509,At the stop 41128 more people got on the bus. Initially there were more than 776 people on the bus.,There are 55 people on the bus now.,neutral,t_neu_033,false-025
3510,At the stop 70000 more people got on the bus. Initially there were more than 7 people on the bus.,There are 77 people on the bus now.,neutral,t_neu_033,false-032
3511,At the stop 39 more people got on the bus. Initially there were more than 71 people on the bus.,There are 2679 people on the bus now.,neutral,t_neu_033,false-042
3512,At the stop 164 more people got on the bus. Initially there were more than 85 people on the bus.,There are 14590 people on the bus now.,neutral,t_neu_033,false-047
3513,At the stop 5587 more people got on the bus. Initially there were more than 1727 people on the bus.,There are 5517 people on the bus now.,neutral,t_neu_033,false-066
3514,At the stop 9924 more people got on the bus. Initially there were more than 9280 people on the bus.,There are 64 people on the bus now.,neutral,t_neu_033,false-072
3515,84 birds were sitting on the fence. 14 more birds and some storks came to join them.,There is 7 more stork than birds sitting on the fence.,neutral,t_neu_034,false-009
3516,5 birds were sitting on the fence. 5 more birds and some storks came to join them.,There is 505 more stork than birds sitting on the fence.,neutral,t_neu_034,false-037
3517,9 birds were sitting on the fence. 2 more birds and some storks came to join them.,There is 20 more stork than birds sitting on the fence.,neutral,t_neu_034,false-061
3518,In fourth grade there were 35 students at the start of the year. During the year 7 students left and several new students came to school.,There were 9 students in fourth grade at the end.,neutral,t_neu_035,false-002
3519,In fourth grade there were 6000 students at the start of the year. During the year 32 students left and several new students came to school.,There were 19200 students in fourth grade at the end.,neutral,t_neu_035,false-059
3520,In fourth grade there were 4087 students at the start of the year. During the year 7337 students left and several new students came to school.,There were 1424 students in fourth grade at the end.,neutral,t_neu_035,false-093
3521,He then went to see the oranges being harvested. He found out that they harvest 288 sacks per day and that each sack containes at least 16 oranges.,They harvest a total of 16 oranges.,neutral,t_neu_036,false-013
3522,He then went to see the oranges being harvested. He found out that they harvest 747 sacks per day and that each sack containes at least 47 oranges.,They harvest a total of 49947 oranges.,neutral,t_neu_036,false-055
3523,He then went to see the oranges being harvested. He found out that they harvest 3777 sacks per day and that each sack containes at least 75 oranges.,They harvest a total of 28275 oranges.,neutral,t_neu_036,false-056
3524,He then went to see the oranges being harvested. He found out that they harvest 8977 sacks per day and that each sack containes at least 5249 oranges.,They harvest a total of 3278 oranges.,neutral,t_neu_036,false-071
3525,He then went to see the oranges being harvested. He found out that they harvest 53 sacks per day and that each sack containes at least 776 oranges.,They harvest a total of 928 oranges.,neutral,t_neu_036,false-087
3526,He then went to see the oranges being harvested. He found out that they harvest 4149 sacks per day and that each sack containes at least 9018 oranges.,They harvest a total of 16137 oranges.,neutral,t_neu_036,false-095
3527,Tom bought 84 tickets at the state fair. He spent 14 tickets at the 'dunk a clown' booth and decided to use the rest on rides.,Tom could go on 16 rides.,neutral,t_neu_037,false-008
3528,Tom bought 60000 tickets at the state fair. He spent 200 tickets at the 'dunk a clown' booth and decided to use the rest on rides.,Tom could go on 200 rides.,neutral,t_neu_037,false-031
3529,Tom bought 164 tickets at the state fair. He spent 85 tickets at the 'dunk a clown' booth and decided to use the rest on rides.,Tom could go on 139400 rides.,neutral,t_neu_037,false-046
3530,Tom bought 9924 tickets at the state fair. He spent 9280 tickets at the 'dunk a clown' booth and decided to use the rest on rides.,Tom could go on 64 rides.,neutral,t_neu_037,false-072
3531,Tom bought 64237 tickets at the state fair. He spent 73360 tickets at the 'dunk a clown' booth and decided to use the rest on rides.,Tom could go on 133457 rides.,neutral,t_neu_037,false-099
3532,"Wendy earned 48 points for each bag of cans she recycled. She had 8 bags, but didn't recycle some of them,.",Wendy would have earned 4 points.,neutral,t_neu_039,false-004
3533,"Wendy earned 84 points for each bag of cans she recycled. She had 14 bags, but didn't recycle some of them,.",Wendy would have earned 16 points.,neutral,t_neu_039,false-008
3534,"Wendy earned 626 points for each bag of cans she recycled. She had 59 bags, but didn't recycle some of them,.",Wendy would have earned 626 points.,neutral,t_neu_039,false-050
3535,"Wendy earned 9924 points for each bag of cans she recycled. She had 9280 bags, but didn't recycle some of them,.",Wendy would have earned 6464 points.,neutral,t_neu_039,false-073
3536,"Wendy earned 92614 points for each bag of cans she recycled. She had 35356 bags, but didn't recycle some of them,.",Wendy would have earned 5758 points.,neutral,t_neu_039,false-077
3537,The school is planning a field trip. The school has 55 classrooms. There are hundreds of students in the school and less than 5 seats on each school bus.,5 buses are needed to take the trip.,neutral,t_neu_040,false-007
3538,The school is planning a field trip. The school has 5301 classrooms. There are hundreds of students in the school and less than 57 seats on each school bus.,53 buses are needed to take the trip.,neutral,t_neu_040,false-018
3539,The school is planning a field trip. The school has 50760 classrooms. There are hundreds of students in the school and less than 6 seats on each school bus.,5070 buses are needed to take the trip.,neutral,t_neu_040,false-028
3540,The school is planning a field trip. The school has 164 classrooms. There are hundreds of students in the school and less than 85 seats on each school bus.,139400 buses are needed to take the trip.,neutral,t_neu_040,false-046
3541,The school is planning a field trip. The school has 747 classrooms. There are hundreds of students in the school and less than 47 seats on each school bus.,49947 buses are needed to take the trip.,neutral,t_neu_040,false-055
3542,The school is planning a field trip. The school has 8977 classrooms. There are hundreds of students in the school and less than 5249 seats on each school bus.,3648 buses are needed to take the trip.,neutral,t_neu_040,false-070
3543,The school is planning a field trip. The school has 26 classrooms. There are hundreds of students in the school and less than 77 seats on each school bus.,99 buses are needed to take the trip.,neutral,t_neu_040,false-084
3544,The school is planning a field trip. The school has 560 classrooms. There are hundreds of students in the school and less than 632 seats on each school bus.,1882 buses are needed to take the trip.,neutral,t_neu_040,false-088
3545,The school is planning a field trip. The school has 4100 classrooms. There are hundreds of students in the school and less than 6900 seats on each school bus.,11400 buses are needed to take the trip.,neutral,t_neu_040,false-090
3546,Haley grew 2 trees in her backyard. After a typhoon more than 8 trees were left.,12 trees died in the typhoon.,neutral,t_neu_041,false-081
3547,55 children were riding on the bus. At the bus stop some children got on the bus while some got off the bus. Then there were 5 children altogether on the bus.,13 more children got off the bus than those who got on.,neutral,t_neu_042,false-006
3548,140 children were riding on the bus. At the bus stop some children got on the bus while some got off the bus. Then there were 4 children altogether on the bus.,10 more children got off the bus than those who got on.,neutral,t_neu_042,false-011
3549,30 children were riding on the bus. At the bus stop some children got on the bus while some got off the bus. Then there were 8 children altogether on the bus.,308 more children got off the bus than those who got on.,neutral,t_neu_042,false-039
3550,164 children were riding on the bus. At the bus stop some children got on the bus while some got off the bus. Then there were 85 children altogether on the bus.,139400 more children got off the bus than those who got on.,neutral,t_neu_042,false-046
3551,3777 children were riding on the bus. At the bus stop some children got on the bus while some got off the bus. Then there were 75 children altogether on the bus.,283720 more children got off the bus than those who got on.,neutral,t_neu_042,false-057
3552,7500 children were riding on the bus. At the bus stop some children got on the bus while some got off the bus. Then there were 5000 children altogether on the bus.,7550 more children got off the bus than those who got on.,neutral,t_neu_042,false-068
3553,4100 children were riding on the bus. At the bus stop some children got on the bus while some got off the bus. Then there were 6900 children altogether on the bus.,1900 more children got off the bus than those who got on.,neutral,t_neu_042,false-091
3554,The school is planning a field trip. The school has several classrooms. There are 46942 students in the school with each classroom having the same number of students. If there are 54572 seats on each school bus.,46942 buses are needed to take the trip.,neutral,t_neu_043,false-096
3555,"A trivia team had 288 members total, but during a game some members didn't show up. Each member that did show up scored 16 points.",A total of 22 points were scored.,neutral,t_neu_044,false-012
3556,"A trivia team had 4100 members total, but during a game some members didn't show up. Each member that did show up scored 6900 points.",A total of 11400 points were scored.,neutral,t_neu_044,false-090
3557,Adam has 84 more apples than Jackie. Together Adam and Jackie have many apples. Bob has 14 apples more than Adam and Jackie together do.,Bob has 7 apples.,neutral,t_neu_045,false-009
3558,Adam has 5301 more apples than Jackie. Together Adam and Jackie have many apples. Bob has 57 apples more than Adam and Jackie together do.,Bob has 53 apples.,neutral,t_neu_045,false-018
3559,Adam has 50760 more apples than Jackie. Together Adam and Jackie have many apples. Bob has 6 apples more than Adam and Jackie together do.,Bob has 5070 apples.,neutral,t_neu_045,false-028
3560,Adam has 164 more apples than Jackie. Together Adam and Jackie have many apples. Bob has 85 apples more than Adam and Jackie together do.,Bob has 139400 apples.,neutral,t_neu_045,false-046
3561,Adam has 6000 more apples than Jackie. Together Adam and Jackie have many apples. Bob has 32 apples more than Adam and Jackie together do.,Bob has 19200 apples.,neutral,t_neu_045,false-059
3562,Adam has 5587 more apples than Jackie. Together Adam and Jackie have many apples. Bob has 1727 apples more than Adam and Jackie together do.,Bob has 5517 apples.,neutral,t_neu_045,false-066
3563,Bobby ate 70000 pieces of candy. Then he ate 7 more. He also ate pieces of chocolate.,Bobby ate 77000 more pieces of candy than chocolate.,neutral,t_neu_046,false-033
3564,Bobby ate 41 pieces of candy. Then he ate 27 more. He also ate pieces of chocolate.,Bobby ate 1177 more pieces of candy than chocolate.,neutral,t_neu_046,false-040
3565,Bobby ate 4087 pieces of candy. Then he ate 7337 more. He also ate pieces of chocolate.,Bobby ate 1424 more pieces of candy than chocolate.,neutral,t_neu_046,false-093
3566,For the school bake sale Carol made 55 cupcakes. The number of cake that she sold and made combined was 5.,Carol would have 5 cupcakes.,neutral,t_neu_047,false-007
3567,For the school bake sale Carol made 288 cupcakes. The number of cake that she sold and made combined was 16.,Carol would have 22 cupcakes.,neutral,t_neu_047,false-012
3568,For the school bake sale Carol made 44100 cupcakes. The number of cake that she sold and made combined was 90.,Carol would have 90 cupcakes.,neutral,t_neu_047,false-026
3569,For the school bake sale Carol made 70000 cupcakes. The number of cake that she sold and made combined was 7.,Carol would have 77 cupcakes.,neutral,t_neu_047,false-032
3570,For the school bake sale Carol made 39 cupcakes. The number of cake that she sold and made combined was 71.,Carol would have 2781 cupcakes.,neutral,t_neu_047,false-043
3571,For the school bake sale Carol made 3777 cupcakes. The number of cake that she sold and made combined was 75.,Carol would have 283720 cupcakes.,neutral,t_neu_047,false-057
3572,For the school bake sale Carol made 2400 cupcakes. The number of cake that she sold and made combined was 1600.,Carol would have 8000 cupcakes.,neutral,t_neu_047,false-064
3573,For the school bake sale Carol made 5587 cupcakes. The number of cake that she sold and made combined was 1727.,Carol would have 386 cupcakes.,neutral,t_neu_047,false-067
3574,For the school bake sale Carol made 35304 cupcakes. The number of cake that she sold and made combined was 17386.,Carol would have 17819 cupcakes.,neutral,t_neu_047,false-075
3575,Chloe was playing a video game where she scores different points for each treasure she finds. She found 35 treasures on the first level and 7 on the second.,Chloe's score would be 9 points.,neutral,t_neu_048,false-002
3576,Chloe was playing a video game where she scores different points for each treasure she finds. She found 55 treasures on the first level and 5 on the second.,Chloe's score would be 13 points.,neutral,t_neu_048,false-006
3577,Chloe was playing a video game where she scores different points for each treasure she finds. She found 5301 treasures on the first level and 57 on the second.,Chloe's score would be 53 points.,neutral,t_neu_048,false-018
3578,Chloe was playing a video game where she scores different points for each treasure she finds. She found 60000 treasures on the first level and 200 on the second.,Chloe's score would be 600 points.,neutral,t_neu_048,false-030
3579,Chloe was playing a video game where she scores different points for each treasure she finds. She found 69 treasures on the first level and 81 on the second.,Chloe's score would be 5569 points.,neutral,t_neu_048,false-044
3580,Chloe was playing a video game where she scores different points for each treasure she finds. She found 335 treasures on the first level and 537 on the second.,Chloe's score would be 17895 points.,neutral,t_neu_048,false-048
3581,Chloe was playing a video game where she scores different points for each treasure she finds. She found 248 treasures on the first level and 743 on the second.,Chloe's score would be 126484 points.,neutral,t_neu_048,false-053
3582,Chloe was playing a video game where she scores different points for each treasure she finds. She found 747 treasures on the first level and 47 on the second.,Chloe's score would be 77777 points.,neutral,t_neu_048,false-054
3583,Chloe was playing a video game where she scores different points for each treasure she finds. She found 123456 treasures on the first level and 56789 on the second.,Chloe's score would be 676767 points.,neutral,t_neu_048,false-079
3584,Edward bought 12 tickets at the state fair. He spent 3 tickets at the 'dunk a clown' booth and decided to use the rest on rides. Each ride cost several tickets.,Edward could go on 5 rides.,neutral,t_neu_049,false-000
3585,Edward bought 55 tickets at the state fair. He spent 5 tickets at the 'dunk a clown' booth and decided to use the rest on rides. Each ride cost several tickets.,Edward could go on 5 rides.,neutral,t_neu_049,false-007
3586,Edward bought 5301 tickets at the state fair. He spent 57 tickets at the 'dunk a clown' booth and decided to use the rest on rides. Each ride cost several tickets.,Edward could go on 933 rides.,neutral,t_neu_049,false-019
3587,Edward bought 60000 tickets at the state fair. He spent 200 tickets at the 'dunk a clown' booth and decided to use the rest on rides. Each ride cost several tickets.,Edward could go on 600 rides.,neutral,t_neu_049,false-030
3588,Edward bought 41 tickets at the state fair. He spent 27 tickets at the 'dunk a clown' booth and decided to use the rest on rides. Each ride cost several tickets.,Edward could go on 117 rides.,neutral,t_neu_049,false-041
3589,Edward bought 69 tickets at the state fair. He spent 81 tickets at the 'dunk a clown' booth and decided to use the rest on rides. Each ride cost several tickets.,Edward could go on 5859 rides.,neutral,t_neu_049,false-045
3590,Edward bought 626 tickets at the state fair. He spent 59 tickets at the 'dunk a clown' booth and decided to use the rest on rides. Each ride cost several tickets.,Edward could go on 62659 rides.,neutral,t_neu_049,false-051
3591,Edward bought 17 tickets at the state fair. He spent 8 tickets at the 'dunk a clown' booth and decided to use the rest on rides. Each ride cost several tickets.,Edward could go on 10 rides.,neutral,t_neu_049,false-062
3592,He had a total of 1250 saltwater animals in different aquariums. Each aquarium has more than 25 animals in it.,He has 1000 aquariums.,neutral,t_neu_050,false-016
3593,He had a total of 9924 saltwater animals in different aquariums. Each aquarium has more than 9280 animals in it.,He has 64 aquariums.,neutral,t_neu_050,false-072
3594,He had a total of 14 saltwater animals in different aquariums. Each aquarium has more than 41 animals in it.,He has 44 aquariums.,neutral,t_neu_050,false-083
3595,Adam could fit 30 action figures and 8 cabinets on each shelf in his room. His room has several shelves.,His shelves could hold a total of 308 items.,neutral,t_neu_051,false-039
3596,Adam could fit 2 action figures and 8 cabinets on each shelf in his room. His room has several shelves.,His shelves could hold a total of 28 items.,neutral,t_neu_051,false-080
3597,Adam could fit 4149 action figures and 9018 cabinets on each shelf in his room. His room has several shelves.,His shelves could hold a total of 16137 items.,neutral,t_neu_051,false-095
3598,"Isabel baked 44100 cupcakes for her school's bake sale. Her brother, Todd, ate some of them. She put 90 cupcake in each package?.",Isabel could make 4900 packages.,neutral,t_neu_052,false-027
3599,"Isabel baked 60000 cupcakes for her school's bake sale. Her brother, Todd, ate some of them. She put 200 cupcake in each package?.",Isabel could make 600 packages.,neutral,t_neu_052,false-030
3600,"Isabel baked 70000 cupcakes for her school's bake sale. Her brother, Todd, ate some of them. She put 7 cupcake in each package?.",Isabel could make 77 packages.,neutral,t_neu_052,false-032
3601,"Isabel baked 30 cupcakes for her school's bake sale. Her brother, Todd, ate some of them. She put 8 cupcake in each package?.",Isabel could make 308 packages.,neutral,t_neu_052,false-039
3602,"Isabel baked 5587 cupcakes for her school's bake sale. Her brother, Todd, ate some of them. She put 1727 cupcake in each package?.",Isabel could make 5517 packages.,neutral,t_neu_052,false-066
3603,"Isabel baked 123456 cupcakes for her school's bake sale. Her brother, Todd, ate some of them. She put 56789 cupcake in each package?.",Isabel could make 12345 packages.,neutral,t_neu_052,false-078
3604,"Isabel baked 46942 cupcakes for her school's bake sale. Her brother, Todd, ate some of them. She put 54572 cupcake in each package?.",Isabel could make 46942 packages.,neutral,t_neu_052,false-096
3605,"Isabel baked 46942 cupcakes for her school's bake sale. Her brother, Todd, ate some of them. She put 54572 cupcake in each package?.",Isabel could make 10154 packages.,neutral,t_neu_052,false-097
3606,Marco and his dad went strawberry picking. Together their strawberries weighed 7857 pounds. His dad's strawberries weighed less than 81 pounds.,Marco's strawberries weighed 81 pounds.,neutral,t_neu_054,false-020
3607,Marco and his dad went strawberry picking. Together their strawberries weighed 53 pounds. His dad's strawberries weighed less than 776 pounds.,Marco's strawberries weighed 928 pounds.,neutral,t_neu_054,false-087
3608,Paul had 140 books. After giving 4 books to his friend and selling some books in a garage sale,Paul sold 10 books in the garage sale.,neutral,t_neu_055,false-011
3609,Paul had 335 books. After giving 537 books to his friend and selling some books in a garage sale,Paul sold 17989 books in the garage sale.,neutral,t_neu_055,false-049
3610,Paul had 5587 books. After giving 1727 books to his friend and selling some books in a garage sale,Paul sold 386 books in the garage sale.,neutral,t_neu_055,false-067
3611,Paul had 7500 books. After giving 5000 books to his friend and selling some books in a garage sale,Paul sold 250 books in the garage sale.,neutral,t_neu_055,false-069
3612,Paul had 92614 books. After giving 35356 books to his friend and selling some books in a garage sale,Paul sold 63598 books in the garage sale.,neutral,t_neu_055,false-076
3613,For Halloween Sarah received 468 pieces of candy. She ate 13 pieces then placed the rest into piles with equal number of candies in each pile.,Sarah could make 39 piles.,neutral,t_neu_056,false-015
3614,For Halloween Sarah received 164 pieces of candy. She ate 85 pieces then placed the rest into piles with equal number of candies in each pile.,Sarah could make 139400 piles.,neutral,t_neu_056,false-046
3615,Frank was reading through his favorite book. He read at least 55 pages per day and it took him 5 days to finish the book.,The book has 5 pages.,neutral,t_neu_057,false-007
3616,Frank was reading through his favorite book. He read at least 7857 pages per day and it took him 81 days to finish the book.,The book has 81 pages.,neutral,t_neu_057,false-020
3617,Frank was reading through his favorite book. He read at least 41128 pages per day and it took him 776 days to finish the book.,The book has 55 pages.,neutral,t_neu_057,false-025
3618,Frank was reading through his favorite book. He read at least 3777 pages per day and it took him 75 days to finish the book.,The book has 28275 pages.,neutral,t_neu_057,false-056
3619,Frank was reading through his favorite book. He read at least 9 pages per day and it took him 2 days to finish the book.,The book has 5 pages.,neutral,t_neu_057,false-060
3620,Frank was reading through his favorite book. He read at least 8977 pages per day and it took him 5249 days to finish the book.,The book has 3278 pages.,neutral,t_neu_057,false-071
3621,Frank was reading through his favorite book. He read at least 560 pages per day and it took him 632 days to finish the book.,The book has 1882 pages.,neutral,t_neu_057,false-088
3622,Frank was reading through his favorite book. He read at least 4087 pages per day and it took him 7337 days to finish the book.,The book has 1124 pages.,neutral,t_neu_057,false-092
3623,Frank was reading through his favorite book. He read at least 64237 pages per day and it took him 73360 days to finish the book.,The book has 133457 pages.,neutral,t_neu_057,false-099
3624,A magician was selling magic card decks. He started with 48 decks and by the end of the day he had 8 left.,The magician earned 12 dollars.,neutral,t_neu_058,false-005
3625,A magician was selling magic card decks. He started with 44100 decks and by the end of the day he had 90 left.,The magician earned 4900 dollars.,neutral,t_neu_058,false-027
3626,A magician was selling magic card decks. He started with 87500 decks and by the end of the day he had 250 left.,The magician earned 3500 dollars.,neutral,t_neu_058,false-035
3627,A magician was selling magic card decks. He started with 335 decks and by the end of the day he had 537 left.,The magician earned 17989 dollars.,neutral,t_neu_058,false-049
3628,A magician was selling magic card decks. He started with 8977 decks and by the end of the day he had 5249 left.,The magician earned 3278 dollars.,neutral,t_neu_058,false-071
3629,A pet store had 35 puppies. In one day they sold 7 of them and put the rest into cages with unknown number in each cage.,The pet store used 9 cages.,neutral,t_neu_059,false-002
3630,A pet store had 55 puppies. In one day they sold 5 of them and put the rest into cages with unknown number in each cage.,The pet store used 5 cages.,neutral,t_neu_059,false-007
3631,A pet store had 19440 puppies. In one day they sold 72 of them and put the rest into cages with unknown number in each cage.,The pet store used 2700 cages.,neutral,t_neu_059,false-022
3632,A pet store had 50760 puppies. In one day they sold 6 of them and put the rest into cages with unknown number in each cage.,The pet store used 5070 cages.,neutral,t_neu_059,false-028
3633,A pet store had 50760 puppies. In one day they sold 6 of them and put the rest into cages with unknown number in each cage.,The pet store used 846 cages.,neutral,t_neu_059,false-029
3634,A pet store had 747 puppies. In one day they sold 47 of them and put the rest into cages with unknown number in each cage.,The pet store used 49947 cages.,neutral,t_neu_059,false-055
3635,A pet store had 6000 puppies. In one day they sold 32 of them and put the rest into cages with unknown number in each cage.,The pet store used 19200 cages.,neutral,t_neu_059,false-059
3636,A pet store had 2400 puppies. In one day they sold 1600 of them and put the rest into cages with unknown number in each cage.,The pet store used 8000 cages.,neutral,t_neu_059,false-064
3637,A pet store had 2 puppies. In one day they sold 8 of them and put the rest into cages with unknown number in each cage.,The pet store used 12 cages.,neutral,t_neu_059,false-081
3638,A pet store had lots of puppies. In one day they sold 55 of them and put the rest into cages with 5 in each cage.,The pet store used 5 cages.,neutral,t_neu_060,false-007
3639,A pet store had lots of puppies. In one day they sold 626 of them and put the rest into cages with 59 in each cage.,The pet store used 62659 cages.,neutral,t_neu_060,false-051
3640,A pet store had lots of puppies. In one day they sold 64237 of them and put the rest into cages with 73360 in each cage.,The pet store used 133457 cages.,neutral,t_neu_060,false-099
3641,A store had coloring books in stock. They ended up putting them on sale and getting rid of 747 of them. The put the ones they still had onto shelves with 47 on each shelf.,The store used 49947 shelves.,neutral,t_neu_061,false-055
3642,A store had coloring books in stock. They ended up putting them on sale and getting rid of 35304 of them. The put the ones they still had onto shelves with 17386 on each shelf.,The store used 17819 shelves.,neutral,t_neu_061,false-075
3643,A store had 55 coloring books in stock. They ended up putting them on sale and getting rid of several of them. The put the ones they still had onto shelves with 5 on each shelf.,The store used 5 shelves.,neutral,t_neu_062,false-007
3644,A store had 14 coloring books in stock. They ended up putting them on sale and getting rid of several of them. The put the ones they still had onto shelves with 41 on each shelf.,The store used 11 shelves.,neutral,t_neu_062,false-082
3645,A store had 4100 coloring books in stock. They ended up putting them on sale and getting rid of several of them. The put the ones they still had onto shelves with 6900 on each shelf.,The store used 1900 shelves.,neutral,t_neu_062,false-091
3646,A store had 64237 coloring books in stock. They ended up putting them on sale and getting rid of several of them. The put the ones they still had onto shelves with 73360 on each shelf.,The store used 73360 shelves.,neutral,t_neu_062,false-098
3647,A worksheet had problems on it. A teacher had 48 worksheets to grade and had already graded 8 of them.,The teacher has 4 more problems to grade.,neutral,t_neu_063,false-004
3648,A worksheet had problems on it. A teacher had 84 worksheets to grade and had already graded 14 of them.,The teacher has 7 more problems to grade.,neutral,t_neu_063,false-009
3649,A worksheet had problems on it. A teacher had 140 worksheets to grade and had already graded 4 of them.,The teacher has 10 more problems to grade.,neutral,t_neu_063,false-011
3650,A worksheet had problems on it. A teacher had 19440 worksheets to grade and had already graded 72 of them.,The teacher has 2700 more problems to grade.,neutral,t_neu_063,false-022
3651,A worksheet had problems on it. A teacher had 69 worksheets to grade and had already graded 81 of them.,The teacher has 5569 more problems to grade.,neutral,t_neu_063,false-044
3652,A worksheet had problems on it. A teacher had 626 worksheets to grade and had already graded 59 of them.,The teacher has 62659 more problems to grade.,neutral,t_neu_063,false-051
3653,A worksheet had problems on it. A teacher had 17 worksheets to grade and had already graded 8 of them.,The teacher has 10 more problems to grade.,neutral,t_neu_063,false-062
3654,A worksheet had problems on it. A teacher had 7500 worksheets to grade and had already graded 5000 of them.,The teacher has 7550 more problems to grade.,neutral,t_neu_063,false-068
3655,A worksheet had problems on it. A teacher had 4100 worksheets to grade and had already graded 6900 of them.,The teacher has 1900 more problems to grade.,neutral,t_neu_063,false-091
3656,"A teacher had 12 worksheets to grade. She graded some, but then another 3 were turned in,.",The teacher would have to grade 5 worksheets.,neutral,t_neu_064,false-000
3657,"A teacher had 19440 worksheets to grade. She graded some, but then another 72 were turned in,.",The teacher would have to grade 2700 worksheets.,neutral,t_neu_064,false-022
3658,"A teacher had 2400 worksheets to grade. She graded some, but then another 1600 were turned in,.",The teacher would have to grade 400 worksheets.,neutral,t_neu_064,false-065
3659,"A teacher had 92614 worksheets to grade. She graded some, but then another 35356 were turned in,.",The teacher would have to grade 63598 worksheets.,neutral,t_neu_064,false-076
3660,"A teacher had 53 worksheets to grade. She graded some, but then another 776 were turned in,.",The teacher would have to grade 928 worksheets.,neutral,t_neu_064,false-087
3661,A painter needed to paint 35 rooms in a building. Each room takes several hours to paint. He already painted 7 rooms.,The waiter will take 35 more hours to paint the rest.,neutral,t_neu_066,false-003
3662,A painter needed to paint 55 rooms in a building. Each room takes several hours to paint. He already painted 5 rooms.,The waiter will take 5 more hours to paint the rest.,neutral,t_neu_066,false-007
3663,A painter needed to paint 468 rooms in a building. Each room takes several hours to paint. He already painted 13 rooms.,The waiter will take 63 more hours to paint the rest.,neutral,t_neu_066,false-014
3664,A painter needed to paint 468 rooms in a building. Each room takes several hours to paint. He already painted 13 rooms.,The waiter will take 39 more hours to paint the rest.,neutral,t_neu_066,false-015
3665,A painter needed to paint 50760 rooms in a building. Each room takes several hours to paint. He already painted 6 rooms.,The waiter will take 5070 more hours to paint the rest.,neutral,t_neu_066,false-028
3666,A painter needed to paint 87500 rooms in a building. Each room takes several hours to paint. He already painted 250 rooms.,The waiter will take 250 more hours to paint the rest.,neutral,t_neu_066,false-034
3667,A painter needed to paint 6000 rooms in a building. Each room takes several hours to paint. He already painted 32 rooms.,The waiter will take 632000 more hours to paint the rest.,neutral,t_neu_066,false-058
3668,A painter needed to paint 8977 rooms in a building. Each room takes several hours to paint. He already painted 5249 rooms.,The waiter will take 3648 more hours to paint the rest.,neutral,t_neu_066,false-070
3669,A painter needed to paint 53 rooms in a building. Each room takes several hours to paint. He already painted 776 rooms.,The waiter will take 876 more hours to paint the rest.,neutral,t_neu_066,false-086
3670,A painter needed to paint 4100 rooms in a building. Each room takes several hours to paint. He already painted 6900 rooms.,The waiter will take 1900 more hours to paint the rest.,neutral,t_neu_066,false-091
3671,After resting they decided to go for a swim. The depth of the water is 12 times Ron's height. Dean is 3 feet shorter than Ron.,The water is 14 feet deep.,neutral,t_neu_067,false-001
3672,After resting they decided to go for a swim. The depth of the water is 41128 times Ron's height. Dean is 776 feet shorter than Ron.,The water is 553 feet deep.,neutral,t_neu_067,false-024
3673,After resting they decided to go for a swim. The depth of the water is 248 times Ron's height. Dean is 743 feet shorter than Ron.,The water is 126484 feet deep.,neutral,t_neu_067,false-053
3674,After resting they decided to go for a swim. The depth of the water is 9 times Ron's height. Dean is 2 feet shorter than Ron.,The water is 20 feet deep.,neutral,t_neu_067,false-061
3675,After resting they decided to go for a swim. The depth of the water is 17 times Ron's height. Dean is 8 feet shorter than Ron.,The water is 17 feet deep.,neutral,t_neu_067,false-063
3676,After resting they decided to go for a swim. The depth of the water is 8977 times Ron's height. Dean is 5249 feet shorter than Ron.,The water is 3278 feet deep.,neutral,t_neu_067,false-071
3677,After resting they decided to go for a swim. The depth of the water is 14 times Ron's height. Dean is 41 feet shorter than Ron.,The water is 11 feet deep.,neutral,t_neu_067,false-082
3678,After resting they decided to go for a swim. The depth of the water is 26 times Ron's height. Dean is 77 feet shorter than Ron.,The water is 99 feet deep.,neutral,t_neu_067,false-084
3679,After resting they decided to go for a swim. The depth of the water is 4087 times Ron's height. Dean is 7337 feet shorter than Ron.,The water is 1124 feet deep.,neutral,t_neu_067,false-092
3680,A store had dozens of oranges in a bin. They threw away 19440 of the old ones and put 72 new ones in the bin.,There would be 2700 of oranges in the bin.,neutral,t_neu_068,false-022
3681,A store had dozens of oranges in a bin. They threw away 5 of the old ones and put 5 new ones in the bin.,There would be 505 of oranges in the bin.,neutral,t_neu_068,false-037
3682,A store had dozens of oranges in a bin. They threw away 35304 of the old ones and put 17386 new ones in the bin.,There would be 17819 of oranges in the bin.,neutral,t_neu_068,false-075
3683,A store had dozens of oranges in a bin. They threw away 123456 of the old ones and put 56789 new ones in the bin.,There would be 12345 of oranges in the bin.,neutral,t_neu_068,false-078
3684,"A company invited 1250 people to a luncheon, but 25 of them didn't show up. The tables they had held several people each.",They need 1000 tables.,neutral,t_neu_069,false-016
3685,"A company invited 60000 people to a luncheon, but 200 of them didn't show up. The tables they had held several people each.",They need 600 tables.,neutral,t_neu_069,false-030
3686,"A company invited 70000 people to a luncheon, but 7 of them didn't show up. The tables they had held several people each.",They need 77000 tables.,neutral,t_neu_069,false-033
3687,"A company invited 41 people to a luncheon, but 27 of them didn't show up. The tables they had held several people each.",They need 1177 tables.,neutral,t_neu_069,false-040
3688,"A company invited 39 people to a luncheon, but 71 of them didn't show up. The tables they had held several people each.",They need 2781 tables.,neutral,t_neu_069,false-043
3689,"A company invited 164 people to a luncheon, but 85 of them didn't show up. The tables they had held several people each.",They need 14590 tables.,neutral,t_neu_069,false-047
3690,"A company invited 7500 people to a luncheon, but 5000 of them didn't show up. The tables they had held several people each.",They need 7550 tables.,neutral,t_neu_069,false-068
3691,"A company invited 92614 people to a luncheon, but 35356 of them didn't show up. The tables they had held several people each.",They need 63598 tables.,neutral,t_neu_069,false-076
3692,"A company invited 4100 people to a luncheon, but 6900 of them didn't show up. The tables they had held several people each.",They need 11400 tables.,neutral,t_neu_069,false-090
3693,Tom was putting his spare change into piles. He had 5 piles of quarters and 5 piles of dimes. Each pile had several coins in it.,Tom had a total of 55 coins.,neutral,t_neu_071,false-036
3694,Tom was putting his spare change into piles. He had 6000 piles of quarters and 32 piles of dimes. Each pile had several coins in it.,Tom had a total of 19200 coins.,neutral,t_neu_071,false-059
3695,Tom was putting his spare change into piles. He had 2400 piles of quarters and 1600 piles of dimes. Each pile had several coins in it.,Tom had a total of 400 coins.,neutral,t_neu_071,false-065
3696,Tom was putting his spare change into piles. He had 5587 piles of quarters and 1727 piles of dimes. Each pile had several coins in it.,Tom had a total of 386 coins.,neutral,t_neu_071,false-067
3697,Tom was putting his spare change into piles. He had 123456 piles of quarters and 56789 piles of dimes. Each pile had several coins in it.,Tom had a total of 676767 coins.,neutral,t_neu_071,false-079
3698,Tom was putting his spare change into piles. He had 14 piles of quarters and 41 piles of dimes. Each pile had several coins in it.,Tom had a total of 11 coins.,neutral,t_neu_071,false-082
3699,Tom was putting his spare change into piles. He had 4100 piles of quarters and 6900 piles of dimes. Each pile had several coins in it.,Tom had a total of 1900 coins.,neutral,t_neu_071,false-091
3700,"In a video game, each enemy defeated gives you some points depends on the enemy size. A level has 19440 enemies total and you destroy all but 72 of them.",You would earn 2700 points.,neutral,t_neu_073,false-022
3701,"In a video game, each enemy defeated gives you some points depends on the enemy size. A level has 50760 enemies total and you destroy all but 6 of them.",You would earn 846 points.,neutral,t_neu_073,false-029
3702,"In a video game, each enemy defeated gives you some points depends on the enemy size. A level has 626 enemies total and you destroy all but 59 of them.",You would earn 626 points.,neutral,t_neu_073,false-050
3703,"In a video game, each enemy defeated gives you some points depends on the enemy size. A level has 248 enemies total and you destroy all but 743 of them.",You would earn 126484 points.,neutral,t_neu_073,false-053
3704,"In a video game, each enemy defeated gives you some points depends on the enemy size. A level has 747 enemies total and you destroy all but 47 of them.",You would earn 49947 points.,neutral,t_neu_073,false-055
3705,"In a video game, each enemy defeated gives you some points depends on the enemy size. A level has 8977 enemies total and you destroy all but 5249 of them.",You would earn 3648 points.,neutral,t_neu_073,false-070
3706,"In a video game, each enemy defeated gives you some points depends on the enemy size. A level has 64237 enemies total and you destroy all but 73360 of them.",You would earn 73360 points.,neutral,t_neu_073,false-098
3707,Maria bought 69 new chairs and 81 new tables for her house. She putting it together.,It took her 5569 minutes to finish.,neutral,t_neu_074,false-044
3708,Maria bought 2400 new chairs and 1600 new tables for her house. She putting it together.,It took her 8000 minutes to finish.,neutral,t_neu_074,false-064
3709,"While playing a trivia game, Adam answered 48 questions correct in the first half and 8 questions correct in the second half. Each question was worth different points.",His final score was 12.,neutral,t_neu_075,false-005
3710,"While playing a trivia game, Adam answered 84 questions correct in the first half and 14 questions correct in the second half. Each question was worth different points.",His final score was 7.,neutral,t_neu_075,false-009
3711,"While playing a trivia game, Adam answered 19440 questions correct in the first half and 72 questions correct in the second half. Each question was worth different points.",His final score was 2700.,neutral,t_neu_075,false-022
3712,"While playing a trivia game, Adam answered 747 questions correct in the first half and 47 questions correct in the second half. Each question was worth different points.",His final score was 49947.,neutral,t_neu_075,false-055
3713,"While playing a trivia game, Adam answered 2400 questions correct in the first half and 1600 questions correct in the second half. Each question was worth different points.",His final score was 400.,neutral,t_neu_075,false-065
3714,"While playing a trivia game, Adam answered 4100 questions correct in the first half and 6900 questions correct in the second half. Each question was worth different points.",His final score was 1900.,neutral,t_neu_075,false-091
3715,Jack received 41128 emails in the morning and 776 emails in the afternoon.,Jack received 55 more emails in the afternoon than in the evening.,neutral,t_neu_076,false-025
3716,Jack received 70000 emails in the morning and 7 emails in the afternoon.,Jack received 77 more emails in the afternoon than in the evening.,neutral,t_neu_076,false-032
3717,Jack received 3777 emails in the morning and 75 emails in the afternoon.,Jack received 28275 more emails in the afternoon than in the evening.,neutral,t_neu_076,false-056
3718,John had 1250 video games but 25 of them weren't working. He wanted to sell the working games for some money each.,He could earn 5 dollars.,neutral,t_neu_077,false-017
3719,John had 19440 video games but 72 of them weren't working. He wanted to sell the working games for some money each.,He could earn 2700 dollars.,neutral,t_neu_077,false-022
3720,John had 44100 video games but 90 of them weren't working. He wanted to sell the working games for some money each.,He could earn 90 dollars.,neutral,t_neu_077,false-026
3721,John had 5587 video games but 1727 of them weren't working. He wanted to sell the working games for some money each.,He could earn 5517 dollars.,neutral,t_neu_077,false-066
3722,John had 92614 video games but 35356 of them weren't working. He wanted to sell the working games for some money each.,He could earn 5758 dollars.,neutral,t_neu_077,false-077
3723,John had 123456 video games but 56789 of them weren't working. He wanted to sell the working games for some money each.,He could earn 12345 dollars.,neutral,t_neu_077,false-078
3724,John had 2 video games but 8 of them weren't working. He wanted to sell the working games for some money each.,He could earn 28 dollars.,neutral,t_neu_077,false-080
3725,George had 468 dollars. For his birthday he got 13 more dollars but spent some on a new game.,He has 39 dollars now.,neutral,t_neu_078,false-015
3726,George had 5301 dollars. For his birthday he got 57 more dollars but spent some on a new game.,He has 53 dollars now.,neutral,t_neu_078,false-018
3727,George had 87500 dollars. For his birthday he got 250 more dollars but spent some on a new game.,He has 250 dollars now.,neutral,t_neu_078,false-034
3728,George had 5 dollars. For his birthday he got 5 more dollars but spent some on a new game.,He has 55 dollars now.,neutral,t_neu_078,false-036
3729,George had 41 dollars. For his birthday he got 27 more dollars but spent some on a new game.,He has 117 dollars now.,neutral,t_neu_078,false-041
3730,George had 747 dollars. For his birthday he got 47 more dollars but spent some on a new game.,He has 77777 dollars now.,neutral,t_neu_078,false-054
3731,Sam had to wash 35 short sleeve shirts and 7 long sleeve shirts before school. He had only washed many of them by the time school started.,He did not wash 35 items.,neutral,t_neu_079,false-003
3732,Sam had to wash 41128 short sleeve shirts and 776 long sleeve shirts before school. He had only washed many of them by the time school started.,He did not wash 553 items.,neutral,t_neu_079,false-024
3733,Sam had to wash 2400 short sleeve shirts and 1600 long sleeve shirts before school. He had only washed many of them by the time school started.,He did not wash 400 items.,neutral,t_neu_079,false-065
3734,Sam had to wash 123456 short sleeve shirts and 56789 long sleeve shirts before school. He had only washed many of them by the time school started.,He did not wash 676767 items.,neutral,t_neu_079,false-079
3735,Sam had to wash 2 short sleeve shirts and 8 long sleeve shirts before school. He had only washed many of them by the time school started.,He did not wash 28 items.,neutral,t_neu_079,false-080
3736,Sam had to wash 560 short sleeve shirts and 632 long sleeve shirts before school. He had only washed many of them by the time school started.,He did not wash 112 items.,neutral,t_neu_079,false-089
3737,Sam had to wash 4087 short sleeve shirts and 7337 long sleeve shirts before school. He had only washed many of them by the time school started.,He did not wash 1424 items.,neutral,t_neu_079,false-093
3738,Matthew had 35 crackers and 7 cakes. Matthew gave equal numbers of crackers and cakes to his friends,Each person ate 35 crackers and cakes.,neutral,t_neu_080,false-003
3739,Matthew had 626 crackers and 59 cakes. Matthew gave equal numbers of crackers and cakes to his friends,Each person ate 626 crackers and cakes.,neutral,t_neu_080,false-050
3740,Matthew had 9 crackers and 2 cakes. Matthew gave equal numbers of crackers and cakes to his friends,Each person ate 5 crackers and cakes.,neutral,t_neu_080,false-060
3741,Matthew had 35304 crackers and 17386 cakes. Matthew gave equal numbers of crackers and cakes to his friends,Each person ate 17819 crackers and cakes.,neutral,t_neu_080,false-075
3742,Matthew had 4100 crackers and 6900 cakes. Matthew gave equal numbers of crackers and cakes to his friends,Each person ate 1900 crackers and cakes.,neutral,t_neu_080,false-091
3743,Matthew had 4087 crackers and 7337 cakes. Matthew gave equal numbers of crackers and cakes to his friends,Each person ate 1424 crackers and cakes.,neutral,t_neu_080,false-093
3744,A waiter at 'The Greasy Spoon' restaurant had 288 customers to wait on. During the lunch rush he added some customers. 16 of the customers didn't leave him a tip.,16 customers did leave a tip.,neutral,t_neu_081,false-013
3745,A waiter at 'The Greasy Spoon' restaurant had 468 customers to wait on. During the lunch rush he added some customers. 13 of the customers didn't leave him a tip.,39 customers did leave a tip.,neutral,t_neu_081,false-015
3746,A waiter at 'The Greasy Spoon' restaurant had 87500 customers to wait on. During the lunch rush he added some customers. 250 of the customers didn't leave him a tip.,3500 customers did leave a tip.,neutral,t_neu_081,false-035
3747,A waiter at 'The Greasy Spoon' restaurant had 30 customers to wait on. During the lunch rush he added some customers. 8 of the customers didn't leave him a tip.,308 customers did leave a tip.,neutral,t_neu_081,false-039
3748,A waiter at 'The Greasy Spoon' restaurant had 164 customers to wait on. During the lunch rush he added some customers. 85 of the customers didn't leave him a tip.,14590 customers did leave a tip.,neutral,t_neu_081,false-047
3749,A waiter at 'The Greasy Spoon' restaurant had 17 customers to wait on. During the lunch rush he added some customers. 8 of the customers didn't leave him a tip.,17 customers did leave a tip.,neutral,t_neu_081,false-063
3750,A waiter at 'The Greasy Spoon' restaurant had 64237 customers to wait on. During the lunch rush he added some customers. 73360 of the customers didn't leave him a tip.,133457 customers did leave a tip.,neutral,t_neu_081,false-099
3751,"John had 70000 pieces of clothing to wash. He put some of them in one load, but decided to split the rest into 7 equal loads.",Each of the small loads could go 77 pieces of clothing.,neutral,t_neu_082,false-032
3752,Wendy was playing a video game and had 468 lives. In a hard part of the game she lost 13 lives. She got more lives in the next level.,She would have 63 lives.,neutral,t_neu_083,false-014
3753,Wendy was playing a video game and had 5301 lives. In a hard part of the game she lost 57 lives. She got more lives in the next level.,She would have 933 lives.,neutral,t_neu_083,false-019
3754,Wendy was playing a video game and had 60000 lives. In a hard part of the game she lost 200 lives. She got more lives in the next level.,She would have 200 lives.,neutral,t_neu_083,false-031
3755,Wendy was playing a video game and had 17 lives. In a hard part of the game she lost 8 lives. She got more lives in the next level.,She would have 10 lives.,neutral,t_neu_083,false-062
3756,Wendy was playing a video game and had 7500 lives. In a hard part of the game she lost 5000 lives. She got more lives in the next level.,She would have 7550 lives.,neutral,t_neu_083,false-068
3757,Wendy was playing a video game and had 26 lives. In a hard part of the game she lost 77 lives. She got more lives in the next level.,She would have 99 lives.,neutral,t_neu_083,false-084
3758,Baker made 48 cakes. If he sold 8 of them. Some of the cakes were eaten by the baker.,4 cakes remained.,neutral,t_neu_084,false-004
3759,Baker made 55 cakes. If he sold 5 of them. Some of the cakes were eaten by the baker.,13 cakes remained.,neutral,t_neu_084,false-006
3760,Baker made 69 cakes. If he sold 81 of them. Some of the cakes were eaten by the baker.,5569 cakes remained.,neutral,t_neu_084,false-044
3761,Baker made 747 cakes. If he sold 47 of them. Some of the cakes were eaten by the baker.,77777 cakes remained.,neutral,t_neu_084,false-054
3762,Baker made 747 cakes. If he sold 47 of them. Some of the cakes were eaten by the baker.,49947 cakes remained.,neutral,t_neu_084,false-055
3763,Baker made 9 cakes. If he sold 2 of them. Some of the cakes were eaten by the baker.,20 cakes remained.,neutral,t_neu_084,false-061
3764,Baker made 17 cakes. If he sold 8 of them. Some of the cakes were eaten by the baker.,10 cakes remained.,neutral,t_neu_084,false-062
3765,Baker made 5587 cakes. If he sold 1727 of them. Some of the cakes were eaten by the baker.,5517 cakes remained.,neutral,t_neu_084,false-066
3766,Baker made 7500 cakes. If he sold 5000 of them. Some of the cakes were eaten by the baker.,250 cakes remained.,neutral,t_neu_084,false-069
3767,Debby bought 60000 water bottles when they were on sale. She drank the different number of bottles each day. If the bottles lasted for 200 days,She most drank 600 bottles on a certain day.,neutral,t_neu_085,false-030
3768,Debby bought 87500 water bottles when they were on sale. She drank the different number of bottles each day. If the bottles lasted for 250 days,She most drank 250 bottles on a certain day.,neutral,t_neu_085,false-034
3769,Debby bought 164 water bottles when they were on sale. She drank the different number of bottles each day. If the bottles lasted for 85 days,She most drank 14590 bottles on a certain day.,neutral,t_neu_085,false-047
3770,Oliver made 41128 dollars mowing lawns over the summer. He spent 776 dollars buying new mower blades.,He could buy 55 games with the money he had left.,neutral,t_neu_088,false-025
3771,Oliver made 69 dollars mowing lawns over the summer. He spent 81 dollars buying new mower blades.,He could buy 5569 games with the money he had left.,neutral,t_neu_088,false-044
3772,Oliver made 626 dollars mowing lawns over the summer. He spent 59 dollars buying new mower blades.,He could buy 62659 games with the money he had left.,neutral,t_neu_088,false-051
3773,Oliver made 248 dollars mowing lawns over the summer. He spent 743 dollars buying new mower blades.,He could buy 126484 games with the money he had left.,neutral,t_neu_088,false-053
3774,Oliver made 3777 dollars mowing lawns over the summer. He spent 75 dollars buying new mower blades.,He could buy 28275 games with the money he had left.,neutral,t_neu_088,false-056
3775,Oliver made 92614 dollars mowing lawns over the summer. He spent 35356 dollars buying new mower blades.,He could buy 5758 games with the money he had left.,neutral,t_neu_088,false-077
3776,Oliver made 53 dollars mowing lawns over the summer. He spent 776 dollars buying new mower blades.,He could buy 928 games with the money he had left.,neutral,t_neu_088,false-087
3777,Edward made 41 dollars mowing lawns over the summer. He spent 27 dollars buying new mower blades.,He could buy 117 games with the money he had left.,neutral,t_neu_089,false-041
3778,Edward made 4149 dollars mowing lawns over the summer. He spent 9018 dollars buying new mower blades.,He could buy 16137 games with the money he had left.,neutral,t_neu_089,false-095
3779,Paige and her friends were recycling paper for their class. For every 48 pounds they recycled they earned one point. Paige and her friends totally recycled 8 pounds.,Her friends earned 4 points.,neutral,t_neu_090,false-004
3780,Paige and her friends were recycling paper for their class. For every 84 pounds they recycled they earned one point. Paige and her friends totally recycled 14 pounds.,Her friends earned 7 points.,neutral,t_neu_090,false-009
3781,Paige and her friends were recycling paper for their class. For every 288 pounds they recycled they earned one point. Paige and her friends totally recycled 16 pounds.,Her friends earned 22 points.,neutral,t_neu_090,false-012
3782,Paige and her friends were recycling paper for their class. For every 39 pounds they recycled they earned one point. Paige and her friends totally recycled 71 pounds.,Her friends earned 2679 points.,neutral,t_neu_090,false-042
3783,Paige and her friends were recycling paper for their class. For every 626 pounds they recycled they earned one point. Paige and her friends totally recycled 59 pounds.,Her friends earned 62659 points.,neutral,t_neu_090,false-051
3784,Paige and her friends were recycling paper for their class. For every 9924 pounds they recycled they earned one point. Paige and her friends totally recycled 9280 pounds.,Her friends earned 64 points.,neutral,t_neu_090,false-072
3785,Paige and her friends were recycling paper for their class. For every 560 pounds they recycled they earned one point. Paige and her friends totally recycled 632 pounds.,Her friends earned 1882 points.,neutral,t_neu_090,false-088
3786,Paige and her friends were recycling paper for their class. For every 4087 pounds they recycled they earned one point. Paige and her friends totally recycled 7337 pounds.,Her friends earned 1424 points.,neutral,t_neu_090,false-093
3787,Mary is baking a cake. The recipe calls for 48 cups of flour and 8 cups of sugar. She already put in some cups of flour,She put in 4 cups of flour.,neutral,t_neu_091,false-004
3788,Mary is baking a cake. The recipe calls for 288 cups of flour and 16 cups of sugar. She already put in some cups of flour,She put in 22 cups of flour.,neutral,t_neu_091,false-012
3789,Mary is baking a cake. The recipe calls for 5301 cups of flour and 57 cups of sugar. She already put in some cups of flour,She put in 53 cups of flour.,neutral,t_neu_091,false-018
3790,After resting they decided to go for a swim. The depth of the water is 164 times Dean's height. Dean is 85 feet taller than Ron.,The water was 139400 units deep.,neutral,t_neu_092,false-046
3791,After resting they decided to go for a swim. The depth of the water is 64237 times Dean's height. Dean is 73360 feet taller than Ron.,The water was 133457 units deep.,neutral,t_neu_092,false-099
3792,Tom had 288 cookies. He ate some of them. Then he bought roughly 16 more cookies,Tom had 22 cookies left.,neutral,t_neu_093,false-012
3793,Tom had 7857 cookies. He ate some of them. Then he bought roughly 81 more cookies,Tom had 81 cookies left.,neutral,t_neu_093,false-020
3794,Tom had 19440 cookies. He ate some of them. Then he bought roughly 72 more cookies,Tom had 19772 cookies left.,neutral,t_neu_093,false-023
3795,Tom had 44100 cookies. He ate some of them. Then he bought roughly 90 more cookies,Tom had 4900 cookies left.,neutral,t_neu_093,false-027
3796,Tom had 5 cookies. He ate some of them. Then he bought roughly 5 more cookies,Tom had 505 cookies left.,neutral,t_neu_093,false-037
3797,Tom had 9 cookies. He ate some of them. Then he bought roughly 2 more cookies,Tom had 5 cookies left.,neutral,t_neu_093,false-060
3798,Tom had 7500 cookies. He ate some of them. Then he bought roughly 5000 more cookies,Tom had 250 cookies left.,neutral,t_neu_093,false-069
3799,Tom had 26 cookies. He ate some of them. Then he bought roughly 77 more cookies,Tom had 301 cookies left.,neutral,t_neu_093,false-085
3800,John was selling his old games. He started out with 35 but sold many of them. He packed the rest up putting 7 games into each box.,He had to use 35 boxes.,neutral,t_neu_094,false-003
3801,John was selling his old games. He started out with 50760 but sold many of them. He packed the rest up putting 6 games into each box.,He had to use 846 boxes.,neutral,t_neu_094,false-029
3802,John was selling his old games. He started out with 335 but sold many of them. He packed the rest up putting 537 games into each box.,He had to use 17895 boxes.,neutral,t_neu_094,false-048
3803,John was selling his old games. He started out with 3777 but sold many of them. He packed the rest up putting 75 games into each box.,He had to use 28275 boxes.,neutral,t_neu_094,false-056
3804,John was selling his old games. He started out with 9924 but sold many of them. He packed the rest up putting 9280 games into each box.,He had to use 64 boxes.,neutral,t_neu_094,false-072
3805,Paige had lots of songs on her music player. She deleted 35 old songs from it and then added 7 new songs.,She has 35 songs on her music player.,neutral,t_neu_095,false-003
3806,Paige had lots of songs on her music player. She deleted 1250 old songs from it and then added 25 new songs.,She has 1000 songs on her music player.,neutral,t_neu_095,false-016
3807,Paige had lots of songs on her music player. She deleted 41 old songs from it and then added 27 new songs.,She has 1177 songs on her music player.,neutral,t_neu_095,false-040
3808,Paige had lots of songs on her music player. She deleted 69 old songs from it and then added 81 new songs.,She has 5569 songs on her music player.,neutral,t_neu_095,false-044
3809,Paige had lots of songs on her music player. She deleted 3777 old songs from it and then added 75 new songs.,She has 283720 songs on her music player.,neutral,t_neu_095,false-057
3810,Paige had lots of songs on her music player. She deleted 17 old songs from it and then added 8 new songs.,She has 10 songs on her music player.,neutral,t_neu_095,false-062
3811,Paige had lots of songs on her music player. She deleted 123456 old songs from it and then added 56789 new songs.,She has 676767 songs on her music player.,neutral,t_neu_095,false-079
3812,Paige had lots of songs on her music player. She deleted 53 old songs from it and then added 776 new songs.,She has 876 songs on her music player.,neutral,t_neu_095,false-086
3813,Katie had many songs on her music player. She deleted 1250 old songs from it and then added 25 new songs.,She has 1000 songs on her music player.,neutral,t_neu_096,false-016
3814,Katie had many songs on her music player. She deleted 626 old songs from it and then added 59 new songs.,She has 62659 songs on her music player.,neutral,t_neu_096,false-051
3815,Katie had many songs on her music player. She deleted 35304 old songs from it and then added 17386 new songs.,She has 18148 songs on her music player.,neutral,t_neu_096,false-074
3816,John had 7500 video games but 5000 of them weren't working. He wanted to sell the working games for some money each.,He could earn 250 dollars.,neutral,t_neu_097,false-069
3817,John had 35304 video games but 17386 of them weren't working. He wanted to sell the working games for some money each.,He could earn 17819 dollars.,neutral,t_neu_097,false-075
3818,John had 4149 video games but 9018 of them weren't working. He wanted to sell the working games for some money each.,He could earn 16137 dollars.,neutral,t_neu_097,false-095
3819,John had 46942 video games but 54572 of them weren't working. He wanted to sell the working games for some money each.,He could earn 46942 dollars.,neutral,t_neu_097,false-096
3820,Gwen bought two coloring books. One had 17 pictures the other was unknown. After one week she had already colored 8 of the pictures.,She still has to color 10 pictures.,neutral,t_neu_098,false-062
3821,Gwen bought two coloring books. One had 5587 pictures the other was unknown. After one week she had already colored 1727 of the pictures.,She still has to color 386 pictures.,neutral,t_neu_098,false-067
3822,Gwen bought two coloring books. One had 8977 pictures the other was unknown. After one week she had already colored 5249 of the pictures.,She still has to color 3278 pictures.,neutral,t_neu_098,false-071
3823,Baker made 55 cakes. If he sold 5 of them. Some of the cakes were eaten by the baker.,13 cakes remained.,neutral,t_neu_099,false-006
3824,Baker made 84 cakes. If he sold 14 of them. Some of the cakes were eaten by the baker.,7 cakes remained.,neutral,t_neu_099,false-009
3825,Baker made 140 cakes. If he sold 4 of them. Some of the cakes were eaten by the baker.,10 cakes remained.,neutral,t_neu_099,false-011
3826,Baker made 7857 cakes. If he sold 81 of them. Some of the cakes were eaten by the baker.,987 cakes remained.,neutral,t_neu_099,false-021
3827,Baker made 41128 cakes. If he sold 776 of them. Some of the cakes were eaten by the baker.,553 cakes remained.,neutral,t_neu_099,false-024
3828,Baker made 17 cakes. If he sold 8 of them. Some of the cakes were eaten by the baker.,17 cakes remained.,neutral,t_neu_099,false-063
3829,Baker made 2400 cakes. If he sold 1600 of them. Some of the cakes were eaten by the baker.,8000 cakes remained.,neutral,t_neu_099,false-064
3830,Baker made 9924 cakes. If he sold 9280 of them. Some of the cakes were eaten by the baker.,6464 cakes remained.,neutral,t_neu_099,false-073
3831,Paul got a box of 4 crayons and 5 erasers for his birthday. At the end of the school year he only had some crayons left while not having lost a single erasers.,9 crayons had been lost or given away.,neutral,t_neu_000,add-009
3832,Paul got a box of 790 crayons and 210 erasers for his birthday. At the end of the school year he only had some crayons left while not having lost a single erasers.,1000 crayons had been lost or given away.,neutral,t_neu_000,add-056
3833,"At the zoo, a cage had snakes and alligators. The total number of animals in the cage is unknown. If 12513 snakes and 70727 alligators were hiding",83240 animals were not hiding in all.,neutral,t_neu_001,add-084
3834,"At the zoo, a cage had snakes and alligators. The total number of animals in the cage is unknown. If 60874 snakes and 44542 alligators were hiding",105416 animals were not hiding in all.,neutral,t_neu_001,add-094
3835,"At the zoo, a cage had snakes and alligators. The total number of animals in the cage is unknown. If 915 snakes and 800 alligators were hiding",115 animals were not hiding in all.,neutral,t_neu_001,sub-052
3836,"At the zoo, a cage had snakes and alligators. The total number of animals in the cage is unknown. If 5 snakes and 5 alligators were hiding",25 animals were not hiding in all.,neutral,t_neu_001,mul-006
3837,"At the zoo, a cage had snakes and alligators. The total number of animals in the cage is unknown. If 6 snakes and 8 alligators were hiding",48 animals were not hiding in all.,neutral,t_neu_001,mul-008
3838,"At the zoo, a cage had snakes and alligators. The total number of animals in the cage is unknown. If 62 snakes and 740 alligators were hiding",45880 animals were not hiding in all.,neutral,t_neu_001,mul-039
3839,A waiter had 7195 customers in his section. 713 of them left and the rest of his tables had several people at each table.,A had 7908 tables.,neutral,t_neu_003,add-078
3840,A waiter had 5329 customers in his section. 97 of them left and the rest of his tables had several people at each table.,A had 5232 tables.,neutral,t_neu_003,sub-062
3841,A waiter had 61226 customers in his section. 12886 of them left and the rest of his tables had several people at each table.,A had 48340 tables.,neutral,t_neu_003,sub-086
3842,April's discount flowers was having a sale. Maria bought 62 roses and 2 daisies.,April spent 64 dollars.,neutral,t_neu_004,add-035
3843,April's discount flowers was having a sale. Maria bought 76 roses and 6 daisies.,April spent 70 dollars.,neutral,t_neu_004,sub-027
3844,April's discount flowers was having a sale. Maria bought 62 roses and 2 daisies.,April spent 124 dollars.,neutral,t_neu_004,mul-038
3845,Danny has 9222 bottle caps in his collection. He found some more bottle caps at the park. And he found some bottle caps at the bus station. If he has 20 bottle caps now,Danny found 9242 bottle caps at the park.,neutral,t_neu_005,add-082
3846,Danny has 132 bottle caps in his collection. He found some more bottle caps at the park. And he found some bottle caps at the bus station. If he has 11 bottle caps now,Danny found 121 bottle caps at the park.,neutral,t_neu_005,sub-034
3847,Danny has 63 bottle caps in his collection. He found some more bottle caps at the park. And he found some bottle caps at the bus station. If he has 9 bottle caps now,Danny found 567 bottle caps at the park.,neutral,t_neu_005,mul-040
3848,Danny has 363 bottle caps in his collection. He found some more bottle caps at the park. And he found some bottle caps at the bus station. If he has 33 bottle caps now,Danny found 11979 bottle caps at the park.,neutral,t_neu_005,mul-073
3849,Danny has 42 bottle caps in his collection. He found some more bottle caps at the park. And he found some bottle caps at the bus station. If he has 3 bottle caps now,Danny found 14 bottle caps at the park.,neutral,t_neu_005,div-017
3850,Danny has 37113 bottle caps in his collection. He found some more bottle caps at the park. And he found some bottle caps at the bus station. If he has 417 bottle caps now,Danny found 89 bottle caps at the park.,neutral,t_neu_005,div-081
3851,Isabel uploaded 9 pictures to Facebook. She put some pics into one album and put the rest into 3 different albums.,Each album had 12 pictures.,neutral,t_neu_006,add-019
3852,There are 618 skittles in Steven's skittles collection. Steven also has 19152 erasers. If the erasers are organized into groups,Each group has 19770 erasers.,neutral,t_neu_007,add-054
3853,There are 3906 skittles in Steven's skittles collection. Steven also has 93 erasers. If the erasers are organized into groups,Each group has 363258 erasers.,neutral,t_neu_007,mul-092
3854,There are 50760 skittles in Steven's skittles collection. Steven also has 6 erasers. If the erasers are organized into groups,Each group has 8460 erasers.,neutral,t_neu_007,div-087
3855,Ed had more marbles than Doug. Doug lost 1 of his marbles at the playground. If Ed had 9 marbles,Ed had 10 more marbles than Doug then.,neutral,t_neu_008,add-002
3856,Ed had more marbles than Doug. Doug lost 16864 of his marbles at the playground. If Ed had 1570 marbles,Ed had 15294 more marbles than Doug then.,neutral,t_neu_008,sub-080
3857,Ed had more marbles than Doug. Doug lost 61226 of his marbles at the playground. If Ed had 12886 marbles,Ed had 48340 more marbles than Doug then.,neutral,t_neu_008,sub-086
3858,Ed had more marbles than Doug. Doug lost 1 of his marbles at the playground. If Ed had 1 marbles,Ed had 1 more marbles than Doug then.,neutral,t_neu_008,div-000
3859,Ed had more marbles than Doug. Doug lost 75292 of his marbles at the playground. If Ed had 18823 marbles,Ed had 4 more marbles than Doug then.,neutral,t_neu_008,div-097
3860,Ed had more marbles than Doug. Doug lost 91665 of his marbles at the playground. If Ed had 97 marbles,Ed had 945 more marbles than Doug then.,neutral,t_neu_008,div-099
3861,Edward bought 64237 tickets at the state fair. He spent 73360 tickets at the 'dunk a clown' booth and decided to use the rest on rides. Each ride cost several tickets.,Edward could go on 137597 rides.,neutral,t_neu_009,add-093
3862,Edward bought 490 tickets at the state fair. He spent 90 tickets at the 'dunk a clown' booth and decided to use the rest on rides. Each ride cost several tickets.,Edward could go on 400 rides.,neutral,t_neu_009,sub-043
3863,Edward bought 9733 tickets at the state fair. He spent 150 tickets at the 'dunk a clown' booth and decided to use the rest on rides. Each ride cost several tickets.,Edward could go on 9583 rides.,neutral,t_neu_009,sub-076
3864,Edward bought 77148 tickets at the state fair. He spent 62935 tickets at the 'dunk a clown' booth and decided to use the rest on rides. Each ride cost several tickets.,Edward could go on 14213 rides.,neutral,t_neu_009,sub-091
3865,Edward bought 16 tickets at the state fair. He spent 8 tickets at the 'dunk a clown' booth and decided to use the rest on rides. Each ride cost several tickets.,Edward could go on 2 rides.,neutral,t_neu_009,div-010
3866,Edward had some books. He sold 1105 of them and used the money he earned to buy 13 new books.,Edward would have 85 books.,neutral,t_neu_010,div-048
3867,"Frank was reading through his favorite book. The book had 16 chapters, each with the same number of pages. It has a total of 8 pages. It took Frank several days to finish the book.",Frank read 24 pages per day.,neutral,t_neu_011,add-023
3868,"Frank was reading through his favorite book. The book had 7195 chapters, each with the same number of pages. It has a total of 713 pages. It took Frank several days to finish the book.",Frank read 7908 pages per day.,neutral,t_neu_011,add-078
3869,Haley's favorite band was holding a concert. Haley bought 7020 tickets for herself and her friends and 260 extra tickets in case anyone else wanted to go.,Haley spent 27 dollars.,neutral,t_neu_012,div-064
3870,Haley's favorite band was holding a concert. Haley bought 91665 tickets for herself and her friends and 97 extra tickets in case anyone else wanted to go.,Haley spent 945 dollars.,neutral,t_neu_012,div-099
3871,Marco and his dad went strawberry picking. Marco's strawberries weighed 16 pounds. If together their strawberries weighed at least 8 pounds.,His strawberries weighed 24 pounds more than his dad's.,neutral,t_neu_013,add-023
3872,"While shopping for music online, Janet bought 7 country albums and 5 pop albums. Each album came with a lyric sheet and had some songs.",Janet bought a total of 12 songs.,neutral,t_neu_014,add-015
3873,"Jerry was helping the cafeteria workers pick up lunch trays, but he could only carry 16 trays at a time. He had to pick up some trays from one table and 8 trays from another.",Jerry will make 128 trips.,neutral,t_neu_015,mul-021
3874,Jerry is at the library helping put away books. There are 5587 book to put away total but a librarian takes 1727 of them and leaves Jerry with the rest. He can fit some books on a shelf.,Jerry will need 3860 shelves.,neutral,t_neu_016,sub-063
3875,Jerry is at the library helping put away books. There are 2 book to put away total but a librarian takes 3 of them and leaves Jerry with the rest. He can fit some books on a shelf.,Jerry will need 6 shelves.,neutral,t_neu_016,mul-001
3876,There were roses and orchids in the vase. Jessica cut some more roses and orchids from her flower garden. There are now 6 orchids and 1 roses in the vase.,Jessica cut 7 orchids.,neutral,t_neu_017,add-011
3877,There were roses and orchids in the vase. Jessica cut some more roses and orchids from her flower garden. There are now 9 orchids and 3 roses in the vase.,Jessica cut 12 orchids.,neutral,t_neu_017,add-019
3878,There were roses and orchids in the vase. Jessica cut some more roses and orchids from her flower garden. There are now 945 orchids and 97 roses in the vase.,Jessica cut 1042 orchids.,neutral,t_neu_017,add-059
3879,There were roses and orchids in the vase. Jessica cut some more roses and orchids from her flower garden. There are now 73040 orchids and 37919 roses in the vase.,Jessica cut 110959 orchids.,neutral,t_neu_017,add-095
3880,There were roses and orchids in the vase. Jessica cut some more roses and orchids from her flower garden. There are now 60874 orchids and 44542 roses in the vase.,Jessica cut 16332 orchids.,neutral,t_neu_017,sub-085
3881,Jessie currently weighs 25 kilograms. After she started to go jogging everyday she lost more than 5 kilograms.,Jessie weighed 20 kilograms before starting to jog.,neutral,t_neu_018,sub-016
3882,Jessie currently weighs 705 kilograms. After she started to go jogging everyday she lost more than 396 kilograms.,Jessie weighed 309 kilograms before starting to jog.,neutral,t_neu_018,sub-047
3883,Jessie currently weighs 6 kilograms. After she started to go jogging everyday she lost more than 8 kilograms.,Jessie weighed 48 kilograms before starting to jog.,neutral,t_neu_018,mul-008
3884,Jessie currently weighs 61 kilograms. After she started to go jogging everyday she lost more than 9 kilograms.,Jessie weighed 549 kilograms before starting to jog.,neutral,t_neu_018,mul-037
3885,Jessie currently weighs 136 kilograms. After she started to go jogging everyday she lost more than 8 kilograms.,Jessie weighed 17 kilograms before starting to jog.,neutral,t_neu_018,div-035
3886,"Katie baked 5587 cupcakes for her school's bake sale. Her brother, Todd, ate some of them. She put 1727 cupcake in each package?.",Katie could make 3860 packages.,neutral,t_neu_019,sub-063
3887,"Katie baked 60874 cupcakes for her school's bake sale. Her brother, Todd, ate some of them. She put 44542 cupcake in each package?.",Katie could make 16332 packages.,neutral,t_neu_019,sub-085
3888,"Katie baked 350 cupcakes for her school's bake sale. Her brother, Todd, ate some of them. She put 250 cupcake in each package?.",Katie could make 87500 packages.,neutral,t_neu_019,mul-064
3889,Paige had 16864 files on her computer. She deleted some of them and put the rest into folders with 1570 files in each one.,Paige ended up with 18434 folders.,neutral,t_neu_022,add-085
3890,Paige had 73276 files on her computer. She deleted some of them and put the rest into folders with 73276 files in each one.,Paige ended up with 146552 folders.,neutral,t_neu_022,add-096
3891,Paul got a box of 7654 crayons for his birthday. During the school year he gave about 6967 crayons to his friends while he lost some crayons.,Paul gave 14621 more crayons to his friends than those he lost.,neutral,t_neu_023,add-079
3892,Paul got a box of 9000 crayons for his birthday. During the school year he gave about 1200 crayons to his friends while he lost some crayons.,Paul gave 10200 more crayons to his friends than those he lost.,neutral,t_neu_023,add-081
3893,Paul got a box of 363 crayons for his birthday. During the school year he gave about 33 crayons to his friends while he lost some crayons.,Paul gave 11979 more crayons to his friends than those he lost.,neutral,t_neu_023,mul-073
3894,Paul got a box of 35109 crayons for his birthday. During the school year he gave about 47 crayons to his friends while he lost some crayons.,Paul gave 747 more crayons to his friends than those he lost.,neutral,t_neu_023,div-079
3895,Paul got a box of 546 crayons for his birthday. By the end of the school year he had either lost or given away nearly 762 of them.,Paul had 1308 crayons left by the end of the school year.,neutral,t_neu_024,add-050
3896,Paul got a box of 4 crayons for his birthday. By the end of the school year he had either lost or given away nearly 2 of them.,Paul had 8 crayons left by the end of the school year.,neutral,t_neu_024,mul-003
3897,Paul was collecting cans for recycling. On Saturday he filled 2 bags up and on Sunday he filled 8 more bags. Each bag had several cans in it.,Paul picked up a total of 10 cans.,neutral,t_neu_025,add-006
3898,Robin has 524 packages of gum and 904 packages of candy.,Robin has 1428 pieces of gum.,neutral,t_neu_026,add-049
3899,Robin has 3878 packages of gum and 83 packages of candy.,Robin has 3961 pieces of gum.,neutral,t_neu_026,add-067
3900,Robin has 248 packages of gum and 743 packages of candy.,Robin has 184264 pieces of gum.,neutral,t_neu_026,mul-057
3901,Robin has 35109 packages of gum and 47 packages of candy.,Robin has 747 pieces of gum.,neutral,t_neu_026,div-079
3902,The cafeteria had apples. For lunch they handed out 4 to students and decided to use the rest to make pies. Each pie takes 5 apples.,The cafetaria could make 9 pies.,neutral,t_neu_027,add-009
3903,The cafeteria had apples. For lunch they handed out 4 to students and decided to use the rest to make pies. Each pie takes 3 apples.,The cafetaria could make 1 pies.,neutral,t_neu_027,sub-000
3904,The cafeteria had apples. For lunch they handed out 18 to students and decided to use the rest to make pies. Each pie takes 16 apples.,The cafetaria could make 2 pies.,neutral,t_neu_027,sub-015
3905,The cafeteria had apples. For lunch they handed out 490 to students and decided to use the rest to make pies. Each pie takes 90 apples.,The cafetaria could make 400 pies.,neutral,t_neu_027,sub-043
3906,"The grasshopper, the frog and the mouse had a jumping contest. The grasshopper jumped 7 inches farther than the frog and the mouse jumped 5 inches lesser than the frog.",The frog jumped 12 inches.,neutral,t_neu_028,add-015
3907,"The grasshopper, the frog and the mouse had a jumping contest. The grasshopper jumped 200 inches farther than the frog and the mouse jumped 625 inches lesser than the frog.",The frog jumped 825 inches.,neutral,t_neu_028,add-043
3908,"The grasshopper, the frog and the mouse had a jumping contest. The grasshopper jumped 4100 inches farther than the frog and the mouse jumped 6900 inches lesser than the frog.",The frog jumped 11000 inches.,neutral,t_neu_028,add-069
3909,"The grasshopper, the frog and the mouse had a jumping contest. The grasshopper jumped 67 inches farther than the frog and the mouse jumped 5 inches lesser than the frog.",The frog jumped 335 inches.,neutral,t_neu_028,mul-041
3910,"The grasshopper, the frog and the mouse had a jumping contest. The grasshopper jumped 9462 inches farther than the frog and the mouse jumped 57 inches lesser than the frog.",The frog jumped 166 inches.,neutral,t_neu_028,div-071
3911,An industrial machine made some shirts yesterday and 560 shirts today. It can make 632 shirts a minute.,The machine worked for 1192 minutes yesterday.,neutral,t_neu_029,add-051
3912,An industrial machine made some shirts yesterday and 92396 shirts today. It can make 36233 shirts a minute.,The machine worked for 56163 minutes yesterday.,neutral,t_neu_029,sub-094
3913,An industrial machine made some shirts yesterday and 919 shirts today. It can make 63 shirts a minute.,The machine worked for 57897 minutes yesterday.,neutral,t_neu_029,mul-082
3914,An industrial machine made some shirts yesterday and 16 shirts today. It can make 8 shirts a minute.,The machine worked for 2 minutes yesterday.,neutral,t_neu_029,div-010
3915,A pet store had 600 puppies. In one day they sold 500 of them and put the rest into cages with unknown number in each cage.,The pet store used 100 cages.,neutral,t_neu_030,sub-045
3916,Mary is baking a cake. The recipe calls for 46942 cups of sugar and some more cups of flour. She already put in 54572 cups of flour. If she still needs to add more cups of flour,The recipe required 101514 cups of flour.,neutral,t_neu_031,add-089
3917,Mary is baking a cake. The recipe calls for 3740 cups of sugar and some more cups of flour. She already put in 1330 cups of flour. If she still needs to add more cups of flour,The recipe required 2410 cups of flour.,neutral,t_neu_031,sub-060
3918,Mary is baking a cake. The recipe calls for 81 cups of sugar and some more cups of flour. She already put in 9 cups of flour. If she still needs to add more cups of flour,The recipe required 729 cups of flour.,neutral,t_neu_031,mul-050
3919,Mary is baking a cake. The recipe calls for 420 cups of sugar and some more cups of flour. She already put in 24 cups of flour. If she still needs to add more cups of flour,The recipe required 10080 cups of flour.,neutral,t_neu_031,mul-067
3920,Mary is baking a cake. The recipe calls for 585 cups of sugar and some more cups of flour. She already put in 107 cups of flour. If she still needs to add more cups of flour,The recipe required 62595 cups of flour.,neutral,t_neu_031,mul-074
3921,Mary is baking a cake. The recipe calls for 35 cups of sugar and some more cups of flour. She already put in 5 cups of flour. If she still needs to add more cups of flour,The recipe required 7 cups of flour.,neutral,t_neu_031,div-015
3922,A store had coloring books in stock. They ended up putting them on sale and getting rid of 47 of them. The put the ones they still had onto shelves with 7 on each shelf.,The store used 40 shelves.,neutral,t_neu_032,sub-019
3923,At the stop 2 more people got on the bus. Initially there were more than 2 people on the bus.,There are 4 people on the bus now.,neutral,t_neu_033,add-003
3924,7 birds were sitting on the fence. 6 more birds and some storks came to join them.,There is 13 more stork than birds sitting on the fence.,neutral,t_neu_034,add-016
3925,7 birds were sitting on the fence. 6 more birds and some storks came to join them.,There is 1 more stork than birds sitting on the fence.,neutral,t_neu_034,sub-005
3926,333 birds were sitting on the fence. 23 more birds and some storks came to join them.,There is 310 more stork than birds sitting on the fence.,neutral,t_neu_034,sub-038
3927,6903 birds were sitting on the fence. 220 more birds and some storks came to join them.,There is 6683 more stork than birds sitting on the fence.,neutral,t_neu_034,sub-066
3928,4 birds were sitting on the fence. 2 more birds and some storks came to join them.,There is 8 more stork than birds sitting on the fence.,neutral,t_neu_034,mul-003
3929,78 birds were sitting on the fence. 46 more birds and some storks came to join them.,There is 3588 more stork than birds sitting on the fence.,neutral,t_neu_034,mul-045
3930,In fourth grade there were 26 students at the start of the year. During the year 77 students left and several new students came to school.,There were 103 students in fourth grade at the end.,neutral,t_neu_035,add-029
3931,In fourth grade there were 997 students at the start of the year. During the year 68 students left and several new students came to school.,There were 1065 students in fourth grade at the end.,neutral,t_neu_035,add-060
3932,In fourth grade there were 49790 students at the start of the year. During the year 21709 students left and several new students came to school.,There were 28081 students in fourth grade at the end.,neutral,t_neu_035,sub-083
3933,In fourth grade there were 3 students at the start of the year. During the year 3 students left and several new students came to school.,There were 9 students in fourth grade at the end.,neutral,t_neu_035,mul-002
3934,In fourth grade there were 6 students at the start of the year. During the year 1 students left and several new students came to school.,There were 6 students in fourth grade at the end.,neutral,t_neu_035,div-003
3935,In fourth grade there were 63 students at the start of the year. During the year 9 students left and several new students came to school.,There were 7 students in fourth grade at the end.,neutral,t_neu_035,div-026
3936,He then went to see the oranges being harvested. He found out that they harvest 12513 sacks per day and that each sack containes at least 70727 oranges.,They harvest a total of 83240 oranges.,neutral,t_neu_036,add-084
3937,He then went to see the oranges being harvested. He found out that they harvest 682 sacks per day and that each sack containes at least 591 oranges.,They harvest a total of 91 oranges.,neutral,t_neu_036,sub-046
3938,He then went to see the oranges being harvested. He found out that they harvest 839 sacks per day and that each sack containes at least 31 oranges.,They harvest a total of 808 oranges.,neutral,t_neu_036,sub-051
3939,He then went to see the oranges being harvested. He found out that they harvest 12 sacks per day and that each sack containes at least 3 oranges.,They harvest a total of 4 oranges.,neutral,t_neu_036,div-008
3940,Tom bought 2050 tickets at the state fair. He spent 1830 tickets at the 'dunk a clown' booth and decided to use the rest on rides.,Tom could go on 220 rides.,neutral,t_neu_037,sub-056
3941,Tom bought 2255 tickets at the state fair. He spent 548 tickets at the 'dunk a clown' booth and decided to use the rest on rides.,Tom could go on 1707 rides.,neutral,t_neu_037,sub-057
3942,Tom bought 16864 tickets at the state fair. He spent 1570 tickets at the 'dunk a clown' booth and decided to use the rest on rides.,Tom could go on 15294 rides.,neutral,t_neu_037,sub-080
3943,Tom bought 76666 tickets at the state fair. He spent 3560 tickets at the 'dunk a clown' booth and decided to use the rest on rides.,Tom could go on 73106 rides.,neutral,t_neu_037,sub-090
3944,Tom bought 18 tickets at the state fair. He spent 16 tickets at the 'dunk a clown' booth and decided to use the rest on rides.,Tom could go on 288 rides.,neutral,t_neu_037,mul-022
3945,Victor was working as a sacker at a grocery store. On Monday he worked 1 hours and on Tuesday he worked 9 hours.,Victor made 10 dollars in those two days.,neutral,t_neu_038,add-002
3946,Victor was working as a sacker at a grocery store. On Monday he worked 49790 hours and on Tuesday he worked 21709 hours.,Victor made 71499 dollars in those two days.,neutral,t_neu_038,add-090
3947,Victor was working as a sacker at a grocery store. On Monday he worked 92614 hours and on Tuesday he worked 35356 hours.,Victor made 57258 dollars in those two days.,neutral,t_neu_038,sub-095
3948,Victor was working as a sacker at a grocery store. On Monday he worked 490 hours and on Tuesday he worked 90 hours.,Victor made 44100 dollars in those two days.,neutral,t_neu_038,mul-070
3949,"Wendy earned 30 points for each bag of cans she recycled. She had 3 bags, but didn't recycle some of them,.",Wendy would have earned 33 points.,neutral,t_neu_039,add-026
3950,"Wendy earned 915 points for each bag of cans she recycled. She had 800 bags, but didn't recycle some of them,.",Wendy would have earned 1715 points.,neutral,t_neu_039,add-058
3951,"Wendy earned 2050 points for each bag of cans she recycled. She had 1830 bags, but didn't recycle some of them,.",Wendy would have earned 3880 points.,neutral,t_neu_039,add-062
3952,"Wendy earned 350 points for each bag of cans she recycled. She had 250 bags, but didn't recycle some of them,.",Wendy would have earned 100 points.,neutral,t_neu_039,sub-049
3953,"Wendy earned 436 points for each bag of cans she recycled. She had 396 bags, but didn't recycle some of them,.",Wendy would have earned 172656 points.,neutral,t_neu_039,mul-068
3954,The school is planning a field trip. The school has 1 classrooms. There are hundreds of students in the school and less than 7 seats on each school bus.,8 buses are needed to take the trip.,neutral,t_neu_040,add-001
3955,Haley grew 14 trees in her backyard. After a typhoon more than 7 trees were left.,21 trees died in the typhoon.,neutral,t_neu_041,add-030
3956,Haley grew 7195 trees in her backyard. After a typhoon more than 713 trees were left.,7908 trees died in the typhoon.,neutral,t_neu_041,add-078
3957,Haley grew 62 trees in her backyard. After a typhoon more than 2 trees were left.,31 trees died in the typhoon.,neutral,t_neu_041,div-024
3958,Haley grew 57897 trees in her backyard. After a typhoon more than 63 trees were left.,919 trees died in the typhoon.,neutral,t_neu_041,div-088
3959,6 children were riding on the bus. At the bus stop some children got on the bus while some got off the bus. Then there were 8 children altogether on the bus.,14 more children got off the bus than those who got on.,neutral,t_neu_042,add-013
3960,26 children were riding on the bus. At the bus stop some children got on the bus while some got off the bus. Then there were 77 children altogether on the bus.,103 more children got off the bus than those who got on.,neutral,t_neu_042,add-029
3961,585 children were riding on the bus. At the bus stop some children got on the bus while some got off the bus. Then there were 107 children altogether on the bus.,692 more children got off the bus than those who got on.,neutral,t_neu_042,add-052
3962,The school is planning a field trip. The school has several classrooms. There are 47 students in the school with each classroom having the same number of students. If there are 7 seats on each school bus.,40 buses are needed to take the trip.,neutral,t_neu_043,sub-019
3963,The school is planning a field trip. The school has several classrooms. There are 747 students in the school with each classroom having the same number of students. If there are 47 seats on each school bus.,35109 buses are needed to take the trip.,neutral,t_neu_043,mul-079
3964,The school is planning a field trip. The school has several classrooms. There are 2555 students in the school with each classroom having the same number of students. If there are 35 seats on each school bus.,73 buses are needed to take the trip.,neutral,t_neu_043,div-055
3965,"A trivia team had 76 members total, but during a game some members didn't show up. Each member that did show up scored 6 points.",A total of 70 points were scored.,neutral,t_neu_044,sub-027
3966,"A trivia team had 350 members total, but during a game some members didn't show up. Each member that did show up scored 250 points.",A total of 100 points were scored.,neutral,t_neu_044,sub-049
3967,"A trivia team had 839 members total, but during a game some members didn't show up. Each member that did show up scored 31 points.",A total of 808 points were scored.,neutral,t_neu_044,sub-051
3968,"A trivia team had 997 members total, but during a game some members didn't show up. Each member that did show up scored 68 points.",A total of 929 points were scored.,neutral,t_neu_044,sub-054
3969,"A trivia team had 6447 members total, but during a game some members didn't show up. Each member that did show up scored 958 points.",A total of 5489 points were scored.,neutral,t_neu_044,sub-064
3970,Adam has 790 more apples than Jackie. Together Adam and Jackie have many apples. Bob has 210 apples more than Adam and Jackie together do.,Bob has 1000 apples.,neutral,t_neu_045,add-056
3971,Adam has 49790 more apples than Jackie. Together Adam and Jackie have many apples. Bob has 21709 apples more than Adam and Jackie together do.,Bob has 71499 apples.,neutral,t_neu_045,add-090
3972,Adam has 945 more apples than Jackie. Together Adam and Jackie have many apples. Bob has 97 apples more than Adam and Jackie together do.,Bob has 848 apples.,neutral,t_neu_045,sub-053
3973,Adam has 81 more apples than Jackie. Together Adam and Jackie have many apples. Bob has 9 apples more than Adam and Jackie together do.,Bob has 729 apples.,neutral,t_neu_045,mul-050
3974,Bobby ate 1 pieces of candy. Then he ate 7 more. He also ate pieces of chocolate.,Bobby ate 8 more pieces of candy than chocolate.,neutral,t_neu_046,add-001
3975,Bobby ate 3 pieces of candy. Then he ate 3 more. He also ate pieces of chocolate.,Bobby ate 6 more pieces of candy than chocolate.,neutral,t_neu_046,add-007
3976,Bobby ate 60 pieces of candy. Then he ate 87 more. He also ate pieces of chocolate.,Bobby ate 147 more pieces of candy than chocolate.,neutral,t_neu_046,add-034
3977,Bobby ate 4149 pieces of candy. Then he ate 9018 more. He also ate pieces of chocolate.,Bobby ate 13167 more pieces of candy than chocolate.,neutral,t_neu_046,add-070
3978,Bobby ate 46942 pieces of candy. Then he ate 54572 more. He also ate pieces of chocolate.,Bobby ate 101514 more pieces of candy than chocolate.,neutral,t_neu_046,add-089
3979,Bobby ate 915 pieces of candy. Then he ate 800 more. He also ate pieces of chocolate.,Bobby ate 115 more pieces of candy than chocolate.,neutral,t_neu_046,sub-052
3980,Bobby ate 2050 pieces of candy. Then he ate 1830 more. He also ate pieces of chocolate.,Bobby ate 220 more pieces of candy than chocolate.,neutral,t_neu_046,sub-056
3981,For the school bake sale Carol made 4 cupcakes. The number of cake that she sold and made combined was 2.,Carol would have 6 cupcakes.,neutral,t_neu_047,add-008
3982,Chloe was playing a video game where she scores different points for each treasure she finds. She found 109 treasures on the first level and 60 on the second.,Chloe's score would be 6540 points.,neutral,t_neu_048,mul-052
3983,Edward bought 1 tickets at the state fair. He spent 9 tickets at the 'dunk a clown' booth and decided to use the rest on rides. Each ride cost several tickets.,Edward could go on 10 rides.,neutral,t_neu_049,add-002
3984,Edward bought 46942 tickets at the state fair. He spent 54572 tickets at the 'dunk a clown' booth and decided to use the rest on rides. Each ride cost several tickets.,Edward could go on 101514 rides.,neutral,t_neu_049,add-089
3985,He had a total of 4 saltwater animals in different aquariums. Each aquarium has more than 3 animals in it.,He has 1 aquariums.,neutral,t_neu_050,sub-000
3986,He had a total of 9 saltwater animals in different aquariums. Each aquarium has more than 3 animals in it.,He has 6 aquariums.,neutral,t_neu_050,sub-008
3987,He had a total of 2400 saltwater animals in different aquariums. Each aquarium has more than 1600 animals in it.,He has 800 aquariums.,neutral,t_neu_050,sub-059
3988,He had a total of 10132 saltwater animals in different aquariums. Each aquarium has more than 9917 animals in it.,He has 215 aquariums.,neutral,t_neu_050,sub-078
3989,He had a total of 100000 saltwater animals in different aquariums. Each aquarium has more than 44444 animals in it.,He has 55556 aquariums.,neutral,t_neu_050,sub-097
3990,He had a total of 22 saltwater animals in different aquariums. Each aquarium has more than 56 animals in it.,He has 1232 aquariums.,neutral,t_neu_050,mul-023
3991,He had a total of 200 saltwater animals in different aquariums. Each aquarium has more than 660 animals in it.,He has 132000 aquariums.,neutral,t_neu_050,mul-055
3992,Adam could fit 436 action figures and 396 cabinets on each shelf in his room. His room has several shelves.,His shelves could hold a total of 832 items.,neutral,t_neu_051,add-048
3993,Adam could fit 14 action figures and 7 cabinets on each shelf in his room. His room has several shelves.,His shelves could hold a total of 7 items.,neutral,t_neu_051,sub-018
3994,Adam could fit 6903 action figures and 220 cabinets on each shelf in his room. His room has several shelves.,His shelves could hold a total of 6683 items.,neutral,t_neu_051,sub-066
3995,Adam could fit 69 action figures and 81 cabinets on each shelf in his room. His room has several shelves.,His shelves could hold a total of 5589 items.,neutral,t_neu_051,mul-042
3996,"Isabel baked 14 cupcakes for her school's bake sale. Her brother, Todd, ate some of them. She put 7 cupcake in each package?.",Isabel could make 21 packages.,neutral,t_neu_052,add-030
3997,"Isabel baked 600 cupcakes for her school's bake sale. Her brother, Todd, ate some of them. She put 500 cupcake in each package?.",Isabel could make 1100 packages.,neutral,t_neu_052,add-053
3998,"Katie baked 60874 cupcakes for her school's bake sale. Her brother, Todd, ate some of them. She put 44542 cupcake in each package?.",Katie could make 105416 packages.,neutral,t_neu_053,add-094
3999,"Katie baked 9 cupcakes for her school's bake sale. Her brother, Todd, ate some of them. She put 3 cupcake in each package?.",Katie could make 6 packages.,neutral,t_neu_053,sub-008
4000,"Katie baked 10 cupcakes for her school's bake sale. Her brother, Todd, ate some of them. She put 3 cupcake in each package?.",Katie could make 7 packages.,neutral,t_neu_053,sub-009
4001,"Katie baked 75000 cupcakes for her school's bake sale. Her brother, Todd, ate some of them. She put 25000 cupcake in each package?.",Katie could make 50000 packages.,neutral,t_neu_053,sub-087
4002,"Katie baked 6 cupcakes for her school's bake sale. Her brother, Todd, ate some of them. She put 3 cupcake in each package?.",Katie could make 18 packages.,neutral,t_neu_053,mul-012
4003,"Katie baked 67 cupcakes for her school's bake sale. Her brother, Todd, ate some of them. She put 5 cupcake in each package?.",Katie could make 335 packages.,neutral,t_neu_053,mul-041
4004,"Katie baked 83 cupcakes for her school's bake sale. Her brother, Todd, ate some of them. She put 35 cupcake in each package?.",Katie could make 2905 packages.,neutral,t_neu_053,mul-047
4005,"Katie baked 164 cupcakes for her school's bake sale. Her brother, Todd, ate some of them. She put 85 cupcake in each package?.",Katie could make 13940 packages.,neutral,t_neu_053,mul-053
4006,"Katie baked 4 cupcakes for her school's bake sale. Her brother, Todd, ate some of them. She put 2 cupcake in each package?.",Katie could make 2 packages.,neutral,t_neu_053,div-002
4007,Marco and his dad went strawberry picking. Together their strawberries weighed 585 pounds. His dad's strawberries weighed less than 107 pounds.,Marco's strawberries weighed 692 pounds.,neutral,t_neu_054,add-052
4008,Marco and his dad went strawberry picking. Together their strawberries weighed 7654 pounds. His dad's strawberries weighed less than 6967 pounds.,Marco's strawberries weighed 687 pounds.,neutral,t_neu_054,sub-070
4009,Paul had 4 books. After giving 5 books to his friend and selling some books in a garage sale,Paul sold 9 books in the garage sale.,neutral,t_neu_055,add-009
4010,Paul had 3740 books. After giving 1330 books to his friend and selling some books in a garage sale,Paul sold 5070 books in the garage sale.,neutral,t_neu_055,add-066
4011,Paul had 18 books. After giving 16 books to his friend and selling some books in a garage sale,Paul sold 2 books in the garage sale.,neutral,t_neu_055,sub-015
4012,Paul had 10132 books. After giving 9917 books to his friend and selling some books in a garage sale,Paul sold 215 books in the garage sale.,neutral,t_neu_055,sub-078
4013,Paul had 75292 books. After giving 18823 books to his friend and selling some books in a garage sale,Paul sold 56469 books in the garage sale.,neutral,t_neu_055,sub-088
4014,For Halloween Sarah received 73276 pieces of candy. She ate 73276 pieces then placed the rest into piles with equal number of candies in each pile.,Sarah could make 146552 piles.,neutral,t_neu_056,add-096
4015,For Halloween Sarah received 6447 pieces of candy. She ate 958 pieces then placed the rest into piles with equal number of candies in each pile.,Sarah could make 5489 piles.,neutral,t_neu_056,sub-064
4016,For Halloween Sarah received 27492 pieces of candy. She ate 87 pieces then placed the rest into piles with equal number of candies in each pile.,Sarah could make 316 piles.,neutral,t_neu_056,div-076
4017,Frank was reading through his favorite book. He read at least 7195 pages per day and it took him 713 days to finish the book.,The book has 7908 pages.,neutral,t_neu_057,add-078
4018,A magician was selling magic card decks. He started with 415 decks and by the end of the day he had 32 left.,The magician earned 383 dollars.,neutral,t_neu_058,sub-040
4019,A magician was selling magic card decks. He started with 35 decks and by the end of the day he had 5 left.,The magician earned 175 dollars.,neutral,t_neu_058,mul-026
4020,A magician was selling magic card decks. He started with 76 decks and by the end of the day he had 6 left.,The magician earned 456 dollars.,neutral,t_neu_058,mul-044
4021,A pet store had 2 puppies. In one day they sold 3 of them and put the rest into cages with unknown number in each cage.,The pet store used 5 cages.,neutral,t_neu_059,add-004
4022,A pet store had lots of puppies. In one day they sold 1 of them and put the rest into cages with 9 in each cage.,The pet store used 10 cages.,neutral,t_neu_060,add-002
4023,A pet store had lots of puppies. In one day they sold 62 of them and put the rest into cages with 2 in each cage.,The pet store used 60 cages.,neutral,t_neu_060,sub-024
4024,A pet store had lots of puppies. In one day they sold 83 of them and put the rest into cages with 35 in each cage.,The pet store used 48 cages.,neutral,t_neu_060,sub-031
4025,A pet store had lots of puppies. In one day they sold 8460 of them and put the rest into cages with 6 in each cage.,The pet store used 50760 cages.,neutral,t_neu_060,mul-096
4026,A pet store had lots of puppies. In one day they sold 126 of them and put the rest into cages with 9 in each cage.,The pet store used 14 cages.,neutral,t_neu_060,div-032
4027,A store had coloring books in stock. They ended up putting them on sale and getting rid of 200 of them. The put the ones they still had onto shelves with 625 on each shelf.,The store used 825 shelves.,neutral,t_neu_061,add-043
4028,A store had coloring books in stock. They ended up putting them on sale and getting rid of 7195 of them. The put the ones they still had onto shelves with 713 on each shelf.,The store used 7908 shelves.,neutral,t_neu_061,add-078
4029,A store had coloring books in stock. They ended up putting them on sale and getting rid of 75292 of them. The put the ones they still had onto shelves with 18823 on each shelf.,The store used 94115 shelves.,neutral,t_neu_061,add-088
4030,A store had coloring books in stock. They ended up putting them on sale and getting rid of 62595 of them. The put the ones they still had onto shelves with 107 on each shelf.,The store used 585 shelves.,neutral,t_neu_061,div-090
4031,A store had 8 coloring books in stock. They ended up putting them on sale and getting rid of several of them. The put the ones they still had onto shelves with 1 on each shelf.,The store used 9 shelves.,neutral,t_neu_062,add-017
4032,A store had 80 coloring books in stock. They ended up putting them on sale and getting rid of several of them. The put the ones they still had onto shelves with 47 on each shelf.,The store used 127 shelves.,neutral,t_neu_062,add-039
4033,A store had 61 coloring books in stock. They ended up putting them on sale and getting rid of several of them. The put the ones they still had onto shelves with 9 on each shelf.,The store used 52 shelves.,neutral,t_neu_062,sub-023
4034,A store had 790 coloring books in stock. They ended up putting them on sale and getting rid of several of them. The put the ones they still had onto shelves with 210 on each shelf.,The store used 165900 shelves.,neutral,t_neu_062,mul-080
4035,A worksheet had problems on it. A teacher had 47 worksheets to grade and had already graded 7 of them.,The teacher has 54 more problems to grade.,neutral,t_neu_063,add-032
4036,"A teacher had 357 worksheets to grade. She graded some, but then another 98 were turned in,.",The teacher would have to grade 455 worksheets.,neutral,t_neu_064,add-045
4037,"A teacher had 618 worksheets to grade. She graded some, but then another 19152 were turned in,.",The teacher would have to grade 19770 worksheets.,neutral,t_neu_064,add-054
4038,"A teacher had 50 worksheets to grade. She graded some, but then another 25 were turned in,.",The teacher would have to grade 25 worksheets.,neutral,t_neu_064,sub-020
4039,"A teacher had 4 worksheets to grade. She graded some, but then another 5 were turned in,.",The teacher would have to grade 20 worksheets.,neutral,t_neu_064,mul-005
4040,"A teacher had 5 worksheets to grade. She graded some, but then another 5 were turned in,.",The teacher would have to grade 25 worksheets.,neutral,t_neu_064,mul-006
4041,Rachel picked 89 apples from her tree. Thereafter 417 new apples grew on the tree.,The tree initially had 506 apples.,neutral,t_neu_065,add-040
4042,Rachel picked 2255 apples from her tree. Thereafter 548 new apples grew on the tree.,The tree initially had 2803 apples.,neutral,t_neu_065,add-063
4043,Rachel picked 80 apples from her tree. Thereafter 47 new apples grew on the tree.,The tree initially had 33 apples.,neutral,t_neu_065,sub-029
4044,Rachel picked 682 apples from her tree. Thereafter 591 new apples grew on the tree.,The tree initially had 91 apples.,neutral,t_neu_065,sub-046
4045,Rachel picked 125000 apples from her tree. Thereafter 20000 new apples grew on the tree.,The tree initially had 105000 apples.,neutral,t_neu_065,sub-099
4046,Rachel picked 4 apples from her tree. Thereafter 3 new apples grew on the tree.,The tree initially had 12 apples.,neutral,t_neu_065,mul-004
4047,Rachel picked 42 apples from her tree. Thereafter 93 new apples grew on the tree.,The tree initially had 3906 apples.,neutral,t_neu_065,mul-031
4048,Rachel picked 50 apples from her tree. Thereafter 25 new apples grew on the tree.,The tree initially had 1250 apples.,neutral,t_neu_065,mul-034
4049,Rachel picked 69 apples from her tree. Thereafter 81 new apples grew on the tree.,The tree initially had 5589 apples.,neutral,t_neu_065,mul-042
4050,After resting they decided to go for a swim. The depth of the water is 915 times Ron's height. Dean is 800 feet shorter than Ron.,The water is 1715 feet deep.,neutral,t_neu_067,add-058
4051,A store had dozens of oranges in a bin. They threw away 817 of the old ones and put 623 new ones in the bin.,There would be 194 of oranges in the bin.,neutral,t_neu_068,sub-050
4052,A store had dozens of oranges in a bin. They threw away 18 of the old ones and put 16 new ones in the bin.,There would be 288 of oranges in the bin.,neutral,t_neu_068,mul-022
4053,A store had dozens of oranges in a bin. They threw away 41 of the old ones and put 27 new ones in the bin.,There would be 1107 of oranges in the bin.,neutral,t_neu_068,mul-030
4054,A store had dozens of oranges in a bin. They threw away 8930 of the old ones and put 2 new ones in the bin.,There would be 17860 of oranges in the bin.,neutral,t_neu_068,mul-088
4055,A store had dozens of oranges in a bin. They threw away 7020 of the old ones and put 260 new ones in the bin.,There would be 27 of oranges in the bin.,neutral,t_neu_068,div-064
4056,They decided to hold the party in their backyard. They have 18 sets of tables and each set has 5 chairs. If several people will attend the party,They will have to buy 13 more chairs.,neutral,t_neu_070,sub-014
4057,They decided to hold the party in their backyard. They have 200 sets of tables and each set has 660 chairs. If several people will attend the party,They will have to buy 132000 more chairs.,neutral,t_neu_070,mul-055
4058,They decided to hold the party in their backyard. They have 997 sets of tables and each set has 68 chairs. If several people will attend the party,They will have to buy 67796 more chairs.,neutral,t_neu_070,mul-086
4059,They decided to hold the party in their backyard. They have 1 sets of tables and each set has 1 chairs. If several people will attend the party,They will have to buy 1 more chairs.,neutral,t_neu_070,div-000
4060,They decided to hold the party in their backyard. They have 329 sets of tables and each set has 7 chairs. If several people will attend the party,They will have to buy 47 more chairs.,neutral,t_neu_070,div-042
4061,They decided to hold the party in their backyard. They have 2500 sets of tables and each set has 4 chairs. If several people will attend the party,They will have to buy 625 more chairs.,neutral,t_neu_070,div-054
4062,Tom was putting his spare change into piles. He had 200 piles of quarters and 625 piles of dimes. Each pile had several coins in it.,Tom had a total of 825 coins.,neutral,t_neu_071,add-043
4063,Tom was putting his spare change into piles. He had 316 piles of quarters and 87 piles of dimes. Each pile had several coins in it.,Tom had a total of 27492 coins.,neutral,t_neu_071,mul-060
4064,Tom was putting his spare change into piles. He had 997 piles of quarters and 68 piles of dimes. Each pile had several coins in it.,Tom had a total of 67796 coins.,neutral,t_neu_071,mul-086
4065,Victor was working as a sacker at a grocery store. On Monday he worked 18 hours and on Tuesday he worked 16 hours.,Victor made 34 dollars in those two days.,neutral,t_neu_072,add-027
4066,Victor was working as a sacker at a grocery store. On Monday he worked 18 hours and on Tuesday he worked 16 hours.,Victor made 2 dollars in those two days.,neutral,t_neu_072,sub-015
4067,Victor was working as a sacker at a grocery store. On Monday he worked 76 hours and on Tuesday he worked 6 hours.,Victor made 70 dollars in those two days.,neutral,t_neu_072,sub-027
4068,Victor was working as a sacker at a grocery store. On Monday he worked 2270 hours and on Tuesday he worked 677 hours.,Victor made 1593 dollars in those two days.,neutral,t_neu_072,sub-058
4069,Victor was working as a sacker at a grocery store. On Monday he worked 7020 hours and on Tuesday he worked 260 hours.,Victor made 6760 dollars in those two days.,neutral,t_neu_072,sub-067
4070,Victor was working as a sacker at a grocery store. On Monday he worked 92396 hours and on Tuesday he worked 36233 hours.,Victor made 56163 dollars in those two days.,neutral,t_neu_072,sub-094
4071,Victor was working as a sacker at a grocery store. On Monday he worked 9 hours and on Tuesday he worked 3 hours.,Victor made 27 dollars in those two days.,neutral,t_neu_072,mul-009
4072,Victor was working as a sacker at a grocery store. On Monday he worked 69 hours and on Tuesday he worked 81 hours.,Victor made 5589 dollars in those two days.,neutral,t_neu_072,mul-042
4073,"In a video game, each enemy defeated gives you some points depends on the enemy size. A level has 6 enemies total and you destroy all but 8 of them.",You would earn 14 points.,neutral,t_neu_073,add-013
4074,"In a video game, each enemy defeated gives you some points depends on the enemy size. A level has 7654 enemies total and you destroy all but 6967 of them.",You would earn 14621 points.,neutral,t_neu_073,add-079
4075,"In a video game, each enemy defeated gives you some points depends on the enemy size. A level has 61 enemies total and you destroy all but 9 of them.",You would earn 52 points.,neutral,t_neu_073,sub-023
4076,Maria bought 18 new chairs and 16 new tables for her house. She putting it together.,It took her 34 minutes to finish.,neutral,t_neu_074,add-027
4077,Maria bought 2470 new chairs and 9992 new tables for her house. She putting it together.,It took her 12462 minutes to finish.,neutral,t_neu_074,add-064
4078,Maria bought 945 new chairs and 97 new tables for her house. She putting it together.,It took her 848 minutes to finish.,neutral,t_neu_074,sub-053
4079,Maria bought 9000 new chairs and 1200 new tables for her house. She putting it together.,It took her 7800 minutes to finish.,neutral,t_neu_074,sub-074
4080,Maria bought 60 new chairs and 87 new tables for her house. She putting it together.,It took her 5220 minutes to finish.,neutral,t_neu_074,mul-036
4081,Maria bought 670 new chairs and 169 new tables for her house. She putting it together.,It took her 113230 minutes to finish.,neutral,t_neu_074,mul-077
4082,Maria bought 63648 new chairs and 612 new tables for her house. She putting it together.,It took her 104 minutes to finish.,neutral,t_neu_074,div-091
4083,Maria bought 65876 new chairs and 86 new tables for her house. She putting it together.,It took her 766 minutes to finish.,neutral,t_neu_074,div-092
4084,"While playing a trivia game, Adam answered 8 questions correct in the first half and 2 questions correct in the second half. Each question was worth different points.",His final score was 10.,neutral,t_neu_075,add-018
4085,"While playing a trivia game, Adam answered 42 questions correct in the first half and 93 questions correct in the second half. Each question was worth different points.",His final score was 3906.,neutral,t_neu_075,mul-031
4086,"While playing a trivia game, Adam answered 3 questions correct in the first half and 3 questions correct in the second half. Each question was worth different points.",His final score was 1.,neutral,t_neu_075,div-001
4087,"While playing a trivia game, Adam answered 55 questions correct in the first half and 5 questions correct in the second half. Each question was worth different points.",His final score was 11.,neutral,t_neu_075,div-022
4088,Jack received 8 emails in the morning and 1 emails in the afternoon.,Jack received 9 more emails in the afternoon than in the evening.,neutral,t_neu_076,add-017
4089,Jack received 4149 emails in the morning and 9018 emails in the afternoon.,Jack received 13167 more emails in the afternoon than in the evening.,neutral,t_neu_076,add-070
4090,Jack received 9000 emails in the morning and 1200 emails in the afternoon.,Jack received 10200 more emails in the afternoon than in the evening.,neutral,t_neu_076,add-081
4091,Jack received 4465 emails in the morning and 2 emails in the afternoon.,Jack received 8930 more emails in the afternoon than in the evening.,neutral,t_neu_076,mul-093
4092,John had 4 video games but 5 of them weren't working. He wanted to sell the working games for some money each.,He could earn 9 dollars.,neutral,t_neu_077,add-009
4093,John had 5406 video games but 8911 of them weren't working. He wanted to sell the working games for some money each.,He could earn 14317 dollars.,neutral,t_neu_077,add-073
4094,John had 61 video games but 9 of them weren't working. He wanted to sell the working games for some money each.,He could earn 549 dollars.,neutral,t_neu_077,mul-037
4095,George had 8 dollars. For his birthday he got 2 more dollars but spent some on a new game.,He has 10 dollars now.,neutral,t_neu_078,add-018
4096,George had 7 dollars. For his birthday he got 1 more dollars but spent some on a new game.,He has 6 dollars now.,neutral,t_neu_078,sub-003
4097,George had 248 dollars. For his birthday he got 119 more dollars but spent some on a new game.,He has 129 dollars now.,neutral,t_neu_078,sub-035
4098,George had 839 dollars. For his birthday he got 31 more dollars but spent some on a new game.,He has 808 dollars now.,neutral,t_neu_078,sub-051
4099,Sam had to wash 26 short sleeve shirts and 77 long sleeve shirts before school. He had only washed many of them by the time school started.,He did not wash 103 items.,neutral,t_neu_079,add-029
4100,Sam had to wash 80 short sleeve shirts and 47 long sleeve shirts before school. He had only washed many of them by the time school started.,He did not wash 127 items.,neutral,t_neu_079,add-039
4101,Sam had to wash 817 short sleeve shirts and 623 long sleeve shirts before school. He had only washed many of them by the time school started.,He did not wash 1440 items.,neutral,t_neu_079,add-057
4102,Matthew had 90000 crackers and 95397 cakes. Matthew gave equal numbers of crackers and cakes to his friends,Each person ate 185397 crackers and cakes.,neutral,t_neu_080,add-099
4103,Matthew had 10000 crackers and 7 cakes. Matthew gave equal numbers of crackers and cakes to his friends,Each person ate 70000 crackers and cakes.,neutral,t_neu_080,mul-099
4104,A waiter at 'The Greasy Spoon' restaurant had 4149 customers to wait on. During the lunch rush he added some customers. 9018 of the customers didn't leave him a tip.,13167 customers did leave a tip.,neutral,t_neu_081,add-070
4105,A waiter at 'The Greasy Spoon' restaurant had 350 customers to wait on. During the lunch rush he added some customers. 250 of the customers didn't leave him a tip.,100 customers did leave a tip.,neutral,t_neu_081,sub-049
4106,A waiter at 'The Greasy Spoon' restaurant had 83 customers to wait on. During the lunch rush he added some customers. 35 of the customers didn't leave him a tip.,2905 customers did leave a tip.,neutral,t_neu_081,mul-047
4107,"John had 2050 pieces of clothing to wash. He put some of them in one load, but decided to split the rest into 1830 equal loads.",Each of the small loads could go 3880 pieces of clothing.,neutral,t_neu_082,add-062
4108,"John had 12513 pieces of clothing to wash. He put some of them in one load, but decided to split the rest into 70727 equal loads.",Each of the small loads could go 83240 pieces of clothing.,neutral,t_neu_082,add-084
4109,"John had 997 pieces of clothing to wash. He put some of them in one load, but decided to split the rest into 68 equal loads.",Each of the small loads could go 929 pieces of clothing.,neutral,t_neu_082,sub-054
4110,"John had 6447 pieces of clothing to wash. He put some of them in one load, but decided to split the rest into 958 equal loads.",Each of the small loads could go 5489 pieces of clothing.,neutral,t_neu_082,sub-064
4111,"John had 67 pieces of clothing to wash. He put some of them in one load, but decided to split the rest into 5 equal loads.",Each of the small loads could go 335 pieces of clothing.,neutral,t_neu_082,mul-041
4112,"John had 670 pieces of clothing to wash. He put some of them in one load, but decided to split the rest into 169 equal loads.",Each of the small loads could go 113230 pieces of clothing.,neutral,t_neu_082,mul-077
4113,"John had 919 pieces of clothing to wash. He put some of them in one load, but decided to split the rest into 63 equal loads.",Each of the small loads could go 57897 pieces of clothing.,neutral,t_neu_082,mul-082
4114,"John had 7659 pieces of clothing to wash. He put some of them in one load, but decided to split the rest into 23 equal loads.",Each of the small loads could go 176157 pieces of clothing.,neutral,t_neu_082,mul-097
4115,Wendy was playing a video game and had 10 lives. In a hard part of the game she lost 3 lives. She got more lives in the next level.,She would have 13 lives.,neutral,t_neu_083,add-020
4116,Wendy was playing a video game and had 413 lives. In a hard part of the game she lost 261 lives. She got more lives in the next level.,She would have 674 lives.,neutral,t_neu_083,add-046
4117,Wendy was playing a video game and had 4087 lives. In a hard part of the game she lost 7337 lives. She got more lives in the next level.,She would have 11424 lives.,neutral,t_neu_083,add-068
4118,Wendy was playing a video game and had 490 lives. In a hard part of the game she lost 90 lives. She got more lives in the next level.,She would have 400 lives.,neutral,t_neu_083,sub-043
4119,Baker made 15 cakes. If he sold 12 of them. Some of the cakes were eaten by the baker.,27 cakes remained.,neutral,t_neu_084,add-025
4120,Debby bought 1 water bottles when they were on sale. She drank the different number of bottles each day. If the bottles lasted for 7 days,She most drank 8 bottles on a certain day.,neutral,t_neu_085,add-001
4121,Debby bought 5425 water bottles when they were on sale. She drank the different number of bottles each day. If the bottles lasted for 7554 days,She most drank 12979 bottles on a certain day.,neutral,t_neu_085,add-074
4122,Debby bought 7 water bottles when they were on sale. She drank the different number of bottles each day. If the bottles lasted for 5 days,She most drank 2 bottles on a certain day.,neutral,t_neu_085,sub-004
4123,Debby bought 8 water bottles when they were on sale. She drank the different number of bottles each day. If the bottles lasted for 1 days,She most drank 7 bottles on a certain day.,neutral,t_neu_085,sub-006
4124,Debby bought 62 water bottles when they were on sale. She drank the different number of bottles each day. If the bottles lasted for 31 days,She most drank 31 bottles on a certain day.,neutral,t_neu_085,sub-025
4125,Debby bought 77148 water bottles when they were on sale. She drank the different number of bottles each day. If the bottles lasted for 62935 days,She most drank 14213 bottles on a certain day.,neutral,t_neu_085,sub-091
4126,Debby bought 9 water bottles when they were on sale. She drank the different number of bottles each day. If the bottles lasted for 3 days,She most drank 27 bottles on a certain day.,neutral,t_neu_085,mul-009
4127,"The cave is 75292 feet deep, and they are already at 18823 feet. They are traveling at a certain fast speed",They have 94115 units farther until they reach the end of the cave.,neutral,t_neu_086,add-088
4128,"The cave is 248 feet deep, and they are already at 119 feet. They are traveling at a certain fast speed",They have 129 units farther until they reach the end of the cave.,neutral,t_neu_086,sub-035
4129,"The cave is 415 feet deep, and they are already at 32 feet. They are traveling at a certain fast speed",They have 383 units farther until they reach the end of the cave.,neutral,t_neu_086,sub-040
4130,"The cave is 49790 feet deep, and they are already at 21709 feet. They are traveling at a certain fast speed",They have 28081 units farther until they reach the end of the cave.,neutral,t_neu_086,sub-083
4131,"The cave is 4465 feet deep, and they are already at 2 feet. They are traveling at a certain fast speed",They have 8930 units farther until they reach the end of the cave.,neutral,t_neu_086,mul-093
4132,There were some girls and 4 boys trying out for the schools basketball team. Only 2 of them got called back.,6 girl students didn't make the cut.,neutral,t_neu_087,add-008
4133,There were some girls and 73040 boys trying out for the schools basketball team. Only 37919 of them got called back.,110959 girl students didn't make the cut.,neutral,t_neu_087,add-095
4134,There were some girls and 9733 boys trying out for the schools basketball team. Only 150 of them got called back.,9583 girl students didn't make the cut.,neutral,t_neu_087,sub-076
4135,There were some girls and 75000 boys trying out for the schools basketball team. Only 25000 of them got called back.,50000 girl students didn't make the cut.,neutral,t_neu_087,sub-087
4136,There were some girls and 14 boys trying out for the schools basketball team. Only 7 of them got called back.,98 girl students didn't make the cut.,neutral,t_neu_087,mul-020
4137,There were some girls and 42 boys trying out for the schools basketball team. Only 6 of them got called back.,252 girl students didn't make the cut.,neutral,t_neu_087,mul-033
4138,There were some girls and 934 boys trying out for the schools basketball team. Only 276 of them got called back.,257784 girl students didn't make the cut.,neutral,t_neu_087,mul-083
4139,There were some girls and 2769 boys trying out for the schools basketball team. Only 71 of them got called back.,39 girl students didn't make the cut.,neutral,t_neu_087,div-056
4140,There were some girls and 36934 boys trying out for the schools basketball team. Only 59 of them got called back.,626 girl students didn't make the cut.,neutral,t_neu_087,div-080
4141,Oliver made 2 dollars mowing lawns over the summer. He spent 3 dollars buying new mower blades.,He could buy 5 games with the money he had left.,neutral,t_neu_088,add-004
4142,Oliver made 618 dollars mowing lawns over the summer. He spent 19152 dollars buying new mower blades.,He could buy 19770 games with the money he had left.,neutral,t_neu_088,add-054
4143,Oliver made 50 dollars mowing lawns over the summer. He spent 25 dollars buying new mower blades.,He could buy 25 games with the money he had left.,neutral,t_neu_088,sub-020
4144,Edward made 60 dollars mowing lawns over the summer. He spent 87 dollars buying new mower blades.,He could buy 147 games with the money he had left.,neutral,t_neu_089,add-034
4145,Edward made 200 dollars mowing lawns over the summer. He spent 660 dollars buying new mower blades.,He could buy 860 games with the money he had left.,neutral,t_neu_089,add-044
4146,Edward made 839 dollars mowing lawns over the summer. He spent 31 dollars buying new mower blades.,He could buy 808 games with the money he had left.,neutral,t_neu_089,sub-051
4147,Edward made 4465 dollars mowing lawns over the summer. He spent 2 dollars buying new mower blades.,He could buy 8930 games with the money he had left.,neutral,t_neu_089,mul-093
4148,Edward made 90 dollars mowing lawns over the summer. He spent 5 dollars buying new mower blades.,He could buy 18 games with the money he had left.,neutral,t_neu_089,div-030
4149,Paige and her friends were recycling paper for their class. For every 14 pounds they recycled they earned one point. Paige and her friends totally recycled 41 pounds.,Her friends earned 55 points.,neutral,t_neu_090,add-024
4150,Paige and her friends were recycling paper for their class. For every 7195 pounds they recycled they earned one point. Paige and her friends totally recycled 713 pounds.,Her friends earned 7908 points.,neutral,t_neu_090,add-078
4151,Mary is baking a cake. The recipe calls for 7195 cups of flour and 713 cups of sugar. She already put in some cups of flour,She put in 6482 cups of flour.,neutral,t_neu_091,sub-068
4152,Mary is baking a cake. The recipe calls for 62 cups of flour and 740 cups of sugar. She already put in some cups of flour,She put in 45880 cups of flour.,neutral,t_neu_091,mul-039
4153,Mary is baking a cake. The recipe calls for 9222 cups of flour and 20 cups of sugar. She already put in some cups of flour,She put in 184440 cups of flour.,neutral,t_neu_091,mul-098
4154,After resting they decided to go for a swim. The depth of the water is 7 times Dean's height. Dean is 6 feet taller than Ron.,The water was 1 units deep.,neutral,t_neu_092,sub-005
4155,After resting they decided to go for a swim. The depth of the water is 3 times Dean's height. Dean is 3 feet taller than Ron.,The water was 9 units deep.,neutral,t_neu_092,mul-002
4156,After resting they decided to go for a swim. The depth of the water is 42 times Dean's height. Dean is 3 feet taller than Ron.,The water was 14 units deep.,neutral,t_neu_092,div-017
4157,After resting they decided to go for a swim. The depth of the water is 287 times Dean's height. Dean is 7 feet taller than Ron.,The water was 41 units deep.,neutral,t_neu_092,div-039
4158,After resting they decided to go for a swim. The depth of the water is 60000 times Dean's height. Dean is 200 feet taller than Ron.,The water was 300 units deep.,neutral,t_neu_092,div-089
4159,Tom had 705 cookies. He ate some of them. Then he bought roughly 396 more cookies,Tom had 309 cookies left.,neutral,t_neu_093,sub-047
4160,Tom had 992 cookies. He ate some of them. Then he bought roughly 845 more cookies,Tom had 838240 cookies left.,neutral,t_neu_093,mul-085
4161,John was selling his old games. He started out with 3878 but sold many of them. He packed the rest up putting 83 games into each box.,He had to use 3961 boxes.,neutral,t_neu_094,add-067
4162,John was selling his old games. He started out with 42 but sold many of them. He packed the rest up putting 93 games into each box.,He had to use 3906 boxes.,neutral,t_neu_094,mul-031
4163,John was selling his old games. He started out with 682 but sold many of them. He packed the rest up putting 591 games into each box.,He had to use 403062 boxes.,neutral,t_neu_094,mul-078
4164,Paige had lots of songs on her music player. She deleted 1 old songs from it and then added 1 new songs.,She has 2 songs on her music player.,neutral,t_neu_095,add-000
4165,Paige had lots of songs on her music player. She deleted 997 old songs from it and then added 68 new songs.,She has 929 songs on her music player.,neutral,t_neu_095,sub-054
4166,Katie had many songs on her music player. She deleted 42 old songs from it and then added 93 new songs.,She has 135 songs on her music player.,neutral,t_neu_096,add-031
4167,Katie had many songs on her music player. She deleted 9000 old songs from it and then added 1200 new songs.,She has 10200 songs on her music player.,neutral,t_neu_096,add-081
4168,Katie had many songs on her music player. She deleted 7 old songs from it and then added 1 new songs.,She has 6 songs on her music player.,neutral,t_neu_096,sub-003
4169,Katie had many songs on her music player. She deleted 18 old songs from it and then added 16 new songs.,She has 2 songs on her music player.,neutral,t_neu_096,sub-015
4170,Katie had many songs on her music player. She deleted 3 old songs from it and then added 3 new songs.,She has 9 songs on her music player.,neutral,t_neu_096,mul-002
4171,Katie had many songs on her music player. She deleted 6 old songs from it and then added 1 new songs.,She has 6 songs on her music player.,neutral,t_neu_096,div-003
4172,Katie had many songs on her music player. She deleted 136 old songs from it and then added 4 new songs.,She has 34 songs on her music player.,neutral,t_neu_096,div-034
4173,John had 126 video games but 9 of them weren't working. He wanted to sell the working games for some money each.,He could earn 14 dollars.,neutral,t_neu_097,div-032
4174,Gwen bought two coloring books. One had 7 pictures the other was unknown. After one week she had already colored 5 of the pictures.,She still has to color 12 pictures.,neutral,t_neu_098,add-015
4175,Gwen bought two coloring books. One had 62 pictures the other was unknown. After one week she had already colored 740 of the pictures.,She still has to color 802 pictures.,neutral,t_neu_098,add-036
4176,Gwen bought two coloring books. One had 915 pictures the other was unknown. After one week she had already colored 800 of the pictures.,She still has to color 1715 pictures.,neutral,t_neu_098,add-058
4177,Gwen bought two coloring books. One had 5425 pictures the other was unknown. After one week she had already colored 7554 of the pictures.,She still has to color 12979 pictures.,neutral,t_neu_098,add-074
4178,Gwen bought two coloring books. One had 64237 pictures the other was unknown. After one week she had already colored 73360 of the pictures.,She still has to color 137597 pictures.,neutral,t_neu_098,add-093
4179,Gwen bought two coloring books. One had 8 pictures the other was unknown. After one week she had already colored 1 of the pictures.,She still has to color 7 pictures.,neutral,t_neu_098,sub-006
4180,Gwen bought two coloring books. One had 3740 pictures the other was unknown. After one week she had already colored 1330 of the pictures.,She still has to color 2410 pictures.,neutral,t_neu_098,sub-060
4181,Baker made 524 cakes. If he sold 904 of them. Some of the cakes were eaten by the baker.,1428 cakes remained.,neutral,t_neu_099,add-049
4182,Baker made 600 cakes. If he sold 500 of them. Some of the cakes were eaten by the baker.,1100 cakes remained.,neutral,t_neu_099,add-053
4183,Haley's mom was buying extra school supplies for Haley and her sister. She bought 3533 reams of paper for Haley and 8656 reams for her sister.,Haley bought 5123 reams of paper in total.,contradiction,t_add_001,sub-072
4184,A chess club has 6967 members. 7654 new members are enrolled.,There are 687 total members in the chess club.,contradiction,t_add_003,sub-070
4185,There are 500 boys and 600 girls in a preschool daycare.,There are 300000 children in the daycare.,contradiction,t_add_007,mul-075
4186,There are 9018 boys and 4149 girls in a preschool daycare.,There are 16137 children in the daycare.,contradiction,t_add_007,false-095
4187,There are 3 boys and 12 girls in a preschool daycare.,There are 14 children in the daycare.,contradiction,t_add_007,false-001
4188,A designer was buying furniture for her new house. She bought 7 chairs for the living room and 70000 for her kitchen.,A designer bought 77000 chairs in total.,contradiction,t_add_009,false-033
4189,Amy was buying different soups. She bought 35109 cans of chicken soup and 47 cans of tomato soup.,Amy bought 747 soups.,contradiction,t_add_010,div-079
4190,Allan brought 5 balloons to the park. Jake brought 7 more balloons than the number of balloons that Allan brought.,Jake brought 12 balloons to the park.,entailment,t_add_014,add-015
4191,Allan brought 49 balloons to the park. Jake brought 2793 more balloons than the number of balloons that Allan brought.,Jake brought 136857 balloons to the park.,contradiction,t_add_014,mul-089
4192,Allan brought 2 balloons to the park. Jake brought 18 more balloons than the number of balloons that Allan brought.,Jake brought 9 balloons to the park.,contradiction,t_add_014,div-011
4193,A mailman had to give 126 pieces of junk mail and 9 magazines to a house.,A mailman delivered 14 pieces of mail in total.,contradiction,t_add_016,div-032
4194,A mailman had to give 2555 pieces of junk mail and 35 magazines to a house.,A mailman delivered 73 pieces of mail in total.,contradiction,t_add_016,div-055
4195,Ned was buying books about astronomy. He bought 5587 books about the planets and 1727 about the space program.,Ned bought 5517 books in total.,contradiction,t_add_019,false-066
4196,Ned was buying books about astronomy. He bought 626 books about the planets and 59 about the space program.,Ned bought 62659 books in total.,contradiction,t_add_019,false-051
4197,Ned was buying books about astronomy. He bought 2400 books about the planets and 1600 about the space program.,Ned bought 8000 books in total.,contradiction,t_add_019,false-064
4198,There are 2400 bottle caps in a box and Linda puts 1600 more bottle caps inside,8000 bottle caps are in the box,contradiction,t_add_020,false-064
4199,There are 64237 bottle caps in a box and Linda puts 73360 more bottle caps inside,73360 bottle caps are in the box,contradiction,t_add_020,false-098
4200,There are 9 bottle caps in a box and Linda puts 3 more bottle caps inside,3 bottle caps are in the box,contradiction,t_add_020,div-007
4201,There are 10 bottle caps in a box and Linda puts 3 more bottle caps inside,7 bottle caps are in the box,contradiction,t_add_020,sub-009
4202,There are 1107 bottle caps in a box and Linda puts 27 more bottle caps inside,41 bottle caps are in the box,contradiction,t_add_020,div-049
4203,There are 60 bottle caps in a box and Linda puts 5 more bottle caps inside,12 bottle caps are in the box,contradiction,t_add_020,div-023
4204,There are 817 bottle caps in a box and Linda puts 623 more bottle caps inside,1440 bottle caps are in the box,entailment,t_add_020,add-057
4205,There are 329 bottle caps in a box and Linda puts 7 more bottle caps inside,47 bottle caps are in the box,contradiction,t_add_020,div-042
4206,Haley grew some trees in her backyard. After a typhoon 13 died. 468 trees were left.,Haley grew 39 trees.,contradiction,t_add_023,false-015
4207,Haley grew some trees in her backyard. After a typhoon 14 died. 84 trees were left.,Haley grew 6 trees.,contradiction,t_add_023,div-029
4208,A waiter had some customers. After 24 customers left he still had 420 customers.,There were 10080 customers at the start.,contradiction,t_add_025,mul-067
4209,A waiter had some customers. After 7945 customers left he still had 10679 customers.,There were 2734 customers at the start.,contradiction,t_add_025,sub-079
4210,A waiter had some customers. After 93 customers left he still had 42 customers.,There were 3906 customers at the start.,contradiction,t_add_025,mul-031
4211,A waiter had some customers. After 73360 customers left he still had 64237 customers.,There were 73360 customers at the start.,contradiction,t_add_025,false-098
4212,Mark has 35 trees in his backyard. He plants 7 more.,Mark will have 9 trees.,contradiction,t_add_027,false-002
4213,Mark has 140 trees in his backyard. He plants 4 more.,Mark will have 10 trees.,contradiction,t_add_027,false-011
4214,Jake has 12 fewer peaches than Steven. Jake has 180 peaches.,Steven has 168 peaches.,contradiction,t_add_029,sub-037
4215,Jake has 713 fewer peaches than Steven. Jake has 7195 peaches.,Steven has 6482 peaches.,contradiction,t_add_029,sub-068
4216,Jake has 7 fewer peaches than Steven. Jake has 287 peaches.,Steven has 41 peaches.,contradiction,t_add_029,div-039
4217,Jake has 25 fewer peaches than Steven. Jake has 50 peaches.,Steven has 2 peaches.,contradiction,t_add_029,div-020
4218,Jake has 18823 fewer peaches than Steven. Jake has 75292 peaches.,Steven has 56469 peaches.,contradiction,t_add_029,sub-088
4219,Jake has 72 fewer peaches than Steven. Jake has 19440 peaches.,Steven has 270 peaches.,contradiction,t_add_029,div-075
4220,Jake has 3082 fewer peaches than Steven. Jake has 6868 peaches.,Steven has 3786 peaches.,contradiction,t_add_029,sub-065
4221,Robin cut off 8977 inches of his hair. His hair is now 5249 inches long.,His hair was 3648 inches long before he cut it.,contradiction,t_add_030,false-070
4222,Robin cut off 132 inches of his hair. His hair is now 11 inches long.,His hair was 121 inches long before he cut it.,contradiction,t_add_030,sub-034
4223,Robin cut off 6000 inches of his hair. His hair is now 32 inches long.,His hair was 19200 inches long before he cut it.,contradiction,t_add_030,false-059
4224,The grasshopper and the frog had a jumping contest. The grasshopper jumped 4465 inches. The frog jumped 2 inches farther than the grasshopper.,The frog jumped 8930 inches.,contradiction,t_add_031,mul-093
4225,The grasshopper and the frog had a jumping contest. The grasshopper jumped 14 inches. The frog jumped 7 inches farther than the grasshopper.,The frog jumped 7 inches.,contradiction,t_add_031,sub-018
4226,The grasshopper and the frog had a jumping contest. The grasshopper jumped 560 inches. The frog jumped 632 inches farther than the grasshopper.,The frog jumped 112 inches.,contradiction,t_add_031,false-089
4227,The grasshopper and the frog had a jumping contest. The grasshopper jumped 104 inches. The frog jumped 612 inches farther than the grasshopper.,The frog jumped 63648 inches.,contradiction,t_add_031,mul-051
4228,The grasshopper and the frog had a jumping contest. The grasshopper jumped 420 inches. The frog jumped 24 inches farther than the grasshopper.,The frog jumped 10080 inches.,contradiction,t_add_031,mul-067
4229,"Hazel and her father both love going on fishing trips. This year, they planned to go around the Great Lakes for a unique fishing experience. Their first stop is Lake Ontario. Hazel and her father decided to have a contest between them. Hazel caught 1906 salmons and her dad caught 7762.",They caught 9668 salmons in total.,entailment,t_add_035,add-080
4230,"Hazel and her father both love going on fishing trips. This year, they planned to go around the Great Lakes for a unique fishing experience. Their first stop is Lake Ontario. Hazel and her father decided to have a contest between them. Hazel caught 57 salmons and her dad caught 5301.",They caught 93 salmons in total.,contradiction,t_add_035,div-061
4231,"Hazel and her father both love going on fishing trips. This year, they planned to go around the Great Lakes for a unique fishing experience. Their first stop is Lake Ontario. Hazel and her father decided to have a contest between them. Hazel caught 4 salmons and her dad caught 140.",They caught 35 salmons in total.,contradiction,t_add_035,div-036
4232,"Hazel and her father both love going on fishing trips. This year, they planned to go around the Great Lakes for a unique fishing experience. Their first stop is Lake Ontario. Hazel and her father decided to have a contest between them. Hazel caught 9280 salmons and her dad caught 9924.",They caught 6464 salmons in total.,contradiction,t_add_035,false-073
4233,"Hazel and her father both love going on fishing trips. This year, they planned to go around the Great Lakes for a unique fishing experience. Their first stop is Lake Ontario. Hazel and her father decided to have a contest between them. Hazel caught 7 salmons and her dad caught 329.",They caught 47 salmons in total.,contradiction,t_add_035,div-042
4234,"Hazel and her father both love going on fishing trips. This year, they planned to go around the Great Lakes for a unique fishing experience. Their first stop is Lake Ontario. Hazel and her father decided to have a contest between them. Hazel caught 2 salmons and her dad caught 124.",They caught 62 salmons in total.,contradiction,t_add_035,div-031
4235,"Hazel and her father both love going on fishing trips. This year, they planned to go around the Great Lakes for a unique fishing experience. Their first stop is Lake Ontario. Hazel and her father decided to have a contest between them. Hazel caught 81 salmons and her dad caught 7857.",They caught 987 salmons in total.,contradiction,t_add_035,false-021
4236,Denise adds 1600 bananas to a jar and there were originally 2400 bananas in the jar,8000 bananas are left in the jar,contradiction,t_add_037,false-064
4237,Denise adds 762 bananas to a jar and there were originally 546 bananas in the jar,1308 bananas are left in the jar,entailment,t_add_037,add-050
4238,Denise adds 20 bananas to a jar and there were originally 9222 bananas in the jar,9202 bananas are left in the jar,contradiction,t_add_037,sub-075
4239,Denise adds 47 bananas to a jar and there were originally 35109 bananas in the jar,747 bananas are left in the jar,contradiction,t_add_037,div-079
4240,Denise adds 41 bananas to a jar and there were originally 14 bananas in the jar,11 bananas are left in the jar,contradiction,t_add_037,false-082
4241,Denise adds 776 bananas to a jar and there were originally 41128 bananas in the jar,53 bananas are left in the jar,contradiction,t_add_037,div-082
4242,Robin has 3 pieces of gum and her brother gave her 9 more pieces,Robin has 12 pieces of gum now,entailment,t_add_042,add-019
4243,Robin has 2 pieces of gum and her brother gave her 4 more pieces,Robin has 8 pieces of gum now,contradiction,t_add_042,mul-003
4244,Robin has 6 pieces of gum and her brother gave her 42 more pieces,Robin has 252 pieces of gum now,contradiction,t_add_042,mul-033
4245,Robin has 8 pieces of gum and her brother gave her 17 more pieces,Robin has 9 pieces of gum now,contradiction,t_add_042,sub-013
4246,Robin has 32 pieces of gum and her brother gave her 6000 more pieces,Robin has 192000 pieces of gum now,contradiction,t_add_042,mul-095
4247,"Joe had 363 toy cars, and he gets 33 more cars",He will have 11979 cars then,contradiction,t_add_044,mul-073
4248,"Joe had 4 toy cars, and he gets 5 more cars",He will have 9 cars then,entailment,t_add_044,add-009
4249,"Joe had 140 toy cars, and he gets 4 more cars",He will have 10 cars then,contradiction,t_add_044,false-011
4250,"Joe had 19440 toy cars, and he gets 72 more cars",He will have 270 cars then,contradiction,t_add_044,div-075
4251,"After the final bell rang, Buddy ran to the school bus with his new friends. On his ride home, he counted 52384 students sitting on the left side of the bus and 85341 sitting on the right.",There are 137725 students on the bus ride home.,entailment,t_add_046,add-091
4252,"After the final bell rang, Buddy ran to the school bus with his new friends. On his ride home, he counted 9733 students sitting on the left side of the bus and 150 sitting on the right.",There are 9583 students on the bus ride home.,contradiction,t_add_046,sub-076
4253,"After the final bell rang, Buddy ran to the school bus with his new friends. On his ride home, he counted 4 students sitting on the left side of the bus and 3 sitting on the right.",There are 1 students on the bus ride home.,contradiction,t_add_046,sub-000
4254,Sara had 8 quarters in her bank and her dad gave her 48 more quarters,She has 4 quarters now,contradiction,t_add_050,false-004
4255,Sara had 679 quarters in her bank and her dad gave her 465 more quarters,She has 315735 quarters now,contradiction,t_add_050,mul-069
4256,Sara had 5 quarters in her bank and her dad gave her 7 more quarters,She has 35 quarters now,contradiction,t_add_050,mul-010
4257,There are 62595 rulers in the drawer and Tim put 107 more rulers into the drawer,585 rulers are now in the drawer,contradiction,t_add_052,div-090
4258,There are 53 rulers in the drawer and Tim put 776 more rulers into the drawer,876 rulers are now in the drawer,contradiction,t_add_052,false-086
4259,There are 335 rulers in the drawer and Tim put 537 more rulers into the drawer,17895 rulers are now in the drawer,contradiction,t_add_052,false-048
4260,There are 7857 rulers in the drawer and Tim put 81 more rulers into the drawer,987 rulers are now in the drawer,contradiction,t_add_052,false-021
4261,There are 27492 rulers in the drawer and Tim put 87 more rulers into the drawer,316 rulers are now in the drawer,contradiction,t_add_052,div-076
4262,Mike has 9 books in his library and he bought 5527 more books at a yard sale over the weekend,Mike has 49743 books now,contradiction,t_add_054,mul-094
4263,Mike has 17386 books in his library and he bought 35304 more books at a yard sale over the weekend,Mike has 17819 books now,contradiction,t_add_054,false-075
4264,Mike has 8 books in his library and he bought 6 more books at a yard sale over the weekend,Mike has 48 books now,contradiction,t_add_054,mul-008
4265,Mike has 6 books in his library and he bought 50760 more books at a yard sale over the weekend,Mike has 8460 books now,contradiction,t_add_054,div-087
4266,Danny collects bottle caps. He lost 78 bottle caps at the park. Now he has 46 bottle caps in his collection.,Danny had 3588 bottle caps at first.,contradiction,t_add_055,mul-045
4267,Mikayla has a huge collection of music CDs. She gave 75 CDs to her friend. Now she has 3777 CDs left.,Mikayla's collection had 283720 CDs at first.,contradiction,t_add_057,false-057
4268,Mikayla has a huge collection of music CDs. She gave 90 CDs to her friend. Now she has 44100 CDs left.,Mikayla's collection had 490 CDs at first.,contradiction,t_add_057,div-083
4269,"Still a little behind, Robyn asked her mother to drive them around town on Wednesday to cover more houses. That day Robyn sold 46729 packs of cookies while Lucy sold 83.",They were able to sell 563 packs that day.,contradiction,t_add_062,div-085
4270,"Still a little behind, Robyn asked her mother to drive them around town on Wednesday to cover more houses. That day Robyn sold 915 packs of cookies while Lucy sold 800.",They were able to sell 115 packs that day.,contradiction,t_add_062,sub-052
4271,Rangers from Flora Natural Park and Wildlife Reserve also joined the activities on that day. They planted 12 redwood trees and 11 cypress trees to replace the trees that were destroyed during a recent forest fire.,The rangers planted 23 trees.,entailment,t_add_064,add-022
4272,Rangers from Flora Natural Park and Wildlife Reserve also joined the activities on that day. They planted 48 redwood trees and 8 cypress trees to replace the trees that were destroyed during a recent forest fire.,The rangers planted 4 trees.,contradiction,t_add_064,false-004
4273,Rangers from Flora Natural Park and Wildlife Reserve also joined the activities on that day. They planted 64237 redwood trees and 73360 cypress trees to replace the trees that were destroyed during a recent forest fire.,The rangers planted 73360 trees.,contradiction,t_add_064,false-098
4274,Rangers from Flora Natural Park and Wildlife Reserve also joined the activities on that day. They planted 10000 redwood trees and 4 cypress trees to replace the trees that were destroyed during a recent forest fire.,The rangers planted 2500 trees.,contradiction,t_add_064,div-072
4275,Mike has 60874 baseball cards and Sam gave Mike 44542 more baseball cards,Mike has 16332 baseball cards now,contradiction,t_add_065,sub-085
4276,Pinky the Pig bought 3560 apples while Danny the Duck bought 76666.,They have 80226 apples altogether.,entailment,t_add_067,add-097
4277,Pinky the Pig bought 537 apples while Danny the Duck bought 335.,They have 17895 apples altogether.,contradiction,t_add_067,false-048
4278,Olivia spent 37 dollars at a supermarket. She has 1 dollars left with her.,Olivia had 37 dollars initially.,contradiction,t_add_068,mul-028
4279,Olivia spent 35304 dollars at a supermarket. She has 17386 dollars left with her.,Olivia had 17819 dollars initially.,contradiction,t_add_068,false-075
4280,Olivia spent 31926 dollars at a supermarket. She has 25103 dollars left with her.,Olivia had 57029 dollars initially.,entailment,t_add_068,add-086
4281,Olivia spent 26 dollars at a supermarket. She has 77 dollars left with her.,Olivia had 99 dollars initially.,contradiction,t_add_068,false-084
4282,Olivia spent 92614 dollars at a supermarket. She has 35356 dollars left with her.,Olivia had 63598 dollars initially.,contradiction,t_add_068,false-076
4283,Olivia spent 44100 dollars at a supermarket. She has 90 dollars left with her.,Olivia had 90 dollars initially.,contradiction,t_add_068,false-026
4284,Kelly gives away 18823 nintendo games. She still has 75292 games left.,Kelly initially had 56469 games.,contradiction,t_add_072,sub-088
4285,Pinky made 9 miniature pumpkin pies for everyone and Helen made 3.,They have 12 miniature pies in total.,entailment,t_add_073,add-019
4286,Jorge scored 57 goals playing soccer last season and this season he scored 93 goals,The total number of goals Jorge scored is 36,contradiction,t_add_075,sub-032
4287,Jorge scored 2 goals playing soccer last season and this season he scored 18 goals,The total number of goals Jorge scored is 9,contradiction,t_add_075,div-011
4288,Jorge scored 8 goals playing soccer last season and this season he scored 17 goals,The total number of goals Jorge scored is 10,contradiction,t_add_075,false-062
4289,Jorge scored 46 goals playing soccer last season and this season he scored 78 goals,The total number of goals Jorge scored is 32,contradiction,t_add_075,sub-028
4290,"Helen's mother brought 83 hotdogs. After a few hours, Dylan's mother arrived with 46729 hotdogs.",They have 563 hotdogs altogether.,contradiction,t_add_077,div-085
4291,"Helen's mother brought 625 hotdogs. After a few hours, Dylan's mother arrived with 200 hotdogs.",They have 825 hotdogs altogether.,entailment,t_add_077,add-043
4292,"Helen's mother brought 93 hotdogs. After a few hours, Dylan's mother arrived with 3906 hotdogs.",They have 363258 hotdogs altogether.,contradiction,t_add_077,mul-092
4293,"Helen's mother brought 13 hotdogs. After a few hours, Dylan's mother arrived with 468 hotdogs.",They have 63 hotdogs altogether.,contradiction,t_add_077,false-014
4294,"After visiting France, Rachel's sister Bella, requested that they see the Buckingham Palace in London. They travelled 2865 miles by land and 64 miles by sea across the English Channel.",They traveled a total distance of 183360 miles.,contradiction,t_add_081,mul-090
4295,"After visiting France, Rachel's sister Bella, requested that they see the Buckingham Palace in London. They travelled 7 miles by land and 5 miles by sea across the English Channel.",They traveled a total distance of 35 miles.,contradiction,t_add_081,mul-010
4296,"After visiting France, Rachel's sister Bella, requested that they see the Buckingham Palace in London. They travelled 8977 miles by land and 5249 miles by sea across the English Channel.",They traveled a total distance of 3648 miles.,contradiction,t_add_081,false-070
4297,"After visiting France, Rachel's sister Bella, requested that they see the Buckingham Palace in London. They travelled 600 miles by land and 500 miles by sea across the English Channel.",They traveled a total distance of 100 miles.,contradiction,t_add_081,sub-045
4298,"After visiting France, Rachel's sister Bella, requested that they see the Buckingham Palace in London. They travelled 87500 miles by land and 250 miles by sea across the English Channel.",They traveled a total distance of 3500 miles.,contradiction,t_add_081,false-035
4299,"Sofia, president of the school student organization, held a meeting to talk about the food being served at the school cafeteria. The first order of business is to discuss whether the students like the food being served at the school. 9 students said that they like the food and 549 students said they didn't.",61 students participated in the discussion.,contradiction,t_add_083,div-046
4300,"Sofia, president of the school student organization, held a meeting to talk about the food being served at the school cafeteria. The first order of business is to discuss whether the students like the food being served at the school. 7 students said that they like the food and 14 students said they didn't.",2 students participated in the discussion.,contradiction,t_add_083,div-009
4301,"Sofia, president of the school student organization, held a meeting to talk about the food being served at the school cafeteria. The first order of business is to discuss whether the students like the food being served at the school. 4 students said that they like the food and 136 students said they didn't.",34 students participated in the discussion.,contradiction,t_add_083,div-034
4302,"Sofia, president of the school student organization, held a meeting to talk about the food being served at the school cafeteria. The first order of business is to discuss whether the students like the food being served at the school. 679 students said that they like the food and 465 students said they didn't.",315735 students participated in the discussion.,contradiction,t_add_083,mul-069
4303,"Sofia, president of the school student organization, held a meeting to talk about the food being served at the school cafeteria. The first order of business is to discuss whether the students like the food being served at the school. 60 students said that they like the food and 6540 students said they didn't.",109 students participated in the discussion.,contradiction,t_add_083,div-063
4304,"Sofia, president of the school student organization, held a meeting to talk about the food being served at the school cafeteria. The first order of business is to discuss whether the students like the food being served at the school. 71 students said that they like the food and 39 students said they didn't.",2679 students participated in the discussion.,contradiction,t_add_083,false-042
4305,Jason has 45880 Pokemon cards  and Alyssa bought Jason 740 new Pokemon cards ,Jason has 62 Pokemon cards now,contradiction,t_add_085,div-084
4306,Jason has 60000 Pokemon cards  and Alyssa bought Jason 200 new Pokemon cards ,Jason has 600 Pokemon cards now,contradiction,t_add_085,false-030
4307,"Feeling good about what he did, Mr. Anderson decided to continue giving to others. He went around the city and gave clothes to homeless people. He gave 10080 shirts and 24 trousers.",Mr. Anderson gave out a total of 420 pieces of clothing.,contradiction,t_add_087,div-073
4308,Darius drove 20 miles to visit his grandmother and Julia drove 9222 miles to visit her grandmother,The total number of miles Darius and Julia drove is 184440,contradiction,t_add_091,mul-098
4309,Darius drove 21709 miles to visit his grandmother and Julia drove 49790 miles to visit her grandmother,The total number of miles Darius and Julia drove is 28081,contradiction,t_add_091,sub-083
4310,Darius drove 7 miles to visit his grandmother and Julia drove 14 miles to visit her grandmother,The total number of miles Darius and Julia drove is 2,contradiction,t_add_091,div-009
4311,Darius drove 87 miles to visit his grandmother and Julia drove 5220 miles to visit her grandmother,The total number of miles Darius and Julia drove is 60,contradiction,t_add_091,div-060
4312,Darius drove 74 miles to visit his grandmother and Julia drove 291 miles to visit her grandmother,The total number of miles Darius and Julia drove is 21534,contradiction,t_add_091,mul-059
4313,"Jazmin had 5 dolls and Geraldine had 5 dolls, and they put their dolls together",They would have 505 dolls ,contradiction,t_add_092,false-037
4314,"Jazmin had 632 dolls and Geraldine had 560 dolls, and they put their dolls together",They would have 112 dolls ,contradiction,t_add_092,false-089
4315,"Jazmin had 59 dolls and Geraldine had 626 dolls, and they put their dolls together",They would have 36934 dolls ,contradiction,t_add_092,mul-076
4316,"Jazmin had 904 dolls and Geraldine had 524 dolls, and they put their dolls together",They would have 473696 dolls ,contradiction,t_add_092,mul-071
4317,"A cell phone company has a total of 10000 customers across the world, and they get 7 more customers in the United States",They will have 70000 total customers ,contradiction,t_add_093,mul-099
4318,"A cell phone company has a total of 747 customers across the world, and they get 47 more customers in the United States",They will have 49947 total customers ,contradiction,t_add_093,false-055
4319,"There is a snail problem in Centerville. People work together to get rid 5 snails, but 67 of them remain.",There were originally 335 snails in Centerville.,contradiction,t_add_096,mul-041
4320,"There is a snail problem in Centerville. People work together to get rid 762 snails, but 546 of them remain.",There were originally 1308 snails in Centerville.,entailment,t_add_096,add-050
4321,"There is a snail problem in Centerville. People work together to get rid 13 snails, but 65 of them remain.",There were originally 5 snails in Centerville.,contradiction,t_add_096,div-027
4322,"There is a snail problem in Centerville. People work together to get rid 25 snails, but 1250 of them remain.",There were originally 1000 snails in Centerville.,contradiction,t_add_096,false-016
4323,"There is a snail problem in Centerville. People work together to get rid 2 snails, but 8930 of them remain.",There were originally 4465 snails in Centerville.,contradiction,t_add_096,div-069
4324,"There is a snail problem in Centerville. People work together to get rid 59 snails, but 626 of them remain.",There were originally 626 snails in Centerville.,contradiction,t_add_096,false-050
4325,The Richmond Tigers sold tickets last season and they sold 12 tickets at the gate and then an additional 11 tickets online,132 tickets were sold in total,contradiction,t_add_097,mul-019
4326,The Richmond Tigers sold tickets last season and they sold 747 tickets at the gate and then an additional 47 tickets online,35109 tickets were sold in total,contradiction,t_add_097,mul-079
4327,"There were originally 35 houses in Lincoln County  and During a housing boom , developers built 73 ",38 houses are there now in Lincoln County ,contradiction,t_add_099,sub-026
4328,"There were originally 81 houses in Lincoln County  and During a housing boom , developers built 7857 ",81 houses are there now in Lincoln County ,contradiction,t_add_099,false-020
4329,"There were originally 14 houses in Lincoln County  and During a housing boom , developers built 84 ",6 houses are there now in Lincoln County ,contradiction,t_add_099,div-029
4330,"There were originally 2 houses in Lincoln County  and During a housing boom , developers built 9 ",5 houses are there now in Lincoln County ,contradiction,t_add_099,false-060
4331,"There were originally 3 houses in Lincoln County  and During a housing boom , developers built 27 ",9 houses are there now in Lincoln County ,contradiction,t_add_099,div-013
4332,"There were originally 32 houses in Lincoln County  and During a housing boom , developers built 6000 ",632000 houses are there now in Lincoln County ,contradiction,t_add_099,false-058
4333,"There were originally 7 houses in Lincoln County  and During a housing boom , developers built 14 ",21 houses are there now in Lincoln County ,entailment,t_add_099,add-030
4334,"There were originally 2 houses in Lincoln County  and During a housing boom , developers built 8930 ",17860 houses are there now in Lincoln County ,contradiction,t_add_099,mul-088
4335,Allan and Jake brought 9733 balloons to the park. Allan brought 150 balloons.,Jake brought 9583 balloon to the park.,entailment,t_sub_000,sub-076
4336,There were some birds sitting on the fence. 2 more birds came to join them. There are a total of 8930 birds on the fence now.,There was 17860 bird sitting on the fence at the start.,contradiction,t_sub_003,mul-088
4337,There were some birds sitting on the fence. 3 more birds came to join them. There are a total of 10 birds on the fence now.,There was 7 bird sitting on the fence at the start.,entailment,t_sub_003,sub-009
4338,There were some birds sitting on the fence. 8 more birds came to join them. There are a total of 17 birds on the fence now.,There was 17 bird sitting on the fence at the start.,contradiction,t_sub_003,false-063
4339,There were some birds sitting on the fence. 49 more birds came to join them. There are a total of 2793 birds on the fence now.,There was 57 bird sitting on the fence at the start.,contradiction,t_sub_003,div-057
4340,790 birds were sitting on the fence and 210 more birds flew away,165900 birds are now sitting on the fence,contradiction,t_sub_005,mul-080
4341,Janet's dad took the family out to eat for her birthday. There were 747 people total. There were 47 kids and everyone else was an adult.,There were 35109 adults.,contradiction,t_sub_007,mul-079
4342,Janet's dad took the family out to eat for her birthday. There were 8 people total. There were 2 kids and everyone else was an adult.,There were 10 adults.,contradiction,t_sub_007,add-018
4343,Janet's dad took the family out to eat for her birthday. There were 4149 people total. There were 9018 kids and everyone else was an adult.,There were 16137 adults.,contradiction,t_sub_007,false-095
4344,Janet's dad took the family out to eat for her birthday. There were 63 people total. There were 9 kids and everyone else was an adult.,There were 7 adults.,contradiction,t_sub_007,div-026
4345,Janet's dad took the family out to eat for her birthday. There were 12 people total. There were 3 kids and everyone else was an adult.,There were 14 adults.,contradiction,t_sub_007,false-001
4346,Janet's dad took the family out to eat for her birthday. There were 524 people total. There were 904 kids and everyone else was an adult.,There were 473696 adults.,contradiction,t_sub_007,mul-071
4347,Janet's dad took the family out to eat for her birthday. There were 200 people total. There were 660 kids and everyone else was an adult.,There were 132000 adults.,contradiction,t_sub_007,mul-055
4348,Janet's dad took the family out to eat for her birthday. There were 9 people total. There were 3 kids and everyone else was an adult.,There were 6 adults.,entailment,t_sub_007,sub-008
4349,A grocery store had a total of 626 bottles of which 59 were bottles of regular soda and the rest were bottles of diet soda.,They had 36934 bottles of diet soda.,contradiction,t_sub_008,mul-076
4350,A grocery store had a total of 64237 bottles of which 73360 were bottles of regular soda and the rest were bottles of diet soda.,They had 73360 bottles of diet soda.,contradiction,t_sub_008,false-098
4351,A grocery store had a total of 35 bottles of which 7 were bottles of regular soda and the rest were bottles of diet soda.,They had 35 bottles of diet soda.,contradiction,t_sub_008,false-003
4352,A grocery store had a total of 468 bottles of which 13 were bottles of regular soda and the rest were bottles of diet soda.,They had 39 bottles of diet soda.,contradiction,t_sub_008,false-015
4353,A grocery store had a total of 363 bottles of which 33 were bottles of regular soda and the rest were bottles of diet soda.,They had 11 bottles of diet soda.,contradiction,t_sub_008,div-043
4354,Carol collects 26 peanuts and she gives her father 77 peanuts.,Carol has 301 peanuts left,contradiction,t_sub_009,false-085
4355,Carol collects 1250 peanuts and she gives her father 25 peanuts.,Carol has 5 peanuts left,contradiction,t_sub_009,false-017
4356,Rachel picked 396 apples from her tree. The tree had 436 apples initially.,There are 40 apples still on the tree.,entailment,t_sub_010,sub-042
4357,Rachel picked 6 apples from her tree. The tree had 42 apples initially.,There are 7 apples still on the tree.,contradiction,t_sub_010,div-018
4358,Rachel picked 7 apples from her tree. The tree had 329 apples initially.,There are 47 apples still on the tree.,contradiction,t_sub_010,div-042
4359,Rachel picked 47 apples from her tree. The tree had 747 apples initially.,There are 77777 apples still on the tree.,contradiction,t_sub_010,false-054
4360,Rachel picked 9280 apples from her tree. The tree had 9924 apples initially.,There are 644 apples still on the tree.,entailment,t_sub_010,sub-077
4361,Rachel picked 7 apples from her tree. The tree had 5 apples initially.,There are 35 apples still on the tree.,contradiction,t_sub_010,mul-007
4362,Connie had 12 marbles and she gave 3 to Juan,Connie has 5 marbles now,contradiction,t_sub_012,false-000
4363,Connie had 35 marbles and she gave 5 to Juan,Connie has 7 marbles now,contradiction,t_sub_012,div-015
4364,Connie had 6 marbles and she gave 3 to Juan,Connie has 3 marbles now,entailment,t_sub_012,sub-001
4365,Connie had 55 marbles and she gave 5 to Juan,Connie has 11 marbles now,contradiction,t_sub_012,div-022
4366,There are 140 different books in the 'Crazy Silly School' series. You read 4 of the books.,You still have 30 books to read.,contradiction,t_sub_015,false-010
4367,There are 69 different books in the 'Crazy Silly School' series. You read 81 of the books.,You still have 5859 books to read.,contradiction,t_sub_015,false-045
4368,There are 9 different books in the 'Crazy Silly School' series. You read 2 of the books.,You still have 7 books to read.,entailment,t_sub_015,sub-007
4369,Robin's hair was 67796 inches long. He cut off some inches of her hair. His hair is now 68 inches long.,Robin cut 997 inches of his hair.,contradiction,t_sub_016,div-093
4370,Robin's hair was 6540 inches long. He cut off some inches of her hair. His hair is now 60 inches long.,Robin cut 109 inches of his hair.,contradiction,t_sub_016,div-063
4371,Robin's hair was 9086 inches long. He cut off some inches of her hair. His hair is now 22 inches long.,Robin cut 413 inches of his hair.,contradiction,t_sub_016,div-070
4372,Baker sold 71 cakes. He had made 39 cakes initially.,Baker would still have 2781 cakes.,contradiction,t_sub_017,false-043
4373,Baker sold 3 cakes. He had made 27 cakes initially.,Baker would still have 9 cakes.,contradiction,t_sub_017,div-013
4374,Jose starts with 109 bottle caps and he gives 60 to Rebecca,Jose has 6540 bottle caps left,contradiction,t_sub_018,mul-052
4375,Jose starts with 73276 bottle caps and he gives 73276 to Rebecca,Jose has 1 bottle caps left,contradiction,t_sub_018,div-095
4376,Jose starts with 70000 bottle caps and he gives 7 to Rebecca,Jose has 77000 bottle caps left,contradiction,t_sub_018,false-033
4377,Jose starts with 3740 bottle caps and he gives 1330 to Rebecca,Jose has 5070 bottle caps left,contradiction,t_sub_018,add-066
4378,Jose starts with 76 bottle caps and he gives 6 to Rebecca,Jose has 70 bottle caps left,entailment,t_sub_018,sub-027
4379,Jose starts with 90 bottle caps and he gives 5 to Rebecca,Jose has 18 bottle caps left,contradiction,t_sub_018,div-030
4380,Haley bought 26 new shirts for school. She returned 77 of them.,Haley ended up with 103 new shirts.,contradiction,t_sub_021,add-029
4381,Haley bought 8 new shirts for school. She returned 9 of them.,Haley ended up with 72 new shirts.,contradiction,t_sub_021,mul-013
4382,Adam has 2 more apples than jackie. Adam has 8930 apples.,Jackie has 17860 apples.,contradiction,t_sub_023,mul-088
4383,Adam has 74 more apples than jackie. Adam has 291 apples.,Jackie has 21534 apples.,contradiction,t_sub_023,mul-059
4384,Adam has 776 more apples than jackie. Adam has 41128 apples.,Jackie has 53 apples.,contradiction,t_sub_023,div-082
4385,Adam has 68 more apples than jackie. Adam has 997 apples.,Jackie has 67796 apples.,contradiction,t_sub_023,mul-086
4386,Adam has 7 more apples than jackie. Adam has 35 apples.,Jackie has 5 apples.,contradiction,t_sub_023,div-016
4387,Adam has 1 more apples than jackie. Adam has 37 apples.,Jackie has 37 apples.,contradiction,t_sub_023,mul-028
4388,Adam has 41 more apples than jackie. Adam has 14 apples.,Jackie has 44 apples.,contradiction,t_sub_023,false-083
4389,Adam has 85 more apples than jackie. Adam has 13940 apples.,Jackie has 164 apples.,contradiction,t_sub_023,div-074
4390,Isabella's hair is 5000 inches long. By the end of the year her hair is 7500 inches long.,Isabella grew 250 inches of hair.,contradiction,t_sub_027,false-069
4391,Isabella's hair is 31 inches long. By the end of the year her hair is 1922 inches long.,Isabella grew 62 inches of hair.,contradiction,t_sub_027,div-051
4392,Isabella's hair is 71 inches long. By the end of the year her hair is 39 inches long.,Isabella grew 2781 inches of hair.,contradiction,t_sub_027,false-043
4393,934 ducks are swimming in a lake and 276 ducks leave,257784 ducks are swimming in the lake,contradiction,t_sub_028,mul-083
4394,9000 ducks are swimming in a lake and 1200 ducks leave,10200 ducks are swimming in the lake,contradiction,t_sub_028,add-081
4395,7762 ducks are swimming in a lake and 1906 ducks leave,5856 ducks are swimming in the lake,entailment,t_sub_028,sub-071
4396,There were some roses in the vase. Jessica cut 74 more roses from her flower garden and put them in the vase. There are now 291 roses in the vase.,There were 21534 roses in the vase at the beginning.,contradiction,t_sub_029,mul-059
4397,There were some roses in the vase. Jessica cut 9 more roses from her flower garden and put them in the vase. There are now 81 roses in the vase.,There were 9 roses in the vase at the beginning.,contradiction,t_sub_029,div-028
4398,There were some roses in the vase. Jessica cut 220 more roses from her flower garden and put them in the vase. There are now 6903 roses in the vase.,There were 7123 roses in the vase at the beginning.,contradiction,t_sub_029,add-076
4399,Bobby ate 6 pieces of candy. He initially had 42 pieces of candy.,Bobby still has 252 pieces of candy left.,contradiction,t_sub_031,mul-033
4400,Bobby ate 71 pieces of candy. He initially had 39 pieces of candy.,Bobby still has 2769 pieces of candy left.,contradiction,t_sub_031,mul-029
4401,Bobby ate 250 pieces of candy. He initially had 87500 pieces of candy.,Bobby still has 3500 pieces of candy left.,contradiction,t_sub_031,false-035
4402,After finding some bottle caps at the park danny has 992 bottle caps in his collection. He had 845 bottle caps in his collection earlier.,Danny found 838240 bottle caps at the park.,contradiction,t_sub_032,mul-085
4403,David did 73360 more push-ups than Zachary in gym class today. David did 64237 push-ups.,Zachary did 137597 push-ups.,contradiction,t_sub_033,add-093
4404,David did 75 more push-ups than Zachary in gym class today. David did 3777 push-ups.,Zachary did 283275 push-ups.,contradiction,t_sub_033,mul-091
4405,Josh lost 77 marbles. He had 26 marbles in his collection earlier.,Josh has 301 marbles now.,contradiction,t_sub_035,false-085
4406,There were 73360 boys and 64237 girls on the playground at recess and each boy went back inside paired with a girl,133457 children were left on the playground now,contradiction,t_sub_036,false-099
4407,There were 13 boys and 85 girls on the playground at recess and each boy went back inside paired with a girl,1105 children were left on the playground now,contradiction,t_sub_036,mul-048
4408,There were 35 boys and 73 girls on the playground at recess and each boy went back inside paired with a girl,2555 children were left on the playground now,contradiction,t_sub_036,mul-043
4409,There were 72 boys and 19440 girls on the playground at recess and each boy went back inside paired with a girl,19772 children were left on the playground now,contradiction,t_sub_036,false-023
4410,There were 9917 boys and 10132 girls on the playground at recess and each boy went back inside paired with a girl,215 children were left on the playground now,entailment,t_sub_036,sub-078
4411,Isabella's hair is 4 inches long. She gets a haircut and now her hair is 5 inches long.,Isabella cut off 20 inches of her hair.,contradiction,t_sub_038,mul-005
4412,Isabella's hair is 46942 inches long. She gets a haircut and now her hair is 54572 inches long.,Isabella cut off 10154 inches of her hair.,contradiction,t_sub_038,false-097
4413,Isabella's hair is 3906 inches long. She gets a haircut and now her hair is 93 inches long.,Isabella cut off 42 inches of her hair.,contradiction,t_sub_038,div-059
4414,There are 1105 students in Mrs. Riley's class but she only has 13 pencils.,Mrs. Riley needs 85 more pencils.,contradiction,t_sub_039,div-048
4415,There are 10132 students in Mrs. Riley's class but she only has 9917 pencils.,Mrs. Riley needs 215 more pencils.,entailment,t_sub_039,sub-078
4416,Edward had $ 618. He spent some money. Now he has $ 19152.,Edward spent $19770.,contradiction,t_sub_041,add-054
4417,Edward had $ 9222. He spent some money. Now he has $ 20.,Edward spent $184440.,contradiction,t_sub_041,mul-098
4418,Edward had $ 9222. He spent some money. Now he has $ 20.,Edward spent $184440.,contradiction,t_sub_041,mul-098
4419,Edward had $ 60. He spent some money. Now he has $ 87.,Edward spent $147.,contradiction,t_sub_041,add-034
4420,612 birds were sitting in a tree. Some more fly up to the tree. Then there were 104 birds in the tree.,63648 more birds flew up to the tree.,contradiction,t_sub_044,mul-051
4421,Baker made 13940 cakes. His friend bought 85 cakes from him.,Baker would still have 164 cakes.,contradiction,t_sub_045,div-074
4422,Bobby had 3777 pieces of candy. He ate 75 pieces of candy.,Bobby still has 283275 pieces of candy left.,contradiction,t_sub_046,mul-091
4423,Bobby had 10000 pieces of candy. He ate 4 pieces of candy.,Bobby still has 2500 pieces of candy left.,contradiction,t_sub_046,div-072
4424,"Feeling sad about their loss on their first game, Chuck and his teammates were determined to win on their next match against the Yellow Team. They scored 39 points and the Yellow Team scored 71.",Their lead is 2781 points.,contradiction,t_sub_047,false-043
4425,"Feeling sad about their loss on their first game, Chuck and his teammates were determined to win on their next match against the Yellow Team. They scored 50760 points and the Yellow Team scored 6.",Their lead is 5070 points.,contradiction,t_sub_047,false-028
4426,"Feeling sad about their loss on their first game, Chuck and his teammates were determined to win on their next match against the Yellow Team. They scored 200 points and the Yellow Team scored 660.",Their lead is 132000 points.,contradiction,t_sub_047,mul-055
4427,"Feeling sad about their loss on their first game, Chuck and his teammates were determined to win on their next match against the Yellow Team. They scored 140 points and the Yellow Team scored 4.",Their lead is 35 points.,contradiction,t_sub_047,div-036
4428,"Feeling sad about their loss on their first game, Chuck and his teammates were determined to win on their next match against the Yellow Team. They scored 36934 points and the Yellow Team scored 59.",Their lead is 626 points.,contradiction,t_sub_047,div-080
4429,"Feeling sad about their loss on their first game, Chuck and his teammates were determined to win on their next match against the Yellow Team. They scored 626 points and the Yellow Team scored 59.",Their lead is 626 points.,contradiction,t_sub_047,false-050
4430,Sandy has 55 pet fish and her cat ate 5,Sandy has 11 now,contradiction,t_sub_052,div-022
4431,Sandy has 747 pet fish and her cat ate 47,Sandy has 77777 now,contradiction,t_sub_052,false-054
4432,Sandy has 41 pet fish and her cat ate 27,Sandy has 1177 now,contradiction,t_sub_052,false-040
4433,Sandy has 30296 pet fish and her cat ate 56,Sandy has 541 now,contradiction,t_sub_052,div-078
4434,Sandy has 62 pet fish and her cat ate 31,Sandy has 2 now,contradiction,t_sub_052,div-025
4435,"During Halloween, she was able to get a lot of candies from trick or treating. She decided to give away some of them to the homeless kids nearby. She has 69 candies and gave away 81.",She has 5589 candies left.,contradiction,t_sub_053,mul-042
4436,"During Halloween, she was able to get a lot of candies from trick or treating. She decided to give away some of them to the homeless kids nearby. She has 35304 candies and gave away 17386.",She has 18148 candies left.,contradiction,t_sub_053,false-074
4437,"During Halloween, she was able to get a lot of candies from trick or treating. She decided to give away some of them to the homeless kids nearby. She has 468 candies and gave away 13.",She has 39 candies left.,contradiction,t_sub_053,false-015
4438,"During Halloween, she was able to get a lot of candies from trick or treating. She decided to give away some of them to the homeless kids nearby. She has 39 candies and gave away 71.",She has 2769 candies left.,contradiction,t_sub_053,mul-029
4439,"During Halloween, she was able to get a lot of candies from trick or treating. She decided to give away some of them to the homeless kids nearby. She has 57897 candies and gave away 63.",She has 919 candies left.,contradiction,t_sub_053,div-088
4440,James had 25103 stickers. He got some more stickers for his birthday. Then he had 31926 stickers.,James got 6823 stickers for his birthday.,entailment,t_sub_055,sub-081
4441,"Alicia loves collecting art. She has a whole house filled with all the art she obtained since she was a little kid. When she decided to move away, she started donating some of her art to different museums. First museum she went to was the Metropolitan museum in New York. She donated 24 medieval art pieces from the 420 she originally has.",Alicia has 10080 medieval art pieces left.,contradiction,t_sub_056,mul-067
4442,"Alicia loves collecting art. She has a whole house filled with all the art she obtained since she was a little kid. When she decided to move away, she started donating some of her art to different museums. First museum she went to was the Metropolitan museum in New York. She donated 6 medieval art pieces from the 7 she originally has.",Alicia has 42 medieval art pieces left.,contradiction,t_sub_056,mul-011
4443,"Alicia loves collecting art. She has a whole house filled with all the art she obtained since she was a little kid. When she decided to move away, she started donating some of her art to different museums. First museum she went to was the Metropolitan museum in New York. She donated 47 medieval art pieces from the 80 she originally has.",Alicia has 3760 medieval art pieces left.,contradiction,t_sub_056,mul-046
4444,"Alicia loves collecting art. She has a whole house filled with all the art she obtained since she was a little kid. When she decided to move away, she started donating some of her art to different museums. First museum she went to was the Metropolitan museum in New York. She donated 33 medieval art pieces from the 11 she originally has.",Alicia has 363 medieval art pieces left.,contradiction,t_sub_056,mul-017
4445,"Alicia loves collecting art. She has a whole house filled with all the art she obtained since she was a little kid. When she decided to move away, she started donating some of her art to different museums. First museum she went to was the Metropolitan museum in New York. She donated 56 medieval art pieces from the 541 she originally has.",Alicia has 30296 medieval art pieces left.,contradiction,t_sub_056,mul-072
4446,"Alicia loves collecting art. She has a whole house filled with all the art she obtained since she was a little kid. When she decided to move away, she started donating some of her art to different museums. First museum she went to was the Metropolitan museum in New York. She donated 396 medieval art pieces from the 436 she originally has.",Alicia has 172656 medieval art pieces left.,contradiction,t_sub_056,mul-068
4447,"Alicia loves collecting art. She has a whole house filled with all the art she obtained since she was a little kid. When she decided to move away, she started donating some of her art to different museums. First museum she went to was the Metropolitan museum in New York. She donated 27 medieval art pieces from the 41 she originally has.",Alicia has 1177 medieval art pieces left.,contradiction,t_sub_056,false-040
4448,"Alicia loves collecting art. She has a whole house filled with all the art she obtained since she was a little kid. When she decided to move away, she started donating some of her art to different museums. First museum she went to was the Metropolitan museum in New York. She donated 5 medieval art pieces from the 55 she originally has.",Alicia has 13 medieval art pieces left.,contradiction,t_sub_056,false-006
4449,"Before his friends gave him more stamps, Simon initially had 8 stamps. He now has 30 stamps.",Simon received 24 stamps from his friends.,contradiction,t_sub_059,false-038
4450,"Before his friends gave him more stamps, Simon initially had 37919 stamps. He now has 73040 stamps.",Simon received 110959 stamps from his friends.,contradiction,t_sub_059,add-095
4451,There are 670 books on the shelf and Marta takes 169 books off the shelf,113230 books are on the shelf now,contradiction,t_sub_060,mul-077
4452,There are 5 books on the shelf and Marta takes 5 books off the shelf,55 books are on the shelf now,contradiction,t_sub_060,false-036
4453,There are 12 books on the shelf and Marta takes 3 books off the shelf,4 books are on the shelf now,contradiction,t_sub_060,div-008
4454,There are 10679 books on the shelf and Marta takes 7945 books off the shelf,2734 books are on the shelf now,entailment,t_sub_060,sub-079
4455,There are 6540 books on the shelf and Marta takes 60 books off the shelf,109 books are on the shelf now,contradiction,t_sub_060,div-063
4456,There are 350 books on the shelf and Marta takes 250 books off the shelf,87500 books are on the shelf now,contradiction,t_sub_060,mul-064
4457,There are 436 books on the shelf and Marta takes 396 books off the shelf,40 books are on the shelf now,entailment,t_sub_060,sub-042
4458,Nell collects baseball cards. She had 335 cards. She gave some of her cards to Jeff and now has 537 cards left.,Nell gave 17895 cards to Jeff.,contradiction,t_sub_061,false-048
4459,Nell collects baseball cards. She had 5220 cards. She gave some of her cards to Jeff and now has 87 cards left.,Nell gave 60 cards to Jeff.,contradiction,t_sub_061,div-060
4460,Nell collects baseball cards. She had 25 cards. She gave some of her cards to Jeff and now has 5 cards left.,Nell gave 125 cards to Jeff.,contradiction,t_sub_061,mul-025
4461,Nell collects baseball cards. She had 22 cards. She gave some of her cards to Jeff and now has 56 cards left.,Nell gave 1232 cards to Jeff.,contradiction,t_sub_061,mul-023
4462,Bryan has 41128 skittles. Ben has 776 M&M's.,Brian has 553 more skittles.,contradiction,t_sub_063,false-024
4463,Bryan has 333 skittles. Ben has 23 M&M's.,Brian has 7659 more skittles.,contradiction,t_sub_063,mul-061
4464,Bryan has 335 skittles. Ben has 537 M&M's.,Brian has 17895 more skittles.,contradiction,t_sub_063,false-048
4465,The sum of two numbers is 42. One of the numbers is 6.,The other number is 7.,contradiction,t_sub_065,div-018
4466,The sum of two numbers is 5587. One of the numbers is 1727.,The other number is 386.,contradiction,t_sub_065,false-067
4467,The sum of two numbers is 9222. One of the numbers is 20.,The other number is 9242.,contradiction,t_sub_065,add-082
4468,The sum of two numbers is 81. One of the numbers is 9.,The other number is 9.,contradiction,t_sub_065,div-028
4469,The sum of two numbers is 8977. One of the numbers is 5249.,The other number is 3648.,contradiction,t_sub_065,false-070
4470,Winter is almost here and most animals are migrating to warmer countries. There are 73040 bird families living near the mountain. 37919 bird families flew away for winter.,35121 bird families were left near the mountain.,entailment,t_sub_066,sub-089
4471,"Joe had 333 toy cars, and he gives away 23 cars",He will have 310 cars remaining,entailment,t_sub_068,sub-038
4472,"Joe had 87500 toy cars, and he gives away 250 cars",He will have 3500 cars remaining,contradiction,t_sub_068,false-035
4473,"Joe had 83 toy cars, and he gives away 35 cars",He will have 48 cars remaining,entailment,t_sub_068,sub-031
4474,"Joe had 8930 toy cars, and he gives away 2 cars",He will have 4465 cars remaining,contradiction,t_sub_068,div-069
4475,"Joe had 3588 toy cars, and he gives away 46 cars",He will have 78 cars remaining,contradiction,t_sub_068,div-058
4476,"Carl, on the other hand, was able to collect 2270 stamps which are 677 more than what Mark was able to collect.",Mark was able to collect 1593 stamps.,entailment,t_sub_070,sub-058
4477,"Carl, on the other hand, was able to collect 4 stamps which are 2 more than what Mark was able to collect.",Mark was able to collect 6 stamps.,contradiction,t_sub_070,add-008
4478,"Carl, on the other hand, was able to collect 10000 stamps which are 4 more than what Mark was able to collect.",Mark was able to collect 2500 stamps.,contradiction,t_sub_070,div-072
4479,"Carl, on the other hand, was able to collect 8 stamps which are 9 more than what Mark was able to collect.",Mark was able to collect 72 stamps.,contradiction,t_sub_070,mul-013
4480,"Carl, on the other hand, was able to collect 35 stamps which are 5 more than what Mark was able to collect.",Mark was able to collect 175 stamps.,contradiction,t_sub_070,mul-026
4481,Wendy bought 8656 inches of ribbon. She used 3533 inches to wrap presents.,Wendy had 5123 inches of ribbon left.,entailment,t_sub_071,sub-072
4482,Wendy bought 2793 inches of ribbon. She used 49 inches to wrap presents.,Wendy had 57 inches of ribbon left.,contradiction,t_sub_071,div-057
4483,Denise removes 6900 bananas from a jar and there were originally 4100 bananas in the jar,11400 bananas are left in the jar,contradiction,t_sub_074,false-090
4484,Denise removes 7126 bananas from a jar and there were originally 3225 bananas in the jar,10351 bananas are left in the jar,contradiction,t_sub_074,add-065
4485,Denise removes 4 bananas from a jar and there were originally 2500 bananas in the jar,10000 bananas are left in the jar,contradiction,t_sub_074,mul-087
4486,Daniel had 31926 noodles and he gave 25103 noodles to William,Daniel has 6823 noodles left,entailment,t_sub_075,sub-081
4487,Daniel had 8930 noodles and he gave 2 noodles to William,Daniel has 4465 noodles left,contradiction,t_sub_075,div-069
4488,Daniel had 288 noodles and he gave 16 noodles to William,Daniel has 16 noodles left,contradiction,t_sub_075,false-013
4489,Daniel had 49790 noodles and he gave 21709 noodles to William,Daniel has 28081 noodles left,entailment,t_sub_075,sub-083
4490,Daniel had 943 noodles and he gave 836 noodles to William,Daniel has 788348 noodles left,contradiction,t_sub_075,mul-084
4491,Each pack of dvds costs 9 dollars. There is a discount of 3 dollars on each pack.,You have to pay 12 dollars to buy each pack.,contradiction,t_sub_076,add-019
4492,Each pack of dvds costs 9924 dollars. There is a discount of 9280 dollars on each pack.,You have to pay 64 dollars to buy each pack.,contradiction,t_sub_076,false-072
4493,Each pack of dvds costs 1 dollars. There is a discount of 7 dollars on each pack.,You have to pay 8 dollars to buy each pack.,contradiction,t_sub_076,add-001
4494,Each pack of dvds costs 3 dollars. There is a discount of 3 dollars on each pack.,You have to pay 1 dollars to buy each pack.,contradiction,t_sub_076,div-001
4495,Each pack of dvds costs 934 dollars. There is a discount of 276 dollars on each pack.,You have to pay 257784 dollars to buy each pack.,contradiction,t_sub_076,mul-083
4496,"She also decided to contribute to the collection of the Museum of Natural History. After donating some of her bug collection, she was left with 64 bug species. She originally has 2865 bug species.",She donated 183360 bug species.,contradiction,t_sub_077,mul-090
4497,"She also decided to contribute to the collection of the Museum of Natural History. After donating some of her bug collection, she was left with 1 bug species. She originally has 8 bug species.",She donated 7 bug species.,entailment,t_sub_077,sub-006
4498,"She also decided to contribute to the collection of the Museum of Natural History. After donating some of her bug collection, she was left with 77 bug species. She originally has 26 bug species.",She donated 103 bug species.,contradiction,t_sub_077,add-029
4499,"She also decided to contribute to the collection of the Museum of Natural History. After donating some of her bug collection, she was left with 12886 bug species. She originally has 61226 bug species.",She donated 48340 bug species.,entailment,t_sub_077,sub-086
4500,"She also decided to contribute to the collection of the Museum of Natural History. After donating some of her bug collection, she was left with 98 bug species. She originally has 357 bug species.",She donated 259 bug species.,entailment,t_sub_077,sub-039
4501,"She also decided to contribute to the collection of the Museum of Natural History. After donating some of her bug collection, she was left with 1830 bug species. She originally has 2050 bug species.",She donated 3880 bug species.,contradiction,t_sub_077,add-062
4502,"Scott and Sam decided to sell their old comic books. They had 48 comic books altogether. After the sale, they only had 8 comic books.",Scott and Sam sold 12 comic books.,contradiction,t_sub_079,false-005
4503,"Scott and Sam decided to sell their old comic books. They had 997 comic books altogether. After the sale, they only had 68 comic books.",Scott and Sam sold 67796 comic books.,contradiction,t_sub_079,mul-086
4504,"On Tuesday, Mrs. Hilt saw 6000 raisins on a tray in the cafeteria. That was 32 more raisins than she saw the day before.",There were 192000 raisins on the table on Monday.,contradiction,t_sub_081,mul-095
4505,"On Tuesday, Mrs. Hilt saw 7857 raisins on a tray in the cafeteria. That was 81 more raisins than she saw the day before.",There were 81 raisins on the table on Monday.,contradiction,t_sub_081,false-020
4506,"For the frosting and final touches, Willie will need to have 125000 lbs. of whipped cream. He got 20000 lbs. of cream from his farm.",Willie needs 105000 more pounds of cream.,entailment,t_sub_084,sub-099
4507,Iesha has 136 books. 4 are about school and the rest are about sports.,Iesha has 34 books about sports.,contradiction,t_sub_086,div-034
4508,Iesha has 1250 books. 25 are about school and the rest are about sports.,Iesha has 1000 books about sports.,contradiction,t_sub_086,false-016
4509,Iesha has 60874 books. 44542 are about school and the rest are about sports.,Iesha has 105416 books about sports.,contradiction,t_sub_086,add-094
4510,Iesha has 574 books. 41 are about school and the rest are about sports.,Iesha has 14 books about sports.,contradiction,t_sub_086,div-047
4511,Sally had 6000 quarters in her bank  and she spent 32 of her quarters ,She has 19200 quarters now,contradiction,t_sub_088,false-059
4512,Sally had 4 quarters in her bank  and she spent 5 of her quarters ,She has 20 quarters now,contradiction,t_sub_088,mul-005
4513,Sally had 18 quarters in her bank  and she spent 16 of her quarters ,She has 2 quarters now,entailment,t_sub_088,sub-015
4514,Sally had 94374 quarters in her bank  and she spent 12842 of her quarters ,She has 81532 quarters now,entailment,t_sub_088,sub-096
4515,Sally had 333 quarters in her bank  and she spent 23 of her quarters ,She has 310 quarters now,entailment,t_sub_088,sub-038
4516,There was 59111 children taking a test and 58298 passed,117409 children had to sit it again,contradiction,t_sub_092,add-092
4517,There was 77148 children taking a test and 62935 passed,14213 children had to sit it again,entailment,t_sub_092,sub-091
4518,There was 41 children taking a test and 27 passed,117 children had to sit it again,contradiction,t_sub_092,false-041
4519,There were 288 pieces of candy in a jar. 16 pieces were red and the rest were blue.,16 pieces of candy were blue.,contradiction,t_sub_096,false-013
4520,There were 5301 pieces of candy in a jar. 57 pieces were red and the rest were blue.,933 pieces of candy were blue.,contradiction,t_sub_096,false-019
4521,"Before December, customers bought 26 ear muffs from the mall and During December, they bought 77 less earmuffs than before",301 earmuffs were sold in December,contradiction,t_sub_097,false-085
4522,"Before December, customers bought 35 ear muffs from the mall and During December, they bought 5 less earmuffs than before",7 earmuffs were sold in December,contradiction,t_sub_097,div-015
4523,"Before December, customers bought 363 ear muffs from the mall and During December, they bought 33 less earmuffs than before",11 earmuffs were sold in December,contradiction,t_sub_097,div-043
4524,"Before December, customers bought 7762 ear muffs from the mall and During December, they bought 1906 less earmuffs than before",9668 earmuffs were sold in December,contradiction,t_sub_097,add-080
4525,Lawrence county has 30 kids. During summer break 8 kids stay home and the rest go to camp.,A total of 24 kids go to the camp during the break.,contradiction,t_sub_099,false-038
4526,Mrs. Heine is buying Valentine's Day treats for her 27 dogs. She wants to buy them 41 heart biscuits each.,Mrs. Heine needs to buy 1177 biscuits.,contradiction,t_mul_000,false-040
4527,Mrs. Heine is buying Valentine's Day treats for her 64331 dogs. She wants to buy them 78312 heart biscuits each.,Mrs. Heine needs to buy 13981 biscuits.,contradiction,t_mul_000,sub-092
4528,Mrs. Heine is buying Valentine's Day treats for her 119 dogs. She wants to buy them 248 heart biscuits each.,Mrs. Heine needs to buy 29512 biscuits.,entailment,t_mul_000,mul-056
4529,Mrs. Heine is buying Valentine's Day treats for her 33 dogs. She wants to buy them 11 heart biscuits each.,Mrs. Heine needs to buy 44 biscuits.,contradiction,t_mul_000,add-021
4530,Mrs. Heine is buying Valentine's Day treats for her 59 dogs. She wants to buy them 36934 heart biscuits each.,Mrs. Heine needs to buy 626 biscuits.,contradiction,t_mul_000,div-080
4531,"There are 64237 children in the classroom, each student will get 73360 pencils.",The teacher will have to give out 133457 pencils,contradiction,t_mul_002,false-099
4532,"There are 6903 children in the classroom, each student will get 220 pencils.",The teacher will have to give out 6683 pencils,contradiction,t_mul_002,sub-066
4533,"There are 7857 children in the classroom, each student will get 81 pencils.",The teacher will have to give out 987 pencils,contradiction,t_mul_002,false-021
4534,"There are 62595 children in the classroom, each student will get 107 pencils.",The teacher will have to give out 585 pencils,contradiction,t_mul_002,div-090
4535,"There are 48 children in the classroom, each student will get 8 pencils.",The teacher will have to give out 6 pencils,contradiction,t_mul_002,div-019
4536,"There are 5 children in the classroom, each student will get 5 pencils.",The teacher will have to give out 55 pencils,contradiction,t_mul_002,false-036
4537,"There are 42 children in the classroom, each student will get 93 pencils.",The teacher will have to give out 135 pencils,contradiction,t_mul_002,add-031
4538,He also made some juice from fresh oranges. He used 623 oranges per glass of juice and he made 817 glasses of juice.,He used 194 oranges.,contradiction,t_mul_003,sub-050
4539,He also made some juice from fresh oranges. He used 740 oranges per glass of juice and he made 45880 glasses of juice.,He used 62 oranges.,contradiction,t_mul_003,div-084
4540,He also made some juice from fresh oranges. He used 32 oranges per glass of juice and he made 415 glasses of juice.,He used 383 oranges.,contradiction,t_mul_003,sub-040
4541,He also made some juice from fresh oranges. He used 46 oranges per glass of juice and he made 3588 glasses of juice.,He used 78 oranges.,contradiction,t_mul_003,div-058
4542,He also made some juice from fresh oranges. He used 17386 oranges per glass of juice and he made 35304 glasses of juice.,He used 17918 oranges.,contradiction,t_mul_003,sub-082
4543,He also made some juice from fresh oranges. He used 9 oranges per glass of juice and he made 126 glasses of juice.,He used 14 oranges.,contradiction,t_mul_003,div-032
4544,He also made some juice from fresh oranges. He used 5 oranges per glass of juice and he made 67 glasses of juice.,He used 335 oranges.,entailment,t_mul_003,mul-041
4545,Vanessa had to complete 4 pages of homework. Each page had 140 problems on it.,Vanessa had to complete 10 problems in total.,contradiction,t_mul_004,false-011
4546,Vanessa had to complete 59 pages of homework. Each page had 626 problems on it.,Vanessa had to complete 36934 problems in total.,entailment,t_mul_004,mul-076
4547,Vanessa had to complete 50745 pages of homework. Each page had 6494 problems on it.,Vanessa had to complete 57239 problems in total.,contradiction,t_mul_004,add-075
4548,Vanessa had to complete 883 pages of homework. Each page had 423 problems on it.,Vanessa had to complete 1306 problems in total.,contradiction,t_mul_004,add-047
4549,Vanessa had to complete 54572 pages of homework. Each page had 46942 problems on it.,Vanessa had to complete 10154 problems in total.,contradiction,t_mul_004,false-097
4550,Vanessa had to complete 2 pages of homework. Each page had 2 problems on it.,Vanessa had to complete 4 problems in total.,entailment,t_mul_004,mul-000
4551,Mrs. Hilt bought 8 pizzas. Each pizza had 2 slices.,Mrs. Hilt had 12 slices of pizza in total.,contradiction,t_mul_008,false-081
4552,Mrs. Hilt bought 9 pizzas. Each pizza had 126 slices.,Mrs. Hilt had 14 slices of pizza in total.,contradiction,t_mul_008,div-032
4553,Mrs. Hilt bought 57 pizzas. Each pizza had 166 slices.,Mrs. Hilt had 9462 slices of pizza in total.,entailment,t_mul_008,mul-054
4554,Mrs. Hilt bought 591 pizzas. Each pizza had 682 slices.,Mrs. Hilt had 403062 slices of pizza in total.,entailment,t_mul_008,mul-078
4555,Mrs. Hilt bought 500 pizzas. Each pizza had 600 slices.,Mrs. Hilt had 300000 slices of pizza in total.,entailment,t_mul_008,mul-075
4556,Mrs. Hilt bought 13 pizzas. Each pizza had 468 slices.,Mrs. Hilt had 36 slices of pizza in total.,contradiction,t_mul_008,div-045
4557,Andrew's 41128 friends decided to bring food as well. Each of them brought 776 slices of pizza.,They have 55 slices of pizza in total.,contradiction,t_mul_009,false-025
4558,Andrew's 60 friends decided to bring food as well. Each of them brought 87 slices of pizza.,They have 5220 slices of pizza in total.,entailment,t_mul_009,mul-036
4559,Andrew's 90000 friends decided to bring food as well. Each of them brought 95397 slices of pizza.,They have 185397 slices of pizza in total.,contradiction,t_mul_009,add-099
4560,Andrew's 456 friends decided to bring food as well. Each of them brought 6 slices of pizza.,They have 76 slices of pizza in total.,contradiction,t_mul_009,div-044
4561,At the back of the zoo is a mountain where the birds can roam free in a natural habitat. The children saw 3906 types of eagles living on each section of the mountain. The mountain has 93 sections.,They saw 42 types of eagles in total.,contradiction,t_mul_011,div-059
4562,At the back of the zoo is a mountain where the birds can roam free in a natural habitat. The children saw 29512 types of eagles living on each section of the mountain. The mountain has 119 sections.,They saw 248 types of eagles in total.,contradiction,t_mul_011,div-077
4563,"John is building a tree house to serve as his hideout whenever he wanted to spend some time alone with himself. The first thing he did is to gather some materials. For the pillars, he needs two sets of wood with different lengths. The first set of wood is 41 feet long and the second set is 14 times longer than the first set.",The second set of wood is 44 feet long.,contradiction,t_mul_012,false-083
4564,"John is building a tree house to serve as his hideout whenever he wanted to spend some time alone with himself. The first thing he did is to gather some materials. For the pillars, he needs two sets of wood with different lengths. The first set of wood is 8 feet long and the second set is 30 times longer than the first set.",The second set of wood is 24 feet long.,contradiction,t_mul_012,false-038
4565,"John is building a tree house to serve as his hideout whenever he wanted to spend some time alone with himself. The first thing he did is to gather some materials. For the pillars, he needs two sets of wood with different lengths. The first set of wood is 6 feet long and the second set is 42 times longer than the first set.",The second set of wood is 252 feet long.,entailment,t_mul_012,mul-033
4566,"John is building a tree house to serve as his hideout whenever he wanted to spend some time alone with himself. The first thing he did is to gather some materials. For the pillars, he needs two sets of wood with different lengths. The first set of wood is 9 feet long and the second set is 9 times longer than the first set.",The second set of wood is 81 feet long.,entailment,t_mul_012,mul-014
4567,"John is building a tree house to serve as his hideout whenever he wanted to spend some time alone with himself. The first thing he did is to gather some materials. For the pillars, he needs two sets of wood with different lengths. The first set of wood is 9 feet long and the second set is 49743 times longer than the first set.",The second set of wood is 5527 feet long.,contradiction,t_mul_012,div-086
4568,"John is building a tree house to serve as his hideout whenever he wanted to spend some time alone with himself. The first thing he did is to gather some materials. For the pillars, he needs two sets of wood with different lengths. The first set of wood is 27 feet long and the second set is 41 times longer than the first set.",The second set of wood is 117 feet long.,contradiction,t_mul_012,false-041
4569,"John is building a tree house to serve as his hideout whenever he wanted to spend some time alone with himself. The first thing he did is to gather some materials. For the pillars, he needs two sets of wood with different lengths. The first set of wood is 57 feet long and the second set is 5301 times longer than the first set.",The second set of wood is 93 feet long.,contradiction,t_mul_012,div-061
4570,Olivia's dad took her and some friends out to eat for her birthday. Each meal costs 600 dollars and her dad paid for 500 meals.,Olivia spent 300000 dollars.,entailment,t_mul_014,mul-075
4571,Olivia's dad took her and some friends out to eat for her birthday. Each meal costs 5587 dollars and her dad paid for 1727 meals.,Olivia spent 3860 dollars.,contradiction,t_mul_014,sub-063
4572,Olivia's dad took her and some friends out to eat for her birthday. Each meal costs 8 dollars and her dad paid for 9 meals.,Olivia spent 72 dollars.,entailment,t_mul_014,mul-013
4573,Olivia's dad took her and some friends out to eat for her birthday. Each meal costs 14 dollars and her dad paid for 41 meals.,Olivia spent 11 dollars.,contradiction,t_mul_014,false-082
4574,Olivia's dad took her and some friends out to eat for her birthday. Each meal costs 4087 dollars and her dad paid for 7337 meals.,Olivia spent 1424 dollars.,contradiction,t_mul_014,false-093
4575,Then he started to prepare the games. Each game takes 136 minutes to prepare and he prepared a total of 4 games.,It took Andrew 34 minutes to prepare all the games.,contradiction,t_mul_016,div-034
4576,Then he started to prepare the games. Each game takes 109 minutes to prepare and he prepared a total of 60 games.,It took Andrew 6540 minutes to prepare all the games.,entailment,t_mul_016,mul-052
4577,Then he started to prepare the games. Each game takes 84 minutes to prepare and he prepared a total of 14 games.,It took Andrew 6 minutes to prepare all the games.,contradiction,t_mul_016,div-029
4578,Tiffany was buying hand towels for her house. She bought 4 packs with each pack having 2 towels in it.,Tiffany bought 8 towels.,entailment,t_mul_017,mul-003
4579,Tiffany was buying hand towels for her house. She bought 200 packs with each pack having 660 towels in it.,Tiffany bought 132000 towels.,entailment,t_mul_017,mul-055
4580,Tiffany was buying hand towels for her house. She bought 48 packs with each pack having 8 towels in it.,Tiffany bought 12 towels.,contradiction,t_mul_017,false-005
4581,Tiffany was buying hand towels for her house. She bought 5587 packs with each pack having 1727 towels in it.,Tiffany bought 3860 towels.,contradiction,t_mul_017,sub-063
4582,Tiffany was buying hand towels for her house. She bought 9924 packs with each pack having 9280 towels in it.,Tiffany bought 644 towels.,contradiction,t_mul_017,sub-077
4583,Nancy has 3777 black balloons and Mary has 75 times more  black balloons than Nancy,Mary has 283275 black balloons now,entailment,t_mul_018,mul-091
4584,Nancy has 4149 black balloons and Mary has 9018 times more  black balloons than Nancy,Mary has 1316 black balloons now,contradiction,t_mul_018,false-094
4585,Nancy has 8977 black balloons and Mary has 5249 times more  black balloons than Nancy,Mary has 3278 black balloons now,contradiction,t_mul_018,false-071
4586,Another material that he needs is rope. He already has 6000 feet of rope and he needs additional ropes having 32 times the length of what he already have.,The additional rope should be 192000 feet long.,entailment,t_mul_020,mul-095
4587,Another material that he needs is rope. He already has 3777 feet of rope and he needs additional ropes having 75 times the length of what he already have.,The additional rope should be 283275 feet long.,entailment,t_mul_020,mul-091
4588,For the walls of the house John would use large planks of wood. Each plank needs 5249 pieces of nails to be secured and he would use 8977 planks.,John needs 3728 nails for the house wall.,contradiction,t_mul_021,sub-073
4589,"She also estimated the number of candies that she will receive from each block. She will receive around 35304 pieces of candies from every house, and there are 17386 houses in a block.",She will receive 18148 candies from each block.,contradiction,t_mul_023,false-074
4590,"She also estimated the number of candies that she will receive from each block. She will receive around 83 pieces of candies from every house, and there are 35 houses in a block.",She will receive 48 candies from each block.,contradiction,t_mul_023,sub-031
4591,"She also estimated the number of candies that she will receive from each block. She will receive around 7659 pieces of candies from every house, and there are 23 houses in a block.",She will receive 176157 candies from each block.,entailment,t_mul_023,mul-097
4592,"She also estimated the number of candies that she will receive from each block. She will receive around 75292 pieces of candies from every house, and there are 18823 houses in a block.",She will receive 56469 candies from each block.,contradiction,t_mul_023,sub-088
4593,A group of 240 friends were dressing as pirates for Halloween. Each costume cost 8 dollars.,They spent 30 dollars.,contradiction,t_mul_025,div-038
4594,A group of 248 friends were dressing as pirates for Halloween. Each costume cost 119 dollars.,They spent 29512 dollars.,entailment,t_mul_025,mul-056
4595,A group of 9 friends were dressing as pirates for Halloween. Each costume cost 2 dollars.,They spent 20 dollars.,contradiction,t_mul_025,false-061
4596,A group of 50760 friends were dressing as pirates for Halloween. Each costume cost 6 dollars.,They spent 8460 dollars.,contradiction,t_mul_025,div-087
4597,A group of 6 friends were dressing as pirates for Halloween. Each costume cost 3 dollars.,They spent 18 dollars.,entailment,t_mul_025,mul-012
4598,"Annie takes trick or treating seriously. So, days before Halloween, she makes sure that the details of her trick or treating are well planned. First, she wanted to find out the number of houses in her village. The village has 97 houses per block and has a total of 91665 blocks.",There are 945 houses in her village.,contradiction,t_mul_028,div-099
4599,"Annie takes trick or treating seriously. So, days before Halloween, she makes sure that the details of her trick or treating are well planned. First, she wanted to find out the number of houses in her village. The village has 3082 houses per block and has a total of 6868 blocks.",There are 3786 houses in her village.,contradiction,t_mul_028,sub-065
4600,"After resting, they decided to go for a swim. The depth of the water is 9924 times Dean's height and he stands at 9280 feet.",The water was 6464 feet deep.,contradiction,t_mul_032,false-073
4601,"After resting, they decided to go for a swim. The depth of the water is 490 times Dean's height and he stands at 90 feet.",The water was 400 feet deep.,contradiction,t_mul_032,sub-043
4602,"After resting, they decided to go for a swim. The depth of the water is 30 times Dean's height and he stands at 8 feet.",The water was 24 feet deep.,contradiction,t_mul_032,false-038
4603,"After resting, they decided to go for a swim. The depth of the water is 27 times Dean's height and he stands at 3 feet.",The water was 9 feet deep.,contradiction,t_mul_032,div-013
4604,"After resting, they decided to go for a swim. The depth of the water is 248 times Dean's height and he stands at 743 feet.",The water was 184264 feet deep.,entailment,t_mul_032,mul-057
4605,"After resting, they decided to go for a swim. The depth of the water is 3777 times Dean's height and he stands at 75 feet.",The water was 28275 feet deep.,contradiction,t_mul_032,false-056
4606,"After resting, they decided to go for a swim. The depth of the water is 3906 times Dean's height and he stands at 93 feet.",The water was 42 feet deep.,contradiction,t_mul_032,div-059
4607,"After resting, they decided to go for a swim. The depth of the water is 468 times Dean's height and he stands at 13 feet.",The water was 63 feet deep.,contradiction,t_mul_032,false-014
4608,Ben was also given 32 trays of eggs to examine. Each tray has 6000 eggs.,Ben examined 632000 eggs in total.,contradiction,t_mul_034,false-058
4609,Annie also planned the time she would spend going around the 1250 blocks in her village. She plans on spending just 25 minutes on each block.,It would take her 5 minutes to finish trick-or-treating.,contradiction,t_mul_036,false-017
4610,Annie also planned the time she would spend going around the 468 blocks in her village. She plans on spending just 13 minutes on each block.,It would take her 63 minutes to finish trick-or-treating.,contradiction,t_mul_036,false-014
4611,Annie also planned the time she would spend going around the 48 blocks in her village. She plans on spending just 8 minutes on each block.,It would take her 12 minutes to finish trick-or-treating.,contradiction,t_mul_036,false-005
4612,Annie also planned the time she would spend going around the 75000 blocks in her village. She plans on spending just 25000 minutes on each block.,It would take her 50000 minutes to finish trick-or-treating.,contradiction,t_mul_036,sub-087
4613,"Janet was practicing for a marathon. She practiced for 85 days, running 13 miles each day.",Janet ran 1105 miles altogether.,entailment,t_mul_037,mul-048
4614,"Janet was practicing for a marathon. She practiced for 2002 days, running 77 miles each day.",Janet ran 26 miles altogether.,contradiction,t_mul_037,div-052
4615,"Janet was practicing for a marathon. She practiced for 44100 days, running 90 miles each day.",Janet ran 490 miles altogether.,contradiction,t_mul_037,div-083
4616,"Janet was practicing for a marathon. She practiced for 53 days, running 776 miles each day.",Janet ran 876 miles altogether.,contradiction,t_mul_037,false-086
4617,"Janet was practicing for a marathon. She practiced for 997 days, running 68 miles each day.",Janet ran 67796 miles altogether.,entailment,t_mul_037,mul-086
4618,"Janet was practicing for a marathon. She practiced for 7857 days, running 81 miles each day.",Janet ran 987 miles altogether.,contradiction,t_mul_037,false-021
4619,Adam could fit 76 action figures on each shelf in his room. His room has could hold 6 action figures.,His room had a total of 70 shelves.,contradiction,t_mul_038,sub-027
4620,Adam could fit 8313 action figures on each shelf in his room. His room has could hold 51 action figures.,His room had a total of 163 shelves.,contradiction,t_mul_038,div-067
4621,Adam could fit 10 action figures on each shelf in his room. His room has could hold 3 action figures.,His room had a total of 7 shelves.,contradiction,t_mul_038,sub-009
4622,Adam could fit 363 action figures on each shelf in his room. His room has could hold 33 action figures.,His room had a total of 11 shelves.,contradiction,t_mul_038,div-043
4623,Amanda and her friends decided to go to an amusement park for the weekend. The nearest amusement park from their city is Super Fun-tastic Land. They cover a distance of 15 miles for every hour of travel and they travelled for 12 hours.,SFL is 3 miles away from the city.,contradiction,t_mul_040,sub-012
4624,Amanda and her friends decided to go to an amusement park for the weekend. The nearest amusement park from their city is Super Fun-tastic Land. They cover a distance of 35304 miles for every hour of travel and they travelled for 17386 hours.,SFL is 17819 miles away from the city.,contradiction,t_mul_040,false-075
4625,Amanda and her friends decided to go to an amusement park for the weekend. The nearest amusement park from their city is Super Fun-tastic Land. They cover a distance of 270 miles for every hour of travel and they travelled for 72 hours.,SFL is 19440 miles away from the city.,entailment,t_mul_040,mul-058
4626,Amanda and her friends decided to go to an amusement park for the weekend. The nearest amusement park from their city is Super Fun-tastic Land. They cover a distance of 53 miles for every hour of travel and they travelled for 776 hours.,SFL is 928 miles away from the city.,contradiction,t_mul_040,false-087
4627,Amanda and her friends decided to go to an amusement park for the weekend. The nearest amusement park from their city is Super Fun-tastic Land. They cover a distance of 4100 miles for every hour of travel and they travelled for 6900 hours.,SFL is 11400 miles away from the city.,contradiction,t_mul_040,false-090
4628,Amanda and her friends decided to go to an amusement park for the weekend. The nearest amusement park from their city is Super Fun-tastic Land. They cover a distance of 6494 miles for every hour of travel and they travelled for 50745 hours.,SFL is 57239 miles away from the city.,contradiction,t_mul_040,add-075
4629,The Ferris wheel in Paradise Park has 63 seats. Each seat can hold 9 people.,The Ferris wheel can accommodate 7 people at the same time.,contradiction,t_mul_041,div-026
4630,The Ferris wheel in Paradise Park has 2255 seats. Each seat can hold 548 people.,The Ferris wheel can accommodate 2803 people at the same time.,contradiction,t_mul_041,add-063
4631,The Ferris wheel in Paradise Park has 7195 seats. Each seat can hold 713 people.,The Ferris wheel can accommodate 6482 people at the same time.,contradiction,t_mul_041,sub-068
4632,The Ferris wheel in Paradise Park has 747 seats. Each seat can hold 47 people.,The Ferris wheel can accommodate 77777 people at the same time.,contradiction,t_mul_041,false-054
4633,In Haley's class 670 are boys who love to play marbles. Haley gives 169 marbles to each boy.,Haley had 113230 marbles.,entailment,t_mul_043,mul-077
4634,In Haley's class 12 are boys who love to play marbles. Haley gives 11 marbles to each boy.,Haley had 132 marbles.,entailment,t_mul_043,mul-019
4635,In Haley's class 6540 are boys who love to play marbles. Haley gives 60 marbles to each boy.,Haley had 109 marbles.,contradiction,t_mul_043,div-063
4636,In Haley's class 42 are boys who love to play marbles. Haley gives 6 marbles to each boy.,Haley had 7 marbles.,contradiction,t_mul_043,div-018
4637,In Haley's class 7654 are boys who love to play marbles. Haley gives 6967 marbles to each boy.,Haley had 14621 marbles.,contradiction,t_mul_043,add-079
4638,In Haley's class 18 are boys who love to play marbles. Haley gives 5 marbles to each boy.,Haley had 90 marbles.,entailment,t_mul_043,mul-016
4639,In Haley's class 10 are boys who love to play marbles. Haley gives 3 marbles to each boy.,Haley had 30 marbles.,entailment,t_mul_043,mul-015
4640,It usually takes Stanley 333 hours to go around his two favorite places. He took 23 times longer than the usual.,Stanley took 7659 hours to go around the places this time.,entailment,t_mul_044,mul-061
4641,It usually takes Stanley 992 hours to go around his two favorite places. He took 845 times longer than the usual.,Stanley took 838240 hours to go around the places this time.,entailment,t_mul_044,mul-085
4642,It usually takes Stanley 335 hours to go around his two favorite places. He took 537 times longer than the usual.,Stanley took 17989 hours to go around the places this time.,contradiction,t_mul_044,false-049
4643,"Dean knew that they are going to stay at the beach for a while, so he brought 87500 sets of clothes for every week of their stay. Dean is staying for 250 weeks there.",Dean brought 3500 sets of clothes in total.,contradiction,t_mul_045,false-035
4644,A mailman has to give 68 pieces of junk mail to each house in each block. There are 997 houses on a block.,67796 pieces of junk mail should be given in each block.,entailment,t_mul_049,mul-086
4645,A mailman has to give 6900 pieces of junk mail to each house in each block. There are 4100 houses on a block.,11400 pieces of junk mail should be given in each block.,contradiction,t_mul_049,false-090
4646,A mailman has to give 5 pieces of junk mail to each house in each block. There are 5 houses on a block.,55 pieces of junk mail should be given in each block.,contradiction,t_mul_049,false-036
4647,5 cars with 18 people each are going to the zoo.,13 people are going to the zoo,contradiction,t_mul_051,sub-014
4648,3 cars with 4 people each are going to the zoo.,12 people are going to the zoo,entailment,t_mul_051,mul-004
4649,22 cars with 9086 people each are going to the zoo.,9108 people are going to the zoo,contradiction,t_mul_051,add-072
4650,16 cars with 288 people each are going to the zoo.,18 people are going to the zoo,contradiction,t_mul_051,div-040
4651,8 cars with 17 people each are going to the zoo.,10 people are going to the zoo,contradiction,t_mul_051,false-062
4652,"Tyler, an animal rights advocate, decided to build his own animal sanctuary to protect different animals from poachers. The sanctuary was divided into different regions. The first region to be built was a bird sanctuary. Initially, he had 42 endangered bird species on that region. Each species has 93 pairs of birds.",Tyler has a total of 3906 pairs.,entailment,t_mul_053,mul-031
4653,"Tyler, an animal rights advocate, decided to build his own animal sanctuary to protect different animals from poachers. The sanctuary was divided into different regions. The first region to be built was a bird sanctuary. Initially, he had 86200 endangered bird species on that region. Each species has 11730 pairs of birds.",Tyler has a total of 97930 pairs.,contradiction,t_mul_053,add-098
4654,"There are 4149 bottle caps in every box of Beverly's bottle cap collection, and the bottle caps are organized into 9018 boxes",1316 bottle caps are there in total,contradiction,t_mul_055,false-094
4655,"There are 6000 bottle caps in every box of Beverly's bottle cap collection, and the bottle caps are organized into 32 boxes",19200 bottle caps are there in total,contradiction,t_mul_055,false-059
4656,"When relatives visit Haley and her family, she and her cousins do origami and she gives 62595 origami papers to every 1 of her 107 cousins",She has given away 585 papers,contradiction,t_mul_059,div-090
4657,"When relatives visit Haley and her family, she and her cousins do origami and she gives 8977 origami papers to every 1 of her 5249 cousins",She has given away 3278 papers,contradiction,t_mul_059,false-071
4658,Ben was asked to count the number of cows that they have. He saw that there are a total of 75000 cows for every cow herd. There are 25000 cow herds in the farm.,There are 3 cows in total.,contradiction,t_mul_063,div-096
4659,Ben was asked to count the number of cows that they have. He saw that there are a total of 2040 cows for every cow herd. There are 2040 cow herds in the farm.,There are 1 cows in total.,contradiction,t_mul_063,div-053
4660,Shirley sold 1057 cases of boxes of trefoils. Each case has 181 boxes.,Shirley needs to deliver 876 boxes of trefoils.,contradiction,t_mul_065,sub-055
4661,Shirley sold 6903 cases of boxes of trefoils. Each case has 220 boxes.,Shirley needs to deliver 7123 boxes of trefoils.,contradiction,t_mul_065,add-076
4662,Third-grade students went to a concert in 4 buses. Each bus took 136 students.,34 students went to the concert.,contradiction,t_mul_066,div-034
4663,Third-grade students went to a concert in 1 buses. Each bus took 1 students.,1 students went to the concert.,contradiction,t_mul_066,div-000
4664,Third-grade students went to a concert in 250 buses. Each bus took 350 students.,87500 students went to the concert.,entailment,t_mul_066,mul-064
4665,Third-grade students went to a concert in 12842 buses. Each bus took 94374 students.,81532 students went to the concert.,contradiction,t_mul_066,sub-096
4666,Third-grade students went to a concert in 9280 buses. Each bus took 9924 students.,64 students went to the concert.,contradiction,t_mul_066,false-072
4667,Third-grade students went to a concert in 18823 buses. Each bus took 75292 students.,4 students went to the concert.,contradiction,t_mul_066,div-097
4668,Third-grade students went to a concert in 87 buses. Each bus took 5220 students.,60 students went to the concert.,contradiction,t_mul_066,div-060
4669,He then went to see the oranges being harvested. He found out that they harvest 62 sacks and that each sack containes 2 oranges.,They harvest a total of 31 oranges.,contradiction,t_mul_069,div-024
4670,He then went to see the oranges being harvested. He found out that they harvest 2400 sacks and that each sack containes 1600 oranges.,They harvest a total of 800 oranges.,contradiction,t_mul_069,sub-059
4671,He then went to see the oranges being harvested. He found out that they harvest 456 sacks and that each sack containes 6 oranges.,They harvest a total of 76 oranges.,contradiction,t_mul_069,div-044
4672,He then went to see the oranges being harvested. He found out that they harvest 7659 sacks and that each sack containes 23 oranges.,They harvest a total of 333 oranges.,contradiction,t_mul_069,div-065
4673,He then went to see the oranges being harvested. He found out that they harvest 93 sacks and that each sack containes 57 oranges.,They harvest a total of 36 oranges.,contradiction,t_mul_069,sub-032
4674,He then went to see the oranges being harvested. He found out that they harvest 270 sacks and that each sack containes 72 oranges.,They harvest a total of 19440 oranges.,entailment,t_mul_069,mul-058
4675,He then went to see the oranges being harvested. He found out that they harvest 123456 sacks and that each sack containes 56789 oranges.,They harvest a total of 12345 oranges.,contradiction,t_mul_069,false-078
4676,He then went to see the oranges being harvested. He found out that they harvest 48 sacks and that each sack containes 8 oranges.,They harvest a total of 6 oranges.,contradiction,t_mul_069,div-019
4677,He then went to see the oranges being harvested. He found out that they harvest 7 sacks and that each sack containes 1 oranges.,They harvest a total of 6 oranges.,contradiction,t_mul_069,sub-003
4678,Mrs. Hilt saw 992 bees in the hive. The next day she saw 845 times that many.,Mrs. Hilt saw 838240 bees on the second day.,entailment,t_mul_073,mul-085
4679,Mrs. Hilt saw 36934 bees in the hive. The next day she saw 59 times that many.,Mrs. Hilt saw 626 bees on the second day.,contradiction,t_mul_073,div-080
4680,Mrs. Hilt saw 5587 bees in the hive. The next day she saw 1727 times that many.,Mrs. Hilt saw 386 bees on the second day.,contradiction,t_mul_073,false-067
4681,Paige was helping her mom plant flowers and together they planted some seeds. They put 12 seeds in each flower bed. There are 180 flowerbeds.,They planted 15 seeds.,contradiction,t_mul_075,div-037
4682,Paige was helping her mom plant flowers and together they planted some seeds. They put 3 seeds in each flower bed. There are 12 flowerbeds.,They planted 14 seeds.,contradiction,t_mul_075,false-001
4683,Paige was helping her mom plant flowers and together they planted some seeds. They put 47 seeds in each flower bed. There are 35109 flowerbeds.,They planted 747 seeds.,contradiction,t_mul_075,div-079
4684,Paige was helping her mom plant flowers and together they planted some seeds. They put 679 seeds in each flower bed. There are 465 flowerbeds.,They planted 315735 seeds.,entailment,t_mul_075,mul-069
4685,Bryan took a look at his books as well. He has 166 books in each of his 57 bookshelves.,Bryan has 9462 books.,entailment,t_mul_077,mul-054
4686,Both of them were also asked to take note of the total number of chicken in the farm. Ben counted a total of 762 chicken coops and Daniel said that there are 546 chickens in one coop.,They have 1308 chickens in total.,contradiction,t_mul_079,add-050
4687,Both of them were also asked to take note of the total number of chicken in the farm. Ben counted a total of 3560 chicken coops and Daniel said that there are 76666 chickens in one coop.,They have 73106 chickens in total.,contradiction,t_mul_079,sub-090
4688,Both of them were also asked to take note of the total number of chicken in the farm. Ben counted a total of 90 chicken coops and Daniel said that there are 44100 chickens in one coop.,They have 90 chickens in total.,contradiction,t_mul_079,false-026
4689,Both of them were also asked to take note of the total number of chicken in the farm. Ben counted a total of 260 chicken coops and Daniel said that there are 7020 chickens in one coop.,They have 7280 chickens in total.,contradiction,t_mul_079,add-077
4690,Both of them were also asked to take note of the total number of chicken in the farm. Ben counted a total of 3560 chicken coops and Daniel said that there are 76666 chickens in one coop.,They have 73106 chickens in total.,contradiction,t_mul_079,sub-090
4691,Both of them were also asked to take note of the total number of chicken in the farm. Ben counted a total of 77 chicken coops and Daniel said that there are 26 chickens in one coop.,They have 99 chickens in total.,contradiction,t_mul_079,false-084
4692,"5220 people are going to the zoo, and there are 87 tasty sandwiches made ready for each person's lunch.",60 sandwiches are prepared in total,contradiction,t_mul_081,div-060
4693,"14 people are going to the zoo, and there are 41 tasty sandwiches made ready for each person's lunch.",44 sandwiches are prepared in total,contradiction,t_mul_081,false-083
4694,"42 people are going to the zoo, and there are 3 tasty sandwiches made ready for each person's lunch.",14 sandwiches are prepared in total,contradiction,t_mul_081,div-017
4695,"17 people are going to the zoo, and there are 8 tasty sandwiches made ready for each person's lunch.",10 sandwiches are prepared in total,contradiction,t_mul_081,false-062
4696,"329 people are going to the zoo, and there are 7 tasty sandwiches made ready for each person's lunch.",47 sandwiches are prepared in total,contradiction,t_mul_081,div-042
4697,"4087 people are going to the zoo, and there are 7337 tasty sandwiches made ready for each person's lunch.",1124 sandwiches are prepared in total,contradiction,t_mul_081,false-092
4698,Frank had some pieces of candy. He put them into 9 bags with 63 pieces in each bag.,Frank has 54 pieces of candy.,contradiction,t_mul_082,sub-030
4699,Frank had some pieces of candy. He put them into 3 bags with 12 pieces in each bag.,Frank has 4 pieces of candy.,contradiction,t_mul_082,div-008
4700,Frank had some pieces of candy. He put them into 4 bags with 136 pieces in each bag.,Frank has 34 pieces of candy.,contradiction,t_mul_082,div-034
4701,There were 2050 book shelves. Each book shelf had 1830 books.,There were 3880 books on the shelves.,contradiction,t_mul_086,add-062
4702,There were 919 book shelves. Each book shelf had 63 books.,There were 57897 books on the shelves.,entailment,t_mul_086,mul-082
4703,There were 41 book shelves. Each book shelf had 27 books.,There were 117 books on the shelves.,contradiction,t_mul_086,false-041
4704,"Determined to have fun, they travelled to the next amusement park, HappyLand. They cover a distance of 65876 feet for every minute of travel and they travelled for 86 minutes.",HappyLand is 766 feet away from SFL.,contradiction,t_mul_089,div-092
4705,"Determined to have fun, they travelled to the next amusement park, HappyLand. They cover a distance of 4087 feet for every minute of travel and they travelled for 7337 minutes.",HappyLand is 1124 feet away from SFL.,contradiction,t_mul_089,false-092
4706,"Determined to have fun, they travelled to the next amusement park, HappyLand. They cover a distance of 8460 feet for every minute of travel and they travelled for 6 minutes.",HappyLand is 50760 feet away from SFL.,entailment,t_mul_089,mul-096
4707,There are 329 fishbowls. Each fishbowl has 7 fish.,There are 47 fish.,contradiction,t_mul_092,div-042
4708,There are 7654 fishbowls. Each fishbowl has 6967 fish.,There are 687 fish.,contradiction,t_mul_092,sub-070
4709,Lisa took a plane trip of 560 miles and she took this trip 632 times,She has flown 112 miles,contradiction,t_mul_095,false-089
4710,Emily collected eggs from the hen and put them into 31926 baskets. She put 25103 eggs into each basket.,Emily collected 6823 eggs.,contradiction,t_mul_096,sub-081
4711,Emily collected eggs from the hen and put them into 3225 baskets. She put 7126 eggs into each basket.,Emily collected 10351 eggs.,contradiction,t_mul_096,add-065
4712,Emily collected eggs from the hen and put them into 25 baskets. She put 5 eggs into each basket.,Emily collected 20 eggs.,contradiction,t_mul_096,sub-016
4713,Emily collected eggs from the hen and put them into 123456 baskets. She put 56789 eggs into each basket.,Emily collected 12345 eggs.,contradiction,t_mul_096,false-078
4714,Emily collected eggs from the hen and put them into 6903 baskets. She put 220 eggs into each basket.,Emily collected 6683 eggs.,contradiction,t_mul_096,sub-066
4715,Frank was reading through his favorite book. He read 3 pages per day and it took him 6 days to finish the book.,The book has 3 pages.,contradiction,t_mul_097,sub-001
4716,Frank was reading through his favorite book. He read 58298 pages per day and it took him 59111 days to finish the book.,The book has 117409 pages.,contradiction,t_mul_097,add-092
4717,Frank was reading through his favorite book. He read 20 pages per day and it took him 9222 days to finish the book.,The book has 184440 pages.,entailment,t_mul_097,mul-098
4718,Frank was reading through his favorite book. He read 9 pages per day and it took him 81 days to finish the book.,The book has 729 pages.,entailment,t_mul_097,mul-050
4719,Frank was reading through his favorite book. He read 16 pages per day and it took him 288 days to finish the book.,The book has 18 pages.,contradiction,t_mul_097,div-040
4720,There are 200 pots. Each pot has 660 flowers in it.,There are 860 flowers in all.,contradiction,t_mul_098,add-044
4721,There are 560 pots. Each pot has 632 flowers in it.,There are 1882 flowers in all.,contradiction,t_mul_098,false-088
4722,There are 626 pots. Each pot has 59 flowers in it.,There are 62659 flowers in all.,contradiction,t_mul_098,false-051
4723,There are 4100 pots. Each pot has 6900 flowers in it.,There are 11400 flowers in all.,contradiction,t_mul_098,false-090
4724,There are 919 pots. Each pot has 63 flowers in it.,There are 57897 flowers in all.,entailment,t_mul_098,mul-082
4725,There are 5301 pots. Each pot has 57 flowers in it.,There are 53 flowers in all.,contradiction,t_mul_098,false-018
4726,There are 31926 pots. Each pot has 25103 flowers in it.,There are 57029 flowers in all.,contradiction,t_mul_098,add-086
4727,Philip has 200 bottle caps stored in boxes. The are 625 boxes.,Each box must contain 825 bottle cap.,contradiction,t_div_000,add-043
4728,Philip has 1057 bottle caps stored in boxes. The are 181 boxes.,Each box must contain 876 bottle cap.,contradiction,t_div_000,sub-055
4729,Philip has 2500 bottle caps stored in boxes. The are 4 boxes.,Each box must contain 10000 bottle cap.,contradiction,t_div_000,mul-087
4730,Philip has 5527 bottle caps stored in boxes. The are 9 boxes.,Each box must contain 49743 bottle cap.,contradiction,t_div_000,mul-094
4731,An industrial machine can make 7 shirts per minute. It made 70000 shirts in all.,The machine worked for 77000 minutes.,contradiction,t_div_003,false-033
4732,An industrial machine can make 5 shirts per minute. It made 35 shirts in all.,The machine worked for 7 minutes.,entailment,t_div_003,div-015
4733,An industrial machine can make 500 shirts per minute. It made 600 shirts in all.,The machine worked for 100 minutes.,contradiction,t_div_003,sub-045
4734,Jesse needs a carpet of size 10 square feet to cover her room. Her room is 3 feet long.,The width of her room is 30 feet.,contradiction,t_div_004,mul-015
4735,Jesse needs a carpet of size 62 square feet to cover her room. Her room is 2 feet long.,The width of her room is 31 feet.,entailment,t_div_004,div-024
4736,Jesse needs a carpet of size 90 square feet to cover her room. Her room is 5 feet long.,The width of her room is 18 feet.,entailment,t_div_004,div-030
4737,Jesse needs a carpet of size 248 square feet to cover her room. Her room is 743 feet long.,The width of her room is 248743 feet.,contradiction,t_div_004,false-052
4738,Jesse needs a carpet of size 2500 square feet to cover her room. Her room is 4 feet long.,The width of her room is 625 feet.,entailment,t_div_004,div-054
4739,Jesse needs a carpet of size 2769 square feet to cover her room. Her room is 71 feet long.,The width of her room is 39 feet.,entailment,t_div_004,div-056
4740,Jesse needs a carpet of size 62 square feet to cover her room. Her room is 2 feet long.,The width of her room is 31 feet.,entailment,t_div_004,div-024
4741,Emily is making bead necklaces for her friends. Each necklace takes 37919 beads and she has 73040 beads.,Emily can make 35121 necklaces.,contradiction,t_div_007,sub-089
4742,Emily is making bead necklaces for her friends. Each necklace takes 632 beads and she has 560 beads.,Emily can make 112 necklaces.,contradiction,t_div_007,false-089
4743,Emily is making bead necklaces for her friends. Each necklace takes 87 beads and she has 27492 beads.,Emily can make 316 necklaces.,entailment,t_div_007,div-076
4744,Emily is making bead necklaces for her friends. Each necklace takes 35356 beads and she has 92614 beads.,Emily can make 57258 necklaces.,contradiction,t_div_007,sub-095
4745,There are 287 marbles in Phyllis's marble collection. The marbles are organized into 7 groups.,Each group has 41 marbles.,entailment,t_div_010,div-039
4746,There are 14 marbles in Phyllis's marble collection. The marbles are organized into 7 groups.,Each group has 2 marbles.,entailment,t_div_010,div-009
4747,There are 87500 marbles in Phyllis's marble collection. The marbles are organized into 250 groups.,Each group has 250 marbles.,contradiction,t_div_010,false-034
4748,There are 37113 marbles in Phyllis's marble collection. The marbles are organized into 417 groups.,Each group has 89 marbles.,entailment,t_div_010,div-081
4749,There are 490 marbles in Phyllis's marble collection. The marbles are organized into 90 groups.,Each group has 44100 marbles.,contradiction,t_div_010,mul-070
4750,Emily is making bead necklaces for her friends. She was able to make 73360 necklaces and she had 64237 beads.,Each necklace needed 73360 beads.,contradiction,t_div_013,false-098
4751,Emily is making bead necklaces for her friends. She was able to make 19152 necklaces and she had 618 beads.,Each necklace needed 19770 beads.,contradiction,t_div_013,add-054
4752,Emily is making bead necklaces for her friends. She was able to make 8911 necklaces and she had 5406 beads.,Each necklace needed 14317 beads.,contradiction,t_div_013,add-073
4753,Emily is making bead necklaces for her friends. She was able to make 17386 necklaces and she had 35304 beads.,Each necklace needed 17819 beads.,contradiction,t_div_013,false-075
4754,White t - shirts can be purchased in packages of 44542. Mom buys 60874 white t - shirts.,Mom will have 16332 packages.,contradiction,t_div_016,sub-085
4755,White t - shirts can be purchased in packages of 35356. Mom buys 92614 white t - shirts.,Mom will have 63598 packages.,contradiction,t_div_016,false-076
4756,White t - shirts can be purchased in packages of 87. Mom buys 316 white t - shirts.,Mom will have 27492 packages.,contradiction,t_div_016,mul-060
4757,White t - shirts can be purchased in packages of 25. Mom buys 1250 white t - shirts.,Mom will have 5 packages.,contradiction,t_div_016,false-017
4758,White t - shirts can be purchased in packages of 47. Mom buys 747 white t - shirts.,Mom will have 77777 packages.,contradiction,t_div_016,false-054
4759,White t - shirts can be purchased in packages of 47. Mom buys 747 white t - shirts.,Mom will have 49947 packages.,contradiction,t_div_016,false-055
4760,White t - shirts can be purchased in packages of 68. Mom buys 67796 white t - shirts.,Mom will have 997 packages.,entailment,t_div_016,div-093
4761,White t - shirts can be purchased in packages of 2040. Mom buys 2040 white t - shirts.,Mom will have 1 packages.,entailment,t_div_016,div-053
4762,Teresa jogged 9 kilometers at 2 kilometers per hour,Teresa jogged for 20 hours,contradiction,t_div_019,false-061
4763,Teresa jogged 30 kilometers at 8 kilometers per hour,Teresa jogged for 24 hours,contradiction,t_div_019,false-038
4764,Teresa jogged 4149 kilometers at 9018 kilometers per hour,Teresa jogged for 16137 hours,contradiction,t_div_019,false-095
4765,Teresa jogged 350 kilometers at 250 kilometers per hour,Teresa jogged for 100 hours,contradiction,t_div_019,sub-049
4766,A mailman has to give 62 pieces of junk mail to each block. He gives 31 mails to each house in a block.,Each block has 2 houses.,entailment,t_div_020,div-025
4767,A mailman has to give 6494 pieces of junk mail to each block. He gives 50745 mails to each house in a block.,Each block has 57239 houses.,contradiction,t_div_020,add-075
4768,There are 560 pencils in Frances's pencil collection. The pencils are organized into 632 groups.,Each group has 112 pencils.,contradiction,t_div_022,false-089
4769,"They decided to hold the party in their backyard. They have 68 sets of tables, each having the same number of chairs. There are a total of 67796 chairs in the backyard.",Each table has 997 chairs.,entailment,t_div_024,div-093
4770,"They decided to hold the party in their backyard. They have 776 sets of tables, each having the same number of chairs. There are a total of 53 chairs in the backyard.",Each table has 928 chairs.,contradiction,t_div_024,false-087
4771,"They decided to hold the party in their backyard. They have 500 sets of tables, each having the same number of chairs. There are a total of 600 chairs in the backyard.",Each table has 100 chairs.,contradiction,t_div_024,sub-045
4772,"They decided to hold the party in their backyard. They have 4 sets of tables, each having the same number of chairs. There are a total of 10000 chairs in the backyard.",Each table has 2500 chairs.,entailment,t_div_024,div-072
4773,"They decided to hold the party in their backyard. They have 25 sets of tables, each having the same number of chairs. There are a total of 50 chairs in the backyard.",Each table has 2 chairs.,entailment,t_div_024,div-020
4774,Faye was placing 12 pencils into rows with 3 pencils in each row.,Faye could make 4 rows.,entailment,t_div_025,div-008
4775,Faye was placing 80 pencils into rows with 47 pencils in each row.,Faye could make 3760 rows.,contradiction,t_div_025,mul-046
4776,Faye was placing 7020 pencils into rows with 260 pencils in each row.,Faye could make 27 rows.,entailment,t_div_025,div-064
4777,Faye was placing 42 pencils into rows with 93 pencils in each row.,Faye could make 3906 rows.,contradiction,t_div_025,mul-031
4778,A mailman gives 1906 junk mails to each house in a block. The mailman has to give 7762 pieces of junk mail to each block.,There are 5856 houses in a block.,contradiction,t_div_030,sub-071
4779,If each bag has 1 cookies and you had 8 cookies in total.,You have 8 bags of cookies.,entailment,t_div_031,div-005
4780,Melissa scored a total of 17 points in 8 games scoring the same for each game.,Melissa scored 17 points in each game.,contradiction,t_div_036,false-063
4781,Melissa scored a total of 19440 points in 72 games scoring the same for each game.,Melissa scored 19772 points in each game.,contradiction,t_div_036,false-023
4782,Beside the pile of clean white paper was a stack of 83 sheets of used paper. She wants to place it in boxes for recycling. Every box can contain 35 sheets.,She needs 2905 boxes.,contradiction,t_div_038,mul-047
4783,Beside the pile of clean white paper was a stack of 80 sheets of used paper. She wants to place it in boxes for recycling. Every box can contain 47 sheets.,She needs 33 boxes.,contradiction,t_div_038,sub-029
4784,Beside the pile of clean white paper was a stack of 69 sheets of used paper. She wants to place it in boxes for recycling. Every box can contain 81 sheets.,She needs 5859 boxes.,contradiction,t_div_038,false-045
4785,Frank put some pieces of candy equally into 77 bags. He had 26 pieces of candy.,There are 103 pieces of candy in each bag.,contradiction,t_div_039,add-029
4786,Mike has 549 action figures he wants to display. Each shelf in his room can hold 9 figures.,Mike needs 61 shelves.,entailment,t_div_040,div-046
4787,Mike has 63 action figures he wants to display. Each shelf in his room can hold 9 figures.,Mike needs 7 shelves.,entailment,t_div_040,div-026
4788,While playing basketball Team A scored 27492 points. Each person scored 87 points.,316 people were playing.,entailment,t_div_041,div-076
4789,While playing basketball Team A scored 46942 points. Each person scored 54572 points.,10154 people were playing.,contradiction,t_div_041,false-097
4790,Shiela has 85 neighbors who like to collect animal drawings. Shiela has a talent for drawing and so she drew 164 animals on small pieces of paper. She plans to give the same number of animal drawings to her neighbors.,Each of them will receive 14590 animals.,contradiction,t_div_043,false-047
4791,Shiela has 81 neighbors who like to collect animal drawings. Shiela has a talent for drawing and so she drew 69 animals on small pieces of paper. She plans to give the same number of animal drawings to her neighbors.,Each of them will receive 5589 animals.,contradiction,t_div_043,mul-042
4792,Paige was helping her mom plant flowers and together they planted 57897 seeds. They put 63 seeds in each flower bed.,They had 919 flower beds.,entailment,t_div_044,div-088
4793,Betty also bought 62 shiny blue round stones. 31 pieces of this stone is in each bracelet.,There will be 2 bracelets of blue shiny round stones.,entailment,t_div_048,div-025
4794,Betty also bought 2400 shiny blue round stones. 1600 pieces of this stone is in each bracelet.,There will be 400 bracelets of blue shiny round stones.,contradiction,t_div_048,false-065
4795,Betty also bought 4 shiny blue round stones. 3 pieces of this stone is in each bracelet.,There will be 12 bracelets of blue shiny round stones.,contradiction,t_div_048,mul-004
4796,Betty also bought 468 shiny blue round stones. 13 pieces of this stone is in each bracelet.,There will be 63 bracelets of blue shiny round stones.,contradiction,t_div_048,false-014
4797,The bananas in Philip's collection are organized into groups of size 13. There are a total of 36 bananas in Philip's banana collection.,There are 23 groups.,contradiction,t_div_049,sub-017
4798,There are 2255 blocks in Bridget's block collection. The blocks are organized into 548 groups.,Each group has 2803 blocks.,contradiction,t_div_050,add-063
4799,There are 70000 blocks in Bridget's block collection. The blocks are organized into 7 groups.,Each group has 77000 blocks.,contradiction,t_div_050,false-033
4800,There are 934 cupcakes for 276 children to share.,"If they share the cupcakes equally, each person will get 257784 cupcakes.",contradiction,t_div_054,mul-083
4801,There are 468 cupcakes for 13 children to share.,"If they share the cupcakes equally, each person will get 36 cupcakes.",entailment,t_div_054,div-045
4802,A pile of clean white paper was stacked in the corner of her room. She decided to place these papers in paper envelopes which can contain 49 white papers. She has 2793 clean white papers,She needs 57 paper envelopes.,entailment,t_div_055,div-057
4803,Luke played a trivia game and scored 4 points. He gained the 2 points in each round.,Luke played 2 rounds.,entailment,t_div_061,div-002
4804,Luke played a trivia game and scored 945 points. He gained the 97 points in each round.,Luke played 848 rounds.,contradiction,t_div_061,sub-053
4805,Luke played a trivia game and scored 180 points. He gained the 12 points in each round.,Luke played 168 rounds.,contradiction,t_div_061,sub-037
4806,Mom buys 77148 white t-shirts. White t-shirts can be purchased in packages of 62935.,Mom will have 14213 packages.,contradiction,t_div_063,sub-091
4807,Mom buys 83 white t-shirts. White t-shirts can be purchased in packages of 35.,Mom will have 2905 packages.,contradiction,t_div_063,mul-047
4808,Christian and the junior ranger brought a bag of 6903 nails as they visited every station assigned to the junior ranger. They left exactly 220 nails in every station they visited.,Joline and the junior ranger visited 6683 stations.,contradiction,t_div_066,sub-066
4809,Christian and the junior ranger brought a bag of 8977 nails as they visited every station assigned to the junior ranger. They left exactly 5249 nails in every station they visited.,Joline and the junior ranger visited 3648 stations.,contradiction,t_div_066,false-070
4810,Christian and the junior ranger brought a bag of 9 nails as they visited every station assigned to the junior ranger. They left exactly 3 nails in every station they visited.,Joline and the junior ranger visited 12 stations.,contradiction,t_div_066,add-019
4811,Christian and the junior ranger brought a bag of 13940 nails as they visited every station assigned to the junior ranger. They left exactly 85 nails in every station they visited.,Joline and the junior ranger visited 164 stations.,entailment,t_div_066,div-074
4812,Amy uploaded 164 pics to Facebook. She put the pics into 85 albums with the same number of photos in each album.,Each album has 139400 photos.,contradiction,t_div_068,false-046
4813,Amy uploaded 50760 pics to Facebook. She put the pics into 6 albums with the same number of photos in each album.,Each album has 5070 photos.,contradiction,t_div_068,false-028
4814,Amy uploaded 53 pics to Facebook. She put the pics into 776 albums with the same number of photos in each album.,Each album has 876 photos.,contradiction,t_div_068,false-086
4815,Amy uploaded 333 pics to Facebook. She put the pics into 23 albums with the same number of photos in each album.,Each album has 310 photos.,contradiction,t_div_068,sub-038
4816,Amy uploaded 288 pics to Facebook. She put the pics into 16 albums with the same number of photos in each album.,Each album has 18 photos.,entailment,t_div_068,div-040
4817,Frank had 2270 pieces of candy. He put them equally into 677 bags.,There are 1593 pieces of candy in each bag.,contradiction,t_div_069,sub-058
4818,Frank had 347 pieces of candy. He put them equally into 767 bags.,There are 266149 pieces of candy in each bag.,contradiction,t_div_069,mul-063
4819,Frank had 3906 pieces of candy. He put them equally into 93 bags.,There are 363258 pieces of candy in each bag.,contradiction,t_div_069,mul-092
4820,Frank had 30 pieces of candy. He put them equally into 8 bags.,There are 308 pieces of candy in each bag.,contradiction,t_div_069,false-039
4821,Frank had 1922 pieces of candy. He put them equally into 31 bags.,There are 62 pieces of candy in each bag.,entailment,t_div_069,div-051
4822,4087 pounds of oranges are in 7337 bags,Each bag contains 1124 pounds of oranges,contradiction,t_div_072,false-092
4823,There are 41 people attending a luncheon. A table can hold 27 people.,They need 117 tables.,contradiction,t_div_075,false-041
4824,There are 136 people attending a luncheon. A table can hold 8 people.,They need 17 tables.,entailment,t_div_075,div-035
4825,They also gathered paper to create some star-shaped papier-mache. Each star requires 6 pieces of paper and they had 50760 pieces of paper.,They were able to make 846 stars.,contradiction,t_div_079,false-029
4826,A farmer had 6 seeds to plant. He planted the same number of seeds each day and it took him 8 days to plant them all.,A farmer planted 48 seeds per day.,contradiction,t_div_080,mul-008
4827,A farmer had 6 seeds to plant. He planted the same number of seeds each day and it took him 3 days to plant them all.,A farmer planted 3 seeds per day.,contradiction,t_div_080,sub-001
4828,A farmer had 35 seeds to plant. He planted the same number of seeds each day and it took him 7 days to plant them all.,A farmer planted 35 seeds per day.,contradiction,t_div_080,false-003
4829,A farmer had 6000 seeds to plant. He planted the same number of seeds each day and it took him 32 days to plant them all.,A farmer planted 632000 seeds per day.,contradiction,t_div_080,false-058
4830,A farmer had 73040 seeds to plant. He planted the same number of seeds each day and it took him 37919 days to plant them all.,A farmer planted 35121 seeds per day.,contradiction,t_div_080,sub-089
4831,A farmer had 10679 seeds to plant. He planted the same number of seeds each day and it took him 7945 days to plant them all.,A farmer planted 2734 seeds per day.,contradiction,t_div_080,sub-079
4832,A farmer had 945 seeds to plant. He planted the same number of seeds each day and it took him 97 days to plant them all.,A farmer planted 848 seeds per day.,contradiction,t_div_080,sub-053
4833,A farmer had 62 seeds to plant. He planted the same number of seeds each day and it took him 740 days to plant them all.,A farmer planted 45880 seeds per day.,contradiction,t_div_080,mul-039
4834,There are 7 students in a school. The school has 1 students in each grades and each grade has the same number of students.,There are a total of 6 grades.,contradiction,t_div_084,sub-003
4835,You have 70000 balls and 7 juggler is able to juggle 6 balls at a time,You need 77 jugglers,contradiction,t_div_087,false-032
4836,You have 83 balls and 35 juggler is able to juggle 6 balls at a time,You need 48 jugglers,contradiction,t_div_087,sub-031
4837,You have 8460 balls and 6 juggler is able to juggle 6 balls at a time,You need 50760 jugglers,contradiction,t_div_087,mul-096
4838,You have 7857 balls and 81 juggler is able to juggle 6 balls at a time,You need 987 jugglers,contradiction,t_div_087,false-021
4839,You have 73040 balls and 37919 juggler is able to juggle 6 balls at a time,You need 35121 jugglers,contradiction,t_div_087,sub-089
4840,You have 10000 balls and 4 juggler is able to juggle 6 balls at a time,You need 2500 jugglers,entailment,t_div_087,div-072
4841,Debby bought 180 bottles of water when they were on sale. She drank 12 bottles a day.,They would last her 15 days.,entailment,t_div_088,div-037
4842,Debby bought 62 bottles of water when they were on sale. She drank 2 bottles a day.,They would last her 31 days.,entailment,t_div_088,div-024
4843,Debby bought 123456 bottles of water when they were on sale. She drank 56789 bottles a day.,They would last her 66667 days.,contradiction,t_div_088,sub-098
4844,Debby bought 363 bottles of water when they were on sale. She drank 33 bottles a day.,They would last her 11 days.,entailment,t_div_088,div-043
4845,George had 248 pieces of candy. He split the candy into 743 bags with the same amount of candy in each bag.,Each bag would have 248743 pieces in it.,contradiction,t_div_089,false-052
4846,George had 60000 pieces of candy. He split the candy into 200 bags with the same amount of candy in each bag.,Each bag would have 600 pieces in it.,contradiction,t_div_089,false-030
4847,George had 248 pieces of candy. He split the candy into 119 bags with the same amount of candy in each bag.,Each bag would have 29512 pieces in it.,contradiction,t_div_089,mul-056
4848,Lawrence has 41 marbles. He shares them among 27 friends.,Each friend gets 117 marbles.,contradiction,t_div_090,false-041
4849,Sarah is making bead necklaces. She has 6 beads and is making 1 necklaces with each necklace using the same number of beads.,Each necklace will use 7 beads.,contradiction,t_div_093,add-011
4850,Sarah is making bead necklaces. She has 6 beads and is making 3 necklaces with each necklace using the same number of beads.,Each necklace will use 2 beads.,entailment,t_div_093,div-004
4851,The ring toss game at the carnival made 294 dollars in 3 days. They made the same amount of money each day.,They made 98 dollars per day.,entailment,t_div_094,div-041
4852,The ring toss game at the carnival made 7195 dollars in 713 days. They made the same amount of money each day.,They made 6482 dollars per day.,contradiction,t_div_094,sub-068
4853,The ring toss game at the carnival made 10000 dollars in 4 days. They made the same amount of money each day.,They made 2500 dollars per day.,entailment,t_div_094,div-072
4854,Kaleb has to sell 10132 chocolate bars to get a prize. Each box contains 9917 chocolate bars.,Kaleb needs to sell 215 boxes.,contradiction,t_div_095,sub-078
4855,Kaleb has to sell 5301 chocolate bars to get a prize. Each box contains 57 chocolate bars.,Kaleb needs to sell 933 boxes.,contradiction,t_div_095,false-019
4856,Kaleb has to sell 70000 chocolate bars to get a prize. Each box contains 7 chocolate bars.,Kaleb needs to sell 10000 boxes.,entailment,t_div_095,div-094
4857,Kaleb has to sell 39 chocolate bars to get a prize. Each box contains 71 chocolate bars.,Kaleb needs to sell 2679 boxes.,contradiction,t_div_095,false-042
4858,Frank was reading through his favorite book. The book had 48 pages and it took Frank 8 days to finish the book.,Frank read 4 pages per day.,contradiction,t_div_098,false-004
4859,Frank was reading through his favorite book. The book had 1107 pages and it took Frank 27 days to finish the book.,Frank read 41 pages per day.,entailment,t_div_098,div-049
4860,Frank was reading through his favorite book. The book had 16 pages and it took Frank 8 days to finish the book.,Frank read 24 pages per day.,contradiction,t_div_098,add-023
4861,Frank was reading through his favorite book. The book had 19440 pages and it took Frank 72 days to finish the book.,Frank read 2700 pages per day.,contradiction,t_div_098,false-022
4862,Danny has 468 bottle caps in his collection. He found some more bottle caps at the park. And he found some bottle caps at the bus station. If he has 13 bottle caps now,Danny found 36 bottle caps at the park.,neutral,t_neu_005,div-045
4863,Danny has 39 bottle caps in his collection. He found some more bottle caps at the park. And he found some bottle caps at the bus station. If he has 71 bottle caps now,Danny found 2769 bottle caps at the park.,neutral,t_neu_005,mul-029
4864,Danny has 6000 bottle caps in his collection. He found some more bottle caps at the park. And he found some bottle caps at the bus station. If he has 32 bottle caps now,Danny found 19200 bottle caps at the park.,neutral,t_neu_005,false-059
4865,Danny has 12 bottle caps in his collection. He found some more bottle caps at the park. And he found some bottle caps at the bus station. If he has 3 bottle caps now,Danny found 14 bottle caps at the park.,neutral,t_neu_005,false-001
4866,There are 35 skittles in Steven's skittles collection. Steven also has 7 erasers. If the erasers are organized into groups,Each group has 9 erasers.,neutral,t_neu_007,false-002
4867,There are 60 skittles in Steven's skittles collection. Steven also has 87 erasers. If the erasers are organized into groups,Each group has 5220 erasers.,neutral,t_neu_007,mul-036
4868,There are 357 skittles in Steven's skittles collection. Steven also has 98 erasers. If the erasers are organized into groups,Each group has 259 erasers.,neutral,t_neu_007,sub-039
4869,There are 682 skittles in Steven's skittles collection. Steven also has 591 erasers. If the erasers are organized into groups,Each group has 403062 erasers.,neutral,t_neu_007,mul-078
4870,There are 5 skittles in Steven's skittles collection. Steven also has 5 erasers. If the erasers are organized into groups,Each group has 55 erasers.,neutral,t_neu_007,false-036
4871,There are 30296 skittles in Steven's skittles collection. Steven also has 56 erasers. If the erasers are organized into groups,Each group has 541 erasers.,neutral,t_neu_007,div-078
4872,Ed had more marbles than Doug. Doug lost 70000 of his marbles at the playground. If Ed had 7 marbles,Ed had 10000 more marbles than Doug then.,neutral,t_neu_008,div-094
4873,Ed had more marbles than Doug. Doug lost 413 of his marbles at the playground. If Ed had 261 marbles,Ed had 152 more marbles than Doug then.,neutral,t_neu_008,sub-041
4874,Ed had more marbles than Doug. Doug lost 39 of his marbles at the playground. If Ed had 71 marbles,Ed had 2781 more marbles than Doug then.,neutral,t_neu_008,false-043
4875,Edward bought 47 tickets at the state fair. He spent 7 tickets at the 'dunk a clown' booth and decided to use the rest on rides. Each ride cost several tickets.,Edward could go on 329 rides.,neutral,t_neu_009,mul-032
4876,Edward bought 5425 tickets at the state fair. He spent 7554 tickets at the 'dunk a clown' booth and decided to use the rest on rides. Each ride cost several tickets.,Edward could go on 12979 rides.,neutral,t_neu_009,add-074
4877,Edward bought 36 tickets at the state fair. He spent 13 tickets at the 'dunk a clown' booth and decided to use the rest on rides. Each ride cost several tickets.,Edward could go on 23 rides.,neutral,t_neu_009,sub-017
4878,Edward had some books. He sold 2555 of them and used the money he earned to buy 35 new books.,Edward would have 73 books.,neutral,t_neu_010,div-055
4879,Edward had some books. He sold 413 of them and used the money he earned to buy 261 new books.,Edward would have 152 books.,neutral,t_neu_010,sub-041
4880,Edward had some books. He sold 7659 of them and used the money he earned to buy 23 new books.,Edward would have 333 books.,neutral,t_neu_010,div-065
4881,Edward had some books. He sold 415 of them and used the money he earned to buy 32 new books.,Edward would have 13280 books.,neutral,t_neu_010,mul-066
4882,Edward had some books. He sold 12 of them and used the money he earned to buy 11 new books.,Edward would have 23 books.,neutral,t_neu_010,add-022
4883,Edward had some books. He sold 48 of them and used the money he earned to buy 8 new books.,Edward would have 12 books.,neutral,t_neu_010,false-005
4884,Edward had some books. He sold 26 of them and used the money he earned to buy 77 new books.,Edward would have 301 books.,neutral,t_neu_010,false-085
4885,Edward had some books. He sold 7500 of them and used the money he earned to buy 5000 new books.,Edward would have 7550 books.,neutral,t_neu_010,false-068
4886,Haley's favorite band was holding a concert. Haley bought 5587 tickets for herself and her friends and 1727 extra tickets in case anyone else wanted to go.,Haley spent 3860 dollars.,neutral,t_neu_012,sub-063
4887,Haley's favorite band was holding a concert. Haley bought 50760 tickets for herself and her friends and 6 extra tickets in case anyone else wanted to go.,Haley spent 846 dollars.,neutral,t_neu_012,false-029
4888,Haley's favorite band was holding a concert. Haley bought 57897 tickets for herself and her friends and 63 extra tickets in case anyone else wanted to go.,Haley spent 919 dollars.,neutral,t_neu_012,div-088
4889,Haley's favorite band was holding a concert. Haley bought 2040 tickets for herself and her friends and 2040 extra tickets in case anyone else wanted to go.,Haley spent 4080 dollars.,neutral,t_neu_012,add-061
4890,Haley's favorite band was holding a concert. Haley bought 63648 tickets for herself and her friends and 612 extra tickets in case anyone else wanted to go.,Haley spent 104 dollars.,neutral,t_neu_012,div-091
4891,Jerry is at the library helping put away books. There are 65 book to put away total but a librarian takes 13 of them and leaves Jerry with the rest. He can fit some books on a shelf.,Jerry will need 5 shelves.,neutral,t_neu_016,div-027
4892,Jerry is at the library helping put away books. There are 53 book to put away total but a librarian takes 776 of them and leaves Jerry with the rest. He can fit some books on a shelf.,Jerry will need 928 shelves.,neutral,t_neu_016,false-087
4893,Jerry is at the library helping put away books. There are 5527 book to put away total but a librarian takes 9 of them and leaves Jerry with the rest. He can fit some books on a shelf.,Jerry will need 49743 shelves.,neutral,t_neu_016,mul-094
4894,Jerry is at the library helping put away books. There are 45880 book to put away total but a librarian takes 740 of them and leaves Jerry with the rest. He can fit some books on a shelf.,Jerry will need 62 shelves.,neutral,t_neu_016,div-084
4895,Jessie currently weighs 3906 kilograms. After she started to go jogging everyday she lost more than 93 kilograms.,Jessie weighed 363258 kilograms before starting to jog.,neutral,t_neu_018,mul-092
4896,Luke was selling his old games. He started out with 6447 but sold lots of them. He packed the rest up putting 958 games into each box.,Luke had to use 5489 boxes.,neutral,t_neu_020,sub-064
4897,Luke was selling his old games. He started out with 2255 but sold lots of them. He packed the rest up putting 548 games into each box.,Luke had to use 2803 boxes.,neutral,t_neu_020,add-063
4898,Luke was selling his old games. He started out with 93 but sold lots of them. He packed the rest up putting 57 games into each box.,Luke had to use 36 boxes.,neutral,t_neu_020,sub-032
4899,Luke was selling his old games. He started out with 6868 but sold lots of them. He packed the rest up putting 3082 games into each box.,Luke had to use 3786 boxes.,neutral,t_neu_020,sub-065
4900,Luke was selling his old games. He started out with 7857 but sold lots of them. He packed the rest up putting 81 games into each box.,Luke had to use 97 boxes.,neutral,t_neu_020,div-066
4901,Luke was selling his old games. He started out with 76 but sold lots of them. He packed the rest up putting 6 games into each box.,Luke had to use 456 boxes.,neutral,t_neu_020,mul-044
4902,Paul got a box of 35 crayons for his birthday. By the end of the school year he had either lost or given away nearly 7 of them.,Paul had 35 crayons left by the end of the school year.,neutral,t_neu_024,false-003
4903,Paul got a box of 164 crayons for his birthday. By the end of the school year he had either lost or given away nearly 85 of them.,Paul had 13940 crayons left by the end of the school year.,neutral,t_neu_024,mul-053
4904,Paul got a box of 46729 crayons for his birthday. By the end of the school year he had either lost or given away nearly 83 of them.,Paul had 563 crayons left by the end of the school year.,neutral,t_neu_024,div-085
4905,Paul got a box of 7 crayons for his birthday. By the end of the school year he had either lost or given away nearly 6 of them.,Paul had 13 crayons left by the end of the school year.,neutral,t_neu_024,add-016
4906,"The grasshopper, the frog and the mouse had a jumping contest. The grasshopper jumped 3777 inches farther than the frog and the mouse jumped 75 inches lesser than the frog.",The frog jumped 28275 inches.,neutral,t_neu_028,false-056
4907,An industrial machine made some shirts yesterday and 335 shirts today. It can make 537 shirts a minute.,The machine worked for 17895 minutes yesterday.,neutral,t_neu_029,false-048
4908,An industrial machine made some shirts yesterday and 164 shirts today. It can make 85 shirts a minute.,The machine worked for 139400 minutes yesterday.,neutral,t_neu_029,false-046
4909,An industrial machine made some shirts yesterday and 8460 shirts today. It can make 6 shirts a minute.,The machine worked for 50760 minutes yesterday.,neutral,t_neu_029,mul-096
4910,An industrial machine made some shirts yesterday and 62 shirts today. It can make 2 shirts a minute.,The machine worked for 31 minutes yesterday.,neutral,t_neu_029,div-024
4911,An industrial machine made some shirts yesterday and 8 shirts today. It can make 9 shirts a minute.,The machine worked for 72 minutes yesterday.,neutral,t_neu_029,mul-013
4912,Mary is baking a cake. The recipe calls for 2255 cups of sugar and some more cups of flour. She already put in 548 cups of flour. If she still needs to add more cups of flour,The recipe required 1707 cups of flour.,neutral,t_neu_031,sub-057
4913,Mary is baking a cake. The recipe calls for 80 cups of sugar and some more cups of flour. She already put in 47 cups of flour. If she still needs to add more cups of flour,The recipe required 3760 cups of flour.,neutral,t_neu_031,mul-046
4914,Mary is baking a cake. The recipe calls for 7654 cups of sugar and some more cups of flour. She already put in 6967 cups of flour. If she still needs to add more cups of flour,The recipe required 687 cups of flour.,neutral,t_neu_031,sub-070
4915,70000 birds were sitting on the fence. 7 more birds and some storks came to join them.,There is 77 more stork than birds sitting on the fence.,neutral,t_neu_034,false-032
4916,In fourth grade there were 1 students at the start of the year. During the year 7 students left and several new students came to school.,There were 8 students in fourth grade at the end.,neutral,t_neu_035,add-001
4917,Victor was working as a sacker at a grocery store. On Monday he worked 18 hours and on Tuesday he worked 16 hours.,Victor made 288 dollars in those two days.,neutral,t_neu_038,mul-022
4918,Victor was working as a sacker at a grocery store. On Monday he worked 91665 hours and on Tuesday he worked 97 hours.,Victor made 945 dollars in those two days.,neutral,t_neu_038,div-099
4919,Victor was working as a sacker at a grocery store. On Monday he worked 5220 hours and on Tuesday he worked 87 hours.,Victor made 60 dollars in those two days.,neutral,t_neu_038,div-060
4920,Victor was working as a sacker at a grocery store. On Monday he worked 270 hours and on Tuesday he worked 72 hours.,Victor made 19440 dollars in those two days.,neutral,t_neu_038,mul-058
4921,Victor was working as a sacker at a grocery store. On Monday he worked 8 hours and on Tuesday he worked 1 hours.,Victor made 7 dollars in those two days.,neutral,t_neu_038,sub-006
4922,Victor was working as a sacker at a grocery store. On Monday he worked 90000 hours and on Tuesday he worked 95397 hours.,Victor made 185397 dollars in those two days.,neutral,t_neu_038,add-099
4923,Haley grew 65 trees in her backyard. After a typhoon more than 13 trees were left.,5 trees died in the typhoon.,neutral,t_neu_041,div-027
4924,Haley grew 4 trees in her backyard. After a typhoon more than 3 trees were left.,1 trees died in the typhoon.,neutral,t_neu_041,sub-000
4925,Haley grew 3777 trees in her backyard. After a typhoon more than 75 trees were left.,283275 trees died in the typhoon.,neutral,t_neu_041,mul-091
4926,Haley grew 682 trees in her backyard. After a typhoon more than 591 trees were left.,403062 trees died in the typhoon.,neutral,t_neu_041,mul-078
4927,Haley grew 7857 trees in her backyard. After a typhoon more than 81 trees were left.,987 trees died in the typhoon.,neutral,t_neu_041,false-021
4928,The school is planning a field trip. The school has several classrooms. There are 9 students in the school with each classroom having the same number of students. If there are 2 seats on each school bus.,5 buses are needed to take the trip.,neutral,t_neu_043,false-060
4929,The school is planning a field trip. The school has several classrooms. There are 248 students in the school with each classroom having the same number of students. If there are 743 seats on each school bus.,126484 buses are needed to take the trip.,neutral,t_neu_043,false-053
4930,The school is planning a field trip. The school has several classrooms. There are 14 students in the school with each classroom having the same number of students. If there are 41 seats on each school bus.,44 buses are needed to take the trip.,neutral,t_neu_043,false-083
4931,The school is planning a field trip. The school has several classrooms. There are 8 students in the school with each classroom having the same number of students. If there are 1 seats on each school bus.,7 buses are needed to take the trip.,neutral,t_neu_043,sub-006
4932,The school is planning a field trip. The school has several classrooms. There are 60000 students in the school with each classroom having the same number of students. If there are 200 seats on each school bus.,200 buses are needed to take the trip.,neutral,t_neu_043,false-031
4933,The school is planning a field trip. The school has several classrooms. There are 70000 students in the school with each classroom having the same number of students. If there are 7 seats on each school bus.,77000 buses are needed to take the trip.,neutral,t_neu_043,false-033
4934,"A trivia team had 2400 members total, but during a game some members didn't show up. Each member that did show up scored 1600 points.",A total of 400 points were scored.,neutral,t_neu_044,false-065
4935,"A trivia team had 19440 members total, but during a game some members didn't show up. Each member that did show up scored 72 points.",A total of 19772 points were scored.,neutral,t_neu_044,false-023
4936,"A trivia team had 14 members total, but during a game some members didn't show up. Each member that did show up scored 41 points.",A total of 11 points were scored.,neutral,t_neu_044,false-082
4937,Adam could fit 3777 action figures and 75 cabinets on each shelf in his room. His room has several shelves.,His shelves could hold a total of 283720 items.,neutral,t_neu_051,false-057
4938,Adam could fit 49790 action figures and 21709 cabinets on each shelf in his room. His room has several shelves.,His shelves could hold a total of 71499 items.,neutral,t_neu_051,add-090
4939,Adam could fit 6447 action figures and 958 cabinets on each shelf in his room. His room has several shelves.,His shelves could hold a total of 5489 items.,neutral,t_neu_051,sub-064
4940,"Katie baked 36934 cupcakes for her school's bake sale. Her brother, Todd, ate some of them. She put 59 cupcake in each package?.",Katie could make 626 packages.,neutral,t_neu_053,div-080
4941,Marco and his dad went strawberry picking. Together their strawberries weighed 35304 pounds. His dad's strawberries weighed less than 17386 pounds.,Marco's strawberries weighed 18148 pounds.,neutral,t_neu_054,false-074
4942,Marco and his dad went strawberry picking. Together their strawberries weighed 12 pounds. His dad's strawberries weighed less than 11 pounds.,Marco's strawberries weighed 132 pounds.,neutral,t_neu_054,mul-019
4943,Marco and his dad went strawberry picking. Together their strawberries weighed 22 pounds. His dad's strawberries weighed less than 56 pounds.,Marco's strawberries weighed 78 pounds.,neutral,t_neu_054,add-028
4944,Marco and his dad went strawberry picking. Together their strawberries weighed 41128 pounds. His dad's strawberries weighed less than 776 pounds.,Marco's strawberries weighed 53 pounds.,neutral,t_neu_054,div-082
4945,Marco and his dad went strawberry picking. Together their strawberries weighed 14 pounds. His dad's strawberries weighed less than 41 pounds.,Marco's strawberries weighed 44 pounds.,neutral,t_neu_054,false-083
4946,Marco and his dad went strawberry picking. Together their strawberries weighed 766 pounds. His dad's strawberries weighed less than 86 pounds.,Marco's strawberries weighed 680 pounds.,neutral,t_neu_054,sub-048
4947,For Halloween Sarah received 3906 pieces of candy. She ate 93 pieces then placed the rest into piles with equal number of candies in each pile.,Sarah could make 363258 piles.,neutral,t_neu_056,mul-092
4948,For Halloween Sarah received 63 pieces of candy. She ate 9 pieces then placed the rest into piles with equal number of candies in each pile.,Sarah could make 567 piles.,neutral,t_neu_056,mul-040
4949,For Halloween Sarah received 248 pieces of candy. She ate 743 pieces then placed the rest into piles with equal number of candies in each pile.,Sarah could make 248743 piles.,neutral,t_neu_056,false-052
4950,For Halloween Sarah received 14 pieces of candy. She ate 41 pieces then placed the rest into piles with equal number of candies in each pile.,Sarah could make 11 piles.,neutral,t_neu_056,false-082
4951,For Halloween Sarah received 26 pieces of candy. She ate 77 pieces then placed the rest into piles with equal number of candies in each pile.,Sarah could make 301 piles.,neutral,t_neu_056,false-085
4952,A magician was selling magic card decks. He started with 73276 decks and by the end of the day he had 73276 left.,The magician earned 1 dollars.,neutral,t_neu_058,div-095
4953,A magician was selling magic card decks. He started with 16864 decks and by the end of the day he had 1570 left.,The magician earned 15294 dollars.,neutral,t_neu_058,sub-080
4954,A pet store had lots of puppies. In one day they sold 81 of them and put the rest into cages with 9 in each cage.,The pet store used 729 cages.,neutral,t_neu_060,mul-050
4955,A pet store had lots of puppies. In one day they sold 180 of them and put the rest into cages with 12 in each cage.,The pet store used 168 cages.,neutral,t_neu_060,sub-037
4956,A store had coloring books in stock. They ended up putting them on sale and getting rid of 5587 of them. The put the ones they still had onto shelves with 1727 on each shelf.,The store used 386 shelves.,neutral,t_neu_061,false-067
4957,A store had coloring books in stock. They ended up putting them on sale and getting rid of 64237 of them. The put the ones they still had onto shelves with 73360 on each shelf.,The store used 137597 shelves.,neutral,t_neu_061,add-093
4958,A store had coloring books in stock. They ended up putting them on sale and getting rid of 7654 of them. The put the ones they still had onto shelves with 6967 on each shelf.,The store used 687 shelves.,neutral,t_neu_061,sub-070
4959,A store had coloring books in stock. They ended up putting them on sale and getting rid of 6868 of them. The put the ones they still had onto shelves with 3082 on each shelf.,The store used 3786 shelves.,neutral,t_neu_061,sub-065
4960,A store had 1250 coloring books in stock. They ended up putting them on sale and getting rid of several of them. The put the ones they still had onto shelves with 25 on each shelf.,The store used 1000 shelves.,neutral,t_neu_062,false-016
4961,A store had 7 coloring books in stock. They ended up putting them on sale and getting rid of several of them. The put the ones they still had onto shelves with 6 on each shelf.,The store used 42 shelves.,neutral,t_neu_062,mul-011
4962,Rachel picked 790 apples from her tree. Thereafter 210 new apples grew on the tree.,The tree initially had 165900 apples.,neutral,t_neu_065,mul-080
4963,A store had dozens of oranges in a bin. They threw away 5 of the old ones and put 5 new ones in the bin.,There would be 505 of oranges in the bin.,neutral,t_neu_068,false-037
4964,"A company invited 2793 people to a luncheon, but 49 of them didn't show up. The tables they had held several people each.",They need 57 tables.,neutral,t_neu_069,div-057
4965,They decided to hold the party in their backyard. They have 747 sets of tables and each set has 47 chairs. If several people will attend the party,They will have to buy 77777 more chairs.,neutral,t_neu_070,false-054
4966,They decided to hold the party in their backyard. They have 9086 sets of tables and each set has 22 chairs. If several people will attend the party,They will have to buy 413 more chairs.,neutral,t_neu_070,div-070
4967,They decided to hold the party in their backyard. They have 6000 sets of tables and each set has 32 chairs. If several people will attend the party,They will have to buy 19200 more chairs.,neutral,t_neu_070,false-059
4968,They decided to hold the party in their backyard. They have 164 sets of tables and each set has 85 chairs. If several people will attend the party,They will have to buy 13940 more chairs.,neutral,t_neu_070,mul-053
4969,Victor was working as a sacker at a grocery store. On Monday he worked 347 hours and on Tuesday he worked 767 hours.,Victor made 266149 dollars in those two days.,neutral,t_neu_072,mul-063
4970,Victor was working as a sacker at a grocery store. On Monday he worked 25 hours and on Tuesday he worked 5 hours.,Victor made 20 dollars in those two days.,neutral,t_neu_072,sub-016
4971,Jack received 41 emails in the morning and 27 emails in the afternoon.,Jack received 1177 more emails in the afternoon than in the evening.,neutral,t_neu_076,false-040
4972,Jack received 85 emails in the morning and 13 emails in the afternoon.,Jack received 1105 more emails in the afternoon than in the evening.,neutral,t_neu_076,mul-048
4973,Jack received 2 emails in the morning and 8 emails in the afternoon.,Jack received 12 more emails in the afternoon than in the evening.,neutral,t_neu_076,false-081
4974,Matthew had 2 crackers and 2 cakes. Matthew gave equal numbers of crackers and cakes to his friends,Each person ate 4 crackers and cakes.,neutral,t_neu_080,mul-000
4975,Matthew had 75000 crackers and 25000 cakes. Matthew gave equal numbers of crackers and cakes to his friends,Each person ate 3 crackers and cakes.,neutral,t_neu_080,div-096
4976,"John had 9 pieces of clothing to wash. He put some of them in one load, but decided to split the rest into 2 equal loads.",Each of the small loads could go 5 pieces of clothing.,neutral,t_neu_082,false-060
4977,"The cave is 47 feet deep, and they are already at 7 feet. They are traveling at a certain fast speed",They have 329 units farther until they reach the end of the cave.,neutral,t_neu_086,mul-032
4978,"The cave is 5301 feet deep, and they are already at 57 feet. They are traveling at a certain fast speed",They have 93 units farther until they reach the end of the cave.,neutral,t_neu_086,div-061
4979,"The cave is 10080 feet deep, and they are already at 24 feet. They are traveling at a certain fast speed",They have 420 units farther until they reach the end of the cave.,neutral,t_neu_086,div-073
4980,"The cave is 347 feet deep, and they are already at 767 feet. They are traveling at a certain fast speed",They have 266149 units farther until they reach the end of the cave.,neutral,t_neu_086,mul-063
4981,"The cave is 76 feet deep, and they are already at 6 feet. They are traveling at a certain fast speed",They have 70 units farther until they reach the end of the cave.,neutral,t_neu_086,sub-027
4982,There were some girls and 790 boys trying out for the schools basketball team. Only 210 of them got called back.,165900 girl students didn't make the cut.,neutral,t_neu_087,mul-080
4983,Edward made 44100 dollars mowing lawns over the summer. He spent 90 dollars buying new mower blades.,He could buy 90 games with the money he had left.,neutral,t_neu_089,false-026
4984,Edward made 73276 dollars mowing lawns over the summer. He spent 73276 dollars buying new mower blades.,He could buy 1 games with the money he had left.,neutral,t_neu_089,div-095
4985,Edward made 1250 dollars mowing lawns over the summer. He spent 25 dollars buying new mower blades.,He could buy 50 games with the money he had left.,neutral,t_neu_089,div-050
4986,Mary is baking a cake. The recipe calls for 132 cups of flour and 11 cups of sugar. She already put in some cups of flour,She put in 12 cups of flour.,neutral,t_neu_091,div-033
4987,Mary is baking a cake. The recipe calls for 4 cups of flour and 3 cups of sugar. She already put in some cups of flour,She put in 12 cups of flour.,neutral,t_neu_091,mul-004
4988,Mary is baking a cake. The recipe calls for 415 cups of flour and 32 cups of sugar. She already put in some cups of flour,She put in 383 cups of flour.,neutral,t_neu_091,sub-040
4989,Mary is baking a cake. The recipe calls for 7020 cups of flour and 260 cups of sugar. She already put in some cups of flour,She put in 6760 cups of flour.,neutral,t_neu_091,sub-067
4990,After resting they decided to go for a swim. The depth of the water is 291 times Dean's height. Dean is 74 feet taller than Ron.,The water was 21534 units deep.,neutral,t_neu_092,mul-059
4991,After resting they decided to go for a swim. The depth of the water is 1057 times Dean's height. Dean is 181 feet taller than Ron.,The water was 876 units deep.,neutral,t_neu_092,sub-055
4992,After resting they decided to go for a swim. The depth of the water is 50 times Dean's height. Dean is 25 feet taller than Ron.,The water was 2 units deep.,neutral,t_neu_092,div-020
4993,John was selling his old games. He started out with 35 but sold many of them. He packed the rest up putting 5 games into each box.,He had to use 7 boxes.,neutral,t_neu_094,div-015
4994,John was selling his old games. He started out with 5527 but sold many of them. He packed the rest up putting 9 games into each box.,He had to use 49743 boxes.,neutral,t_neu_094,mul-094
4995,John had 10 video games but 3 of them weren't working. He wanted to sell the working games for some money each.,He could earn 30 dollars.,neutral,t_neu_097,mul-015
4996,John had 1057 video games but 181 of them weren't working. He wanted to sell the working games for some money each.,He could earn 876 dollars.,neutral,t_neu_097,sub-055
4997,John had 87500 video games but 250 of them weren't working. He wanted to sell the working games for some money each.,He could earn 250 dollars.,neutral,t_neu_097,false-034
4998,John had 46942 video games but 54572 of them weren't working. He wanted to sell the working games for some money each.,He could earn 46942 dollars.,neutral,t_neu_097,false-096
4999,John had 560 video games but 632 of them weren't working. He wanted to sell the working games for some money each.,He could earn 1882 dollars.,neutral,t_neu_097,false-088
